[10May2026 17:32:12.594] [main/INFO] [cpw.mods.modlauncher.Launcher/MODLAUNCHER]: ModLauncher running: args [--launchTarget, forgeserver, --fml.neoForgeVersion, 21.1.228, --fml.fmlVersion, 4.0.42, --fml.mcVersion, 1.21.1, --fml.neoFormVersion, 20240808.144430, nogui]
[10May2026 17:32:12.597] [main/INFO] [cpw.mods.modlauncher.Launcher/MODLAUNCHER]: JVM identified as Ubuntu OpenJDK 64-Bit Server VM 21.0.10+7-Ubuntu-124.04
[10May2026 17:32:12.599] [main/INFO] [cpw.mods.modlauncher.Launcher/MODLAUNCHER]: ModLauncher 11.0.5+main.901c6ea8 starting: java version 21.0.10 by Ubuntu; OS Linux arch amd64 version 6.8.0-1044-azure
[10May2026 17:32:12.792] [main/WARN] [net.neoforged.fml.loading.FMLConfig/]: ****************************** Found dependency overrides ******************************
[10May2026 17:32:12.793] [main/WARN] [net.neoforged.fml.loading.FMLConfig/]: Dependency overrides for mod 'citresewn': softening dependency constraints against 'connector'
[10May2026 17:32:12.793] [main/WARN] [net.neoforged.fml.loading.FMLConfig/]: ****************************************************************************************
[10May2026 17:32:24.100] [main/INFO] [net.neoforged.fml.loading.ImmediateWindowHandler/]: ImmediateWindowProvider not loading because launch target is forgeserver
[10May2026 17:32:24.115] [main/WARN] [CrashAssistantJarInJarHelper/]: launchTarget: forgeserver. Crash Assistant is client only mod. Mod will do nothing!
[10May2026 17:32:24.164] [main/INFO] [Missing Mods Checker/]: All mods found!
[10May2026 17:32:24.337] [main/INFO] [mixin/]: SpongePowered MIXIN Subsystem Version=0.8.7 Source=union:/workspaces/regret/servidor_minecraft/libraries/net/fabricmc/sponge-mixin/0.15.2+mixin.0.8.7/sponge-mixin-0.15.2+mixin.0.8.7.jar%2373!/ Service=ModLauncher Env=SERVER
[10May2026 17:32:24.352] [main/WARN] [net.neoforged.fml.loading.FMLConfig/]: ****************************** Found dependency overrides ******************************
[10May2026 17:32:24.352] [main/WARN] [net.neoforged.fml.loading.FMLConfig/]: Dependency overrides for mod 'citresewn': softening dependency constraints against 'connector'
[10May2026 17:32:24.352] [main/WARN] [net.neoforged.fml.loading.FMLConfig/]: ****************************************************************************************
[10May2026 17:32:24.893] [main/INFO] [net.neoforged.fml.loading.moddiscovery.ModDiscoverer/SCAN]: Found mod file "server-1.21.1-20240808.144430-srg.jar" [locator: production server provider +net.neoforged:neoforge:21.1.228:server]
[10May2026 17:32:24.957] [main/INFO] [net.neoforged.fml.loading.moddiscovery.ModDiscoverer/SCAN]: Found mod file "neoforge-21.1.228-universal.jar" [locator: PathBasedLocator[name=neoforge, paths=[libraries/net/neoforged/neoforge/21.1.228/neoforge-21.1.228-universal.jar]], reader: mod manifest]
[10May2026 17:32:24.961] [main/INFO] [net.neoforged.fml.loading.moddiscovery.ModDiscoverer/SCAN]: Found library file "~nonexistent" [locator: org.sinytra.connector.locator.ConnectorEarlyLocatorBootstrap@6815c5f2]
[10May2026 17:32:24.974] [main/INFO] [net.neoforged.fml.loading.moddiscovery.ModDiscoverer/SCAN]: Found mod file "[1.21.1-Neoforge] Hybrid Aquatic 1.5.5.jar" [locator: {mods folder locator at /workspaces/regret/servidor_minecraft/mods}, reader: mod manifest]
[10May2026 17:32:24.977] [main/INFO] [net.neoforged.fml.loading.moddiscovery.ModDiscoverer/SCAN]: Found mod file "abridged-2.0.1-neoforge-1.21.1.jar" [locator: {mods folder locator at /workspaces/regret/servidor_minecraft/mods}, reader: mod manifest]
[10May2026 17:32:24.981] [main/INFO] [net.neoforged.fml.loading.moddiscovery.ModDiscoverer/SCAN]: Found mod file "accessories-neoforge-1.1.0-beta.53+1.21.1.jar" [locator: {mods folder locator at /workspaces/regret/servidor_minecraft/mods}, reader: mod manifest]
[10May2026 17:32:24.986] [main/INFO] [net.neoforged.fml.loading.moddiscovery.ModDiscoverer/SCAN]: Found mod file "accessories_compat_layer-neoforge-0.1.12+1.21.1.jar" [locator: {mods folder locator at /workspaces/regret/servidor_minecraft/mods}, reader: mod manifest]
[10May2026 17:32:24.991] [main/INFO] [net.neoforged.fml.loading.moddiscovery.ModDiscoverer/SCAN]: Found mod file "accessorify-2.4.0-beta.5+1.21.1-neoforge.jar" [locator: {mods folder locator at /workspaces/regret/servidor_minecraft/mods}, reader: mod manifest]
[10May2026 17:32:24.994] [main/INFO] [net.neoforged.fml.loading.moddiscovery.ModDiscoverer/SCAN]: Found mod file "adorabuild-structures-2.11.0-neoforge-1.21.3.jar" [locator: {mods folder locator at /workspaces/regret/servidor_minecraft/mods}, reader: mod manifest]
[10May2026 17:32:24.999] [main/INFO] [net.neoforged.fml.loading.moddiscovery.ModDiscoverer/SCAN]: Found mod file "AdvancedLootInfo-neoforge-1.21.1-1.10.0.jar" [locator: {mods folder locator at /workspaces/regret/servidor_minecraft/mods}, reader: mod manifest]
[10May2026 17:32:25.002] [main/INFO] [net.neoforged.fml.loading.moddiscovery.ModDiscoverer/SCAN]: Found mod file "advancednetherite-neoforge-2.3.1-1.21.1.jar" [locator: {mods folder locator at /workspaces/regret/servidor_minecraft/mods}, reader: mod manifest]
[10May2026 17:32:25.005] [main/INFO] [net.neoforged.fml.loading.moddiscovery.ModDiscoverer/SCAN]: Found mod file "adventuredungeons-neoforge-1.21-1.3.1.jar" [locator: {mods folder locator at /workspaces/regret/servidor_minecraft/mods}, reader: mod manifest]
[10May2026 17:32:25.008] [main/INFO] [net.neoforged.fml.loading.moddiscovery.ModDiscoverer/SCAN]: Found mod file "aeroblender-1.21.1-1.0.0-neoforge.jar" [locator: {mods folder locator at /workspaces/regret/servidor_minecraft/mods}, reader: mod manifest]
[10May2026 17:32:25.043] [main/INFO] [net.neoforged.fml.loading.moddiscovery.ModDiscoverer/SCAN]: Found mod file "aether-1.21.1-1.5.10-neoforge.jar" [locator: {mods folder locator at /workspaces/regret/servidor_minecraft/mods}, reader: mod manifest]
[10May2026 17:32:25.045] [main/INFO] [net.neoforged.fml.loading.moddiscovery.ModDiscoverer/SCAN]: Found mod file "aether_enhanced_extinguishing-1.21.1-1.0.0-neoforge.jar" [locator: {mods folder locator at /workspaces/regret/servidor_minecraft/mods}, reader: mod manifest]
[10May2026 17:32:25.048] [main/INFO] [net.neoforged.fml.loading.moddiscovery.ModDiscoverer/SCAN]: Found mod file "aether_protect_your_moa-1.21.1-1.0.0-neoforge.jar" [locator: {mods folder locator at /workspaces/regret/servidor_minecraft/mods}, reader: mod manifest]
[10May2026 17:32:25.050] [main/INFO] [net.neoforged.fml.loading.moddiscovery.ModDiscoverer/SCAN]: Found mod file "aether_treasure_reforging-1.21.1-1.0.1-neoforge.jar" [locator: {mods folder locator at /workspaces/regret/servidor_minecraft/mods}, reader: mod manifest]
[10May2026 17:32:25.052] [main/INFO] [net.neoforged.fml.loading.moddiscovery.ModDiscoverer/SCAN]: Found mod file "AetherVillages-1.21.1-1.0.8-neoforge.jar" [locator: {mods folder locator at /workspaces/regret/servidor_minecraft/mods}, reader: mod manifest]
[10May2026 17:32:25.085] [main/INFO] [net.neoforged.fml.loading.moddiscovery.ModDiscoverer/SCAN]: Found mod file "alexsmobs-1.22.17.jar" [locator: {mods folder locator at /workspaces/regret/servidor_minecraft/mods}, reader: mod manifest]
[10May2026 17:32:25.090] [main/INFO] [net.neoforged.fml.loading.moddiscovery.ModDiscoverer/SCAN]: Found mod file "alltheleaks-1.1.8+1.21.1-neoforge.jar" [locator: {mods folder locator at /workspaces/regret/servidor_minecraft/mods}, reader: mod manifest]
[10May2026 17:32:25.092] [main/INFO] [net.neoforged.fml.loading.moddiscovery.ModDiscoverer/SCAN]: Found mod file "Almanac-1.21.1-2-neoforge-1.5.2.jar" [locator: {mods folder locator at /workspaces/regret/servidor_minecraft/mods}, reader: mod manifest]
[10May2026 17:32:25.095] [main/INFO] [net.neoforged.fml.loading.moddiscovery.ModDiscoverer/SCAN]: Found mod file "alternate_current-mc1.21-1.9.0.jar" [locator: {mods folder locator at /workspaces/regret/servidor_minecraft/mods}, reader: mod manifest]
[10May2026 17:32:25.097] [main/INFO] [net.neoforged.fml.loading.moddiscovery.ModDiscoverer/SCAN]: Found mod file "amendments-1.21-2.0.15-neoforge.jar" [locator: {mods folder locator at /workspaces/regret/servidor_minecraft/mods}, reader: mod manifest]
[10May2026 17:32:25.100] [main/INFO] [net.neoforged.fml.loading.moddiscovery.ModDiscoverer/SCAN]: Found mod file "another_furniture-neoforge-4.0.2.jar" [locator: {mods folder locator at /workspaces/regret/servidor_minecraft/mods}, reader: mod manifest]
[10May2026 17:32:25.103] [main/INFO] [net.neoforged.fml.loading.moddiscovery.ModDiscoverer/SCAN]: Found mod file "architectury-13.0.8-neoforge.jar" [locator: {mods folder locator at /workspaces/regret/servidor_minecraft/mods}, reader: mod manifest]
[10May2026 17:32:25.105] [main/INFO] [net.neoforged.fml.loading.moddiscovery.ModDiscoverer/SCAN]: Found mod file "athena-neoforge-1.21-4.0.2.jar" [locator: {mods folder locator at /workspaces/regret/servidor_minecraft/mods}, reader: mod manifest]
[10May2026 17:32:25.107] [main/INFO] [net.neoforged.fml.loading.moddiscovery.ModDiscoverer/SCAN]: Found mod file "AureljPaintings-1.0.5-1.21.x-neoforge.jar" [locator: {mods folder locator at /workspaces/regret/servidor_minecraft/mods}, reader: mod manifest]
[10May2026 17:32:25.111] [main/INFO] [net.neoforged.fml.loading.moddiscovery.ModDiscoverer/SCAN]: Found mod file "AutochefsDelight-1.21.1-NeoForge-2.0.2.jar" [locator: {mods folder locator at /workspaces/regret/servidor_minecraft/mods}, reader: mod manifest]
[10May2026 17:32:25.113] [main/INFO] [net.neoforged.fml.loading.moddiscovery.ModDiscoverer/SCAN]: Found mod file "azurelib-neo-1.21.1-3.1.8.jar" [locator: {mods folder locator at /workspaces/regret/servidor_minecraft/mods}, reader: mod manifest]
[10May2026 17:32:25.115] [main/INFO] [net.neoforged.fml.loading.moddiscovery.ModDiscoverer/SCAN]: Found mod file "backpacked-neoforge-1.21.1-3.0.0-beta.10.jar" [locator: {mods folder locator at /workspaces/regret/servidor_minecraft/mods}, reader: mod manifest]
[10May2026 17:32:25.120] [main/INFO] [net.neoforged.fml.loading.moddiscovery.ModDiscoverer/SCAN]: Found mod file "balm-neoforge-1.21.1-21.0.56.jar" [locator: {mods folder locator at /workspaces/regret/servidor_minecraft/mods}, reader: mod manifest]
[10May2026 17:32:25.122] [main/INFO] [net.neoforged.fml.loading.moddiscovery.ModDiscoverer/SCAN]: Found mod file "BarteringStation-v21.1.0-1.21.1-NeoForge.jar" [locator: {mods folder locator at /workspaces/regret/servidor_minecraft/mods}, reader: mod manifest]
[10May2026 17:32:25.125] [main/INFO] [net.neoforged.fml.loading.moddiscovery.ModDiscoverer/SCAN]: Found mod file "bedrockoid-0.1.5.jar" [locator: {mods folder locator at /workspaces/regret/servidor_minecraft/mods}, reader: mod manifest]
[10May2026 17:32:25.127] [main/INFO] [net.neoforged.fml.loading.moddiscovery.ModDiscoverer/SCAN]: Found mod file "better-compatability-checker-neoforge-21.1.8.jar" [locator: {mods folder locator at /workspaces/regret/servidor_minecraft/mods}, reader: mod manifest]
[10May2026 17:32:25.130] [main/INFO] [net.neoforged.fml.loading.moddiscovery.ModDiscoverer/SCAN]: Found mod file "betterworldloadingnf21-1.0.jar" [locator: {mods folder locator at /workspaces/regret/servidor_minecraft/mods}, reader: mod manifest]
[10May2026 17:32:25.132] [main/INFO] [net.neoforged.fml.loading.moddiscovery.ModDiscoverer/SCAN]: Found mod file "BHMenu-NeoForge-1.21-2.4.4.jar" [locator: {mods folder locator at /workspaces/regret/servidor_minecraft/mods}, reader: mod manifest]
[10May2026 17:32:25.136] [main/INFO] [net.neoforged.fml.loading.moddiscovery.ModDiscoverer/SCAN]: Found mod file "biomemusic-1.21-3.5.jar" [locator: {mods folder locator at /workspaces/regret/servidor_minecraft/mods}, reader: mod manifest]
[10May2026 17:32:25.140] [main/INFO] [net.neoforged.fml.loading.moddiscovery.ModDiscoverer/SCAN]: Found mod file "blended-compat-1.1.2.jar" [locator: {mods folder locator at /workspaces/regret/servidor_minecraft/mods}, reader: mod manifest]
[10May2026 17:32:25.142] [main/INFO] [net.neoforged.fml.loading.moddiscovery.ModDiscoverer/SCAN]: Found mod file "bmcpalegardenpatcher-0.3.0.jar" [locator: {mods folder locator at /workspaces/regret/servidor_minecraft/mods}, reader: mod manifest]
[10May2026 17:32:25.148] [main/INFO] [net.neoforged.fml.loading.moddiscovery.ModDiscoverer/SCAN]: Found mod file "boatiview-neoforge-0.0.6-1.21.1.jar" [locator: {mods folder locator at /workspaces/regret/servidor_minecraft/mods}, reader: mod manifest]
[10May2026 17:32:25.151] [main/INFO] [net.neoforged.fml.loading.moddiscovery.ModDiscoverer/SCAN]: Found mod file "bookshelf-neoforge-1.21.1-21.1.81.jar" [locator: {mods folder locator at /workspaces/regret/servidor_minecraft/mods}, reader: mod manifest]
[10May2026 17:32:25.157] [main/INFO] [net.neoforged.fml.loading.moddiscovery.ModDiscoverer/SCAN]: Found mod file "c2me-neoforge-mc1.21.1-0.3.0+alpha.0.91.jar" [locator: {mods folder locator at /workspaces/regret/servidor_minecraft/mods}, reader: mod manifest]
[10May2026 17:32:25.164] [main/INFO] [net.neoforged.fml.loading.moddiscovery.ModDiscoverer/SCAN]: Found mod file "caelus-neoforge-7.0.1+1.21.1.jar" [locator: {mods folder locator at /workspaces/regret/servidor_minecraft/mods}, reader: mod manifest]
[10May2026 17:32:25.166] [main/INFO] [net.neoforged.fml.loading.moddiscovery.ModDiscoverer/SCAN]: Found mod file "carryon-neoforge-1.21.1-2.2.4.4.jar" [locator: {mods folder locator at /workspaces/regret/servidor_minecraft/mods}, reader: mod manifest]
[10May2026 17:32:25.168] [main/INFO] [net.neoforged.fml.loading.moddiscovery.ModDiscoverer/SCAN]: Found mod file "cataclysmfortresses-1.21.1-NeoForge.jar" [locator: {mods folder locator at /workspaces/regret/servidor_minecraft/mods}, reader: mod manifest]
[10May2026 17:32:25.170] [main/INFO] [net.neoforged.fml.loading.moddiscovery.ModDiscoverer/SCAN]: Found mod file "cerulean-neoforge-1.0.0-1.21.1.jar" [locator: {mods folder locator at /workspaces/regret/servidor_minecraft/mods}, reader: mod manifest]
[10May2026 17:32:25.187] [main/INFO] [net.neoforged.fml.loading.moddiscovery.ModDiscoverer/SCAN]: Found mod file "chipped-neoforge-1.21.1-4.0.2.jar" [locator: {mods folder locator at /workspaces/regret/servidor_minecraft/mods}, reader: mod manifest]
[10May2026 17:32:25.189] [main/INFO] [net.neoforged.fml.loading.moddiscovery.ModDiscoverer/SCAN]: Found mod file "chunkactivitytracker-neoforge-1.0.1-1.21.1.jar" [locator: {mods folder locator at /workspaces/regret/servidor_minecraft/mods}, reader: mod manifest]
[10May2026 17:32:25.190] [main/INFO] [net.neoforged.fml.loading.moddiscovery.ModDiscoverer/SCAN]: Found mod file "chunksending-1.21-2.9.jar" [locator: {mods folder locator at /workspaces/regret/servidor_minecraft/mods}, reader: mod manifest]
[10May2026 17:32:25.192] [main/INFO] [net.neoforged.fml.loading.moddiscovery.ModDiscoverer/SCAN]: Found mod file "Chunky-NeoForge-1.4.23.jar" [locator: {mods folder locator at /workspaces/regret/servidor_minecraft/mods}, reader: mod manifest]
[10May2026 17:32:25.232] [main/INFO] [net.neoforged.fml.loading.moddiscovery.ModDiscoverer/SCAN]: Found mod file "citadel-1.21.1-2.7.6.jar" [locator: {mods folder locator at /workspaces/regret/servidor_minecraft/mods}, reader: mod manifest]
[10May2026 17:32:25.235] [main/INFO] [net.neoforged.fml.loading.moddiscovery.ModDiscoverer/SCAN]: Found mod file "citresewn-neoforge-1.21.1-0.jar" [locator: {mods folder locator at /workspaces/regret/servidor_minecraft/mods}, reader: mod manifest]
[10May2026 17:32:25.237] [main/INFO] [net.neoforged.fml.loading.moddiscovery.ModDiscoverer/SCAN]: Found mod file "clientcrafting-1.21-2.1.jar" [locator: {mods folder locator at /workspaces/regret/servidor_minecraft/mods}, reader: mod manifest]
[10May2026 17:32:25.239] [main/INFO] [net.neoforged.fml.loading.moddiscovery.ModDiscoverer/SCAN]: Found mod file "clientsort-neoforge-2.2.1+1.21.1.jar" [locator: {mods folder locator at /workspaces/regret/servidor_minecraft/mods}, reader: mod manifest]
[10May2026 17:32:25.241] [main/INFO] [net.neoforged.fml.loading.moddiscovery.ModDiscoverer/SCAN]: Found mod file "ClimateRivers-v21.1.3-1.21.1-NeoForge.jar" [locator: {mods folder locator at /workspaces/regret/servidor_minecraft/mods}, reader: mod manifest]
[10May2026 17:32:25.243] [main/INFO] [net.neoforged.fml.loading.moddiscovery.ModDiscoverer/SCAN]: Found mod file "cloth-config-15.0.140-neoforge.jar" [locator: {mods folder locator at /workspaces/regret/servidor_minecraft/mods}, reader: mod manifest]
[10May2026 17:32:25.244] [main/INFO] [net.neoforged.fml.loading.moddiscovery.ModDiscoverer/SCAN]: Found mod file "Clumps-neoforge-1.21.1-19.0.0.1.jar" [locator: {mods folder locator at /workspaces/regret/servidor_minecraft/mods}, reader: mod manifest]
[10May2026 17:32:25.246] [main/INFO] [net.neoforged.fml.loading.moddiscovery.ModDiscoverer/SCAN]: Found mod file "collective-1.21.1-8.20.jar" [locator: {mods folder locator at /workspaces/regret/servidor_minecraft/mods}, reader: mod manifest]
[10May2026 17:32:25.249] [main/INFO] [net.neoforged.fml.loading.moddiscovery.ModDiscoverer/SCAN]: Found mod file "colorwheel-neoforge-1.2.4+mc1.21.1.jar" [locator: {mods folder locator at /workspaces/regret/servidor_minecraft/mods}, reader: mod manifest]
[10May2026 17:32:25.250] [main/INFO] [net.neoforged.fml.loading.moddiscovery.ModDiscoverer/SCAN]: Found mod file "comforts-neoforge-9.0.5+1.21.1.jar" [locator: {mods folder locator at /workspaces/regret/servidor_minecraft/mods}, reader: mod manifest]
[10May2026 17:32:25.252] [main/INFO] [net.neoforged.fml.loading.moddiscovery.ModDiscoverer/SCAN]: Found mod file "configurable-3.5.1+1.21.1-neoforge.jar" [locator: {mods folder locator at /workspaces/regret/servidor_minecraft/mods}, reader: mod manifest]
[10May2026 17:32:25.254] [main/INFO] [net.neoforged.fml.loading.moddiscovery.ModDiscoverer/SCAN]: Found library file "ConfiguredDefaults-v21.1.3-1.21.1-NeoForge.jar" [locator: {mods folder locator at /workspaces/regret/servidor_minecraft/mods}, reader: mod manifest]
[10May2026 17:32:25.255] [main/INFO] [net.neoforged.fml.loading.moddiscovery.ModDiscoverer/SCAN]: Found mod file "connectivity-1.21.1-7.6.jar" [locator: {mods folder locator at /workspaces/regret/servidor_minecraft/mods}, reader: mod manifest]
[10May2026 17:32:25.257] [main/INFO] [net.neoforged.fml.loading.moddiscovery.ModDiscoverer/SCAN]: Found mod file "ConnectorExtras-1.12.1+1.21.1.jar" [locator: {mods folder locator at /workspaces/regret/servidor_minecraft/mods}, reader: mod manifest]
[10May2026 17:32:25.259] [main/INFO] [net.neoforged.fml.loading.moddiscovery.ModDiscoverer/SCAN]: Found mod file "continuity-3.0.0+1.21.neoforge.jar" [locator: {mods folder locator at /workspaces/regret/servidor_minecraft/mods}, reader: mod manifest]
[10May2026 17:32:25.260] [main/INFO] [net.neoforged.fml.loading.moddiscovery.ModDiscoverer/SCAN]: Found mod file "ConvenientEffects-v21.1.4-1.21.1-NeoForge.jar" [locator: {mods folder locator at /workspaces/regret/servidor_minecraft/mods}, reader: mod manifest]
[10May2026 17:32:25.262] [main/INFO] [net.neoforged.fml.loading.moddiscovery.ModDiscoverer/SCAN]: Found mod file "copycats-3.0.4+mc.1.21.1-neoforge.jar" [locator: {mods folder locator at /workspaces/regret/servidor_minecraft/mods}, reader: mod manifest]
[10May2026 17:32:25.263] [main/INFO] [net.neoforged.fml.loading.moddiscovery.ModDiscoverer/SCAN]: Found mod file "Corgilib-NeoForge-1.21.1-5.0.0.9.jar" [locator: {mods folder locator at /workspaces/regret/servidor_minecraft/mods}, reader: mod manifest]
[10May2026 17:32:25.265] [main/INFO] [net.neoforged.fml.loading.moddiscovery.ModDiscoverer/SCAN]: Found mod file "coroutil-neoforge-1.21.0-1.3.9.jar" [locator: {mods folder locator at /workspaces/regret/servidor_minecraft/mods}, reader: mod manifest]
[10May2026 17:32:25.307] [main/INFO] [net.neoforged.fml.loading.moddiscovery.ModDiscoverer/SCAN]: Found mod file "create-1.21.1-6.0.10.jar" [locator: {mods folder locator at /workspaces/regret/servidor_minecraft/mods}, reader: mod manifest]
[10May2026 17:32:25.311] [main/INFO] [net.neoforged.fml.loading.moddiscovery.ModDiscoverer/SCAN]: Found mod file "createaddition-1.5.10.jar" [locator: {mods folder locator at /workspaces/regret/servidor_minecraft/mods}, reader: mod manifest]
[10May2026 17:32:25.313] [main/INFO] [net.neoforged.fml.loading.moddiscovery.ModDiscoverer/SCAN]: Found mod file "cristellib-neoforge-1.21.1-3.0.3.jar" [locator: {mods folder locator at /workspaces/regret/servidor_minecraft/mods}, reader: mod manifest]
[10May2026 17:32:25.314] [main/INFO] [net.neoforged.fml.loading.moddiscovery.ModDiscoverer/SCAN]: Found mod file "cupboard-1.21-3.5.jar" [locator: {mods folder locator at /workspaces/regret/servidor_minecraft/mods}, reader: mod manifest]
[10May2026 17:32:25.316] [main/INFO] [net.neoforged.fml.loading.moddiscovery.ModDiscoverer/SCAN]: Found mod file "curios-neoforge-9.5.1+1.21.1.jar" [locator: {mods folder locator at /workspaces/regret/servidor_minecraft/mods}, reader: mod manifest]
[10May2026 17:32:25.318] [main/INFO] [net.neoforged.fml.loading.moddiscovery.ModDiscoverer/SCAN]: Found mod file "CutThrough-v21.1.0-1.21.1-NeoForge.jar" [locator: {mods folder locator at /workspaces/regret/servidor_minecraft/mods}, reader: mod manifest]
[10May2026 17:32:25.322] [main/INFO] [net.neoforged.fml.loading.moddiscovery.ModDiscoverer/SCAN]: Found mod file "deep_aether-1.21.1-1.1.5.1.jar" [locator: {mods folder locator at /workspaces/regret/servidor_minecraft/mods}, reader: mod manifest]
[10May2026 17:32:25.326] [main/INFO] [net.neoforged.fml.loading.moddiscovery.ModDiscoverer/SCAN]: Found mod file "deeperdarker-neoforge-1.21.1-1.4.jar" [locator: {mods folder locator at /workspaces/regret/servidor_minecraft/mods}, reader: mod manifest]
[10May2026 17:32:25.327] [main/INFO] [net.neoforged.fml.loading.moddiscovery.ModDiscoverer/SCAN]: Found mod file "despawntweaks-neoforge-1.0.0-1.21.1.jar" [locator: {mods folder locator at /workspaces/regret/servidor_minecraft/mods}, reader: mod manifest]
[10May2026 17:32:25.329] [main/INFO] [net.neoforged.fml.loading.moddiscovery.ModDiscoverer/SCAN]: Found mod file "DiagonalFences-v21.1.1-1.21.1-NeoForge.jar" [locator: {mods folder locator at /workspaces/regret/servidor_minecraft/mods}, reader: mod manifest]
[10May2026 17:32:25.331] [main/INFO] [net.neoforged.fml.loading.moddiscovery.ModDiscoverer/SCAN]: Found mod file "DiagonalWalls-v21.1.2-1.21.1-NeoForge.jar" [locator: {mods folder locator at /workspaces/regret/servidor_minecraft/mods}, reader: mod manifest]
[10May2026 17:32:25.332] [main/INFO] [net.neoforged.fml.loading.moddiscovery.ModDiscoverer/SCAN]: Found mod file "disconnect-packet-fix-neoforge-2.0.1.jar" [locator: {mods folder locator at /workspaces/regret/servidor_minecraft/mods}, reader: mod manifest]
[10May2026 17:32:25.333] [main/INFO] [net.neoforged.fml.loading.moddiscovery.ModDiscoverer/SCAN]: Found mod file "DnT-ancient-city-overhaul-v2 [NeoForge].jar" [locator: {mods folder locator at /workspaces/regret/servidor_minecraft/mods}, reader: mod manifest]
[10May2026 17:32:25.335] [main/INFO] [net.neoforged.fml.loading.moddiscovery.ModDiscoverer/SCAN]: Found mod file "DnT-swamp-hut-overhaul-v2 [NeoForge].jar" [locator: {mods folder locator at /workspaces/regret/servidor_minecraft/mods}, reader: mod manifest]
[10May2026 17:32:25.337] [main/INFO] [net.neoforged.fml.loading.moddiscovery.ModDiscoverer/SCAN]: Found mod file "DnT-woodland-mansion-replacement-v1.2 [NeoForge].jar" [locator: {mods folder locator at /workspaces/regret/servidor_minecraft/mods}, reader: mod manifest]
[10May2026 17:32:25.338] [main/INFO] [net.neoforged.fml.loading.moddiscovery.ModDiscoverer/SCAN]: Found mod file "does_it_tick-neoforge-1.1.4-1.21.1.jar" [locator: {mods folder locator at /workspaces/regret/servidor_minecraft/mods}, reader: mod manifest]
[10May2026 17:32:25.340] [main/INFO] [net.neoforged.fml.loading.moddiscovery.ModDiscoverer/SCAN]: Found mod file "dolphin_fix-1.1.1-1.21.jar" [locator: {mods folder locator at /workspaces/regret/servidor_minecraft/mods}, reader: mod manifest]
[10May2026 17:32:25.342] [main/INFO] [net.neoforged.fml.loading.moddiscovery.ModDiscoverer/SCAN]: Found mod file "doubledoors-1.21.1-7.2.jar" [locator: {mods folder locator at /workspaces/regret/servidor_minecraft/mods}, reader: mod manifest]
[10May2026 17:32:25.343] [main/INFO] [net.neoforged.fml.loading.moddiscovery.ModDiscoverer/SCAN]: Found mod file "Dragon Mounts Remastered-1.21.1-1.9.2.jar" [locator: {mods folder locator at /workspaces/regret/servidor_minecraft/mods}, reader: mod manifest]
[10May2026 17:32:25.345] [main/INFO] [net.neoforged.fml.loading.moddiscovery.ModDiscoverer/SCAN]: Found mod file "dragonloot-1.1.15-1.21.1-neoforge.jar" [locator: {mods folder locator at /workspaces/regret/servidor_minecraft/mods}, reader: mod manifest]
[10May2026 17:32:25.346] [main/INFO] [net.neoforged.fml.loading.moddiscovery.ModDiscoverer/SCAN]: Found mod file "dummmmmmy-1.21-2.0.12-neoforge.jar" [locator: {mods folder locator at /workspaces/regret/servidor_minecraft/mods}, reader: mod manifest]
[10May2026 17:32:25.349] [main/INFO] [net.neoforged.fml.loading.moddiscovery.ModDiscoverer/SCAN]: Found mod file "DungeonsArise-1.21.1-2.1.68-release.jar" [locator: {mods folder locator at /workspaces/regret/servidor_minecraft/mods}, reader: mod manifest]
[10May2026 17:32:25.350] [main/INFO] [net.neoforged.fml.loading.moddiscovery.ModDiscoverer/SCAN]: Found mod file "DyedFlames-v21.1.1-1.21.1-NeoForge.jar" [locator: {mods folder locator at /workspaces/regret/servidor_minecraft/mods}, reader: mod manifest]
[10May2026 17:32:25.351] [main/INFO] [net.neoforged.fml.loading.moddiscovery.ModDiscoverer/SCAN]: Found mod file "earlybedtime-neoforge-1.0.0-1.21.1.jar" [locator: {mods folder locator at /workspaces/regret/servidor_minecraft/mods}, reader: mod manifest]
[10May2026 17:32:25.353] [main/INFO] [net.neoforged.fml.loading.moddiscovery.ModDiscoverer/SCAN]: Found mod file "EasyAnvils-v21.1.0-1.21.1-NeoForge.jar" [locator: {mods folder locator at /workspaces/regret/servidor_minecraft/mods}, reader: mod manifest]
[10May2026 17:32:25.354] [main/INFO] [net.neoforged.fml.loading.moddiscovery.ModDiscoverer/SCAN]: Found mod file "easydisenchanting-neoforge-1.0.1-1.21.1.jar" [locator: {mods folder locator at /workspaces/regret/servidor_minecraft/mods}, reader: mod manifest]
[10May2026 17:32:25.355] [main/INFO] [net.neoforged.fml.loading.moddiscovery.ModDiscoverer/SCAN]: Found mod file "EasyMagic-v21.1.4-1.21.1-NeoForge.jar" [locator: {mods folder locator at /workspaces/regret/servidor_minecraft/mods}, reader: mod manifest]
[10May2026 17:32:25.357] [main/INFO] [net.neoforged.fml.loading.moddiscovery.ModDiscoverer/SCAN]: Found mod file "enchdesc-neoforge-1.21.1-21.1.9.jar" [locator: {mods folder locator at /workspaces/regret/servidor_minecraft/mods}, reader: mod manifest]
[10May2026 17:32:25.359] [main/INFO] [net.neoforged.fml.loading.moddiscovery.ModDiscoverer/SCAN]: Found mod file "endersdelight-1.2.0-1.21.1.jar" [locator: {mods folder locator at /workspaces/regret/servidor_minecraft/mods}, reader: mod manifest]
[10May2026 17:32:25.362] [main/INFO] [net.neoforged.fml.loading.moddiscovery.ModDiscoverer/SCAN]: Found mod file "EpheroLib-1.21.1-NEO-FORGE-1.2.0.jar" [locator: {mods folder locator at /workspaces/regret/servidor_minecraft/mods}, reader: mod manifest]
[10May2026 17:32:25.366] [main/INFO] [net.neoforged.fml.loading.moddiscovery.ModDiscoverer/SCAN]: Found mod file "EternalNether-v21.1.3-1.21.1-NeoForge.jar" [locator: {mods folder locator at /workspaces/regret/servidor_minecraft/mods}, reader: mod manifest]
[10May2026 17:32:25.369] [main/INFO] [net.neoforged.fml.loading.moddiscovery.ModDiscoverer/SCAN]: Found mod file "explorations-neoforge-1.21.1-1.6.2.jar" [locator: {mods folder locator at /workspaces/regret/servidor_minecraft/mods}, reader: mod manifest]
[10May2026 17:32:25.371] [main/INFO] [net.neoforged.fml.loading.moddiscovery.ModDiscoverer/SCAN]: Found mod file "Explorify v1.6.4 f15-88.mod.jar" [locator: {mods folder locator at /workspaces/regret/servidor_minecraft/mods}, reader: mod manifest]
[10May2026 17:32:25.373] [main/INFO] [net.neoforged.fml.loading.moddiscovery.ModDiscoverer/SCAN]: Found mod file "FallingTree-1.21.1-1.21.1.11.jar" [locator: {mods folder locator at /workspaces/regret/servidor_minecraft/mods}, reader: mod manifest]
[10May2026 17:32:25.375] [main/INFO] [net.neoforged.fml.loading.moddiscovery.ModDiscoverer/SCAN]: Found mod file "farmers-cutting-oh-the-biomes-weve-gone-1.21.1-2.1-neoforge.jar" [locator: {mods folder locator at /workspaces/regret/servidor_minecraft/mods}, reader: mod manifest]
[10May2026 17:32:25.380] [main/INFO] [net.neoforged.fml.loading.moddiscovery.ModDiscoverer/SCAN]: Found mod file "FarmersDelight-1.21.1-1.3.1.jar" [locator: {mods folder locator at /workspaces/regret/servidor_minecraft/mods}, reader: mod manifest]
[10May2026 17:32:25.382] [main/INFO] [net.neoforged.fml.loading.moddiscovery.ModDiscoverer/SCAN]: Found mod file "FarmersStructures-1.0.2-1.21.1_neoforge.jar" [locator: {mods folder locator at /workspaces/regret/servidor_minecraft/mods}, reader: mod manifest]
[10May2026 17:32:25.384] [main/INFO] [net.neoforged.fml.loading.moddiscovery.ModDiscoverer/SCAN]: Found mod file "fastasyncworldsave-1.21-2.6.jar" [locator: {mods folder locator at /workspaces/regret/servidor_minecraft/mods}, reader: mod manifest]
[10May2026 17:32:25.385] [main/INFO] [net.neoforged.fml.loading.moddiscovery.ModDiscoverer/SCAN]: Found mod file "FastItemFrames-v21.1.6-1.21.1-NeoForge.jar" [locator: {mods folder locator at /workspaces/regret/servidor_minecraft/mods}, reader: mod manifest]
[10May2026 17:32:25.386] [main/INFO] [net.neoforged.fml.loading.moddiscovery.ModDiscoverer/SCAN]: Found mod file "fastpaintings-1.21-1.3.0-neoforge.jar" [locator: {mods folder locator at /workspaces/regret/servidor_minecraft/mods}, reader: mod manifest]
[10May2026 17:32:25.394] [main/INFO] [net.neoforged.fml.loading.moddiscovery.ModDiscoverer/SCAN]: Found mod file "ferritecore-7.0.3-neoforge.jar" [locator: {mods folder locator at /workspaces/regret/servidor_minecraft/mods}, reader: mod manifest]
[10May2026 17:32:25.396] [main/INFO] [net.neoforged.fml.loading.moddiscovery.ModDiscoverer/SCAN]: Found mod file "ForgeConfigAPIPort-v21.1.6-1.21.1-NeoForge.jar" [locator: {mods folder locator at /workspaces/regret/servidor_minecraft/mods}, reader: mod manifest]
[10May2026 17:32:25.397] [main/INFO] [net.neoforged.fml.loading.moddiscovery.ModDiscoverer/SCAN]: Found mod file "forgified-fabric-api-0.116.7+2.2.4+1.21.1.jar" [locator: {mods folder locator at /workspaces/regret/servidor_minecraft/mods}, reader: mod manifest]
[10May2026 17:32:25.399] [main/INFO] [net.neoforged.fml.loading.moddiscovery.ModDiscoverer/SCAN]: Found mod file "formations-1.0.4-neoforge-mc1.21.jar" [locator: {mods folder locator at /workspaces/regret/servidor_minecraft/mods}, reader: mod manifest]
[10May2026 17:32:25.401] [main/INFO] [net.neoforged.fml.loading.moddiscovery.ModDiscoverer/SCAN]: Found mod file "formationsnether-1.0.5-mc1.21+.jar" [locator: {mods folder locator at /workspaces/regret/servidor_minecraft/mods}, reader: mod manifest]
[10May2026 17:32:25.402] [main/INFO] [net.neoforged.fml.loading.moddiscovery.ModDiscoverer/SCAN]: Found mod file "formationsoverworld-1.0.5-mc1.21+.jar" [locator: {mods folder locator at /workspaces/regret/servidor_minecraft/mods}, reader: mod manifest]
[10May2026 17:32:25.404] [main/INFO] [net.neoforged.fml.loading.moddiscovery.ModDiscoverer/SCAN]: Found mod file "framework-neoforge-1.21.1-0.13.11.jar" [locator: {mods folder locator at /workspaces/regret/servidor_minecraft/mods}, reader: mod manifest]
[10May2026 17:32:25.407] [main/INFO] [net.neoforged.fml.loading.moddiscovery.ModDiscoverer/SCAN]: Found mod file "friendsandfoes-neoforge-4.0.25+mc1.21.1.jar" [locator: {mods folder locator at /workspaces/regret/servidor_minecraft/mods}, reader: mod manifest]
[10May2026 17:32:25.408] [main/INFO] [net.neoforged.fml.loading.moddiscovery.ModDiscoverer/SCAN]: Found mod file "ftb-filter-system-neoforge-21.1.4.jar" [locator: {mods folder locator at /workspaces/regret/servidor_minecraft/mods}, reader: mod manifest]
[10May2026 17:32:25.409] [main/INFO] [net.neoforged.fml.loading.moddiscovery.ModDiscoverer/SCAN]: Found mod file "ftb-library-neoforge-2101.1.31.jar" [locator: {mods folder locator at /workspaces/regret/servidor_minecraft/mods}, reader: mod manifest]
[10May2026 17:32:25.411] [main/INFO] [net.neoforged.fml.loading.moddiscovery.ModDiscoverer/SCAN]: Found mod file "ftb-quests-neoforge-2101.1.24.jar" [locator: {mods folder locator at /workspaces/regret/servidor_minecraft/mods}, reader: mod manifest]
[10May2026 17:32:25.412] [main/INFO] [net.neoforged.fml.loading.moddiscovery.ModDiscoverer/SCAN]: Found mod file "ftb-teams-neoforge-2101.1.10.jar" [locator: {mods folder locator at /workspaces/regret/servidor_minecraft/mods}, reader: mod manifest]
[10May2026 17:32:25.414] [main/INFO] [net.neoforged.fml.loading.moddiscovery.ModDiscoverer/SCAN]: Found mod file "ftb-xmod-compat-neoforge-21.1.8.jar" [locator: {mods folder locator at /workspaces/regret/servidor_minecraft/mods}, reader: mod manifest]
[10May2026 17:32:25.417] [main/INFO] [net.neoforged.fml.loading.moddiscovery.ModDiscoverer/SCAN]: Found mod file "fzzy_config-0.7.6+1.21+neoforge.jar" [locator: {mods folder locator at /workspaces/regret/servidor_minecraft/mods}, reader: mod manifest]
[10May2026 17:32:25.418] [main/INFO] [net.neoforged.fml.loading.moddiscovery.ModDiscoverer/SCAN]: Found mod file "gardens-of-the-dead-neoforge-5.0.2.jar" [locator: {mods folder locator at /workspaces/regret/servidor_minecraft/mods}, reader: mod manifest]
[10May2026 17:32:25.419] [main/INFO] [net.neoforged.fml.loading.moddiscovery.ModDiscoverer/SCAN]: Found mod file "geckolib-neoforge-1.21.1-4.8.4.jar" [locator: {mods folder locator at /workspaces/regret/servidor_minecraft/mods}, reader: mod manifest]
[10May2026 17:32:25.421] [main/INFO] [net.neoforged.fml.loading.moddiscovery.ModDiscoverer/SCAN]: Found mod file "Geophilic v3.4.6.mod.jar" [locator: {mods folder locator at /workspaces/regret/servidor_minecraft/mods}, reader: mod manifest]
[10May2026 17:32:25.422] [main/INFO] [net.neoforged.fml.loading.moddiscovery.ModDiscoverer/SCAN]: Found mod file "GeophilicBackported-v1.3.2 1.21.1.jar" [locator: {mods folder locator at /workspaces/regret/servidor_minecraft/mods}, reader: mod manifest]
[10May2026 17:32:25.423] [main/INFO] [net.neoforged.fml.loading.moddiscovery.ModDiscoverer/SCAN]: Found mod file "GlitchCore-neoforge-1.21.1-2.1.0.0.jar" [locator: {mods folder locator at /workspaces/regret/servidor_minecraft/mods}, reader: mod manifest]
[10May2026 17:32:25.424] [main/INFO] [net.neoforged.fml.loading.moddiscovery.ModDiscoverer/SCAN]: Found mod file "glow_up-neoforge-1.2.1-1.21-1.21.1-neoforge.jar" [locator: {mods folder locator at /workspaces/regret/servidor_minecraft/mods}, reader: mod manifest]
[10May2026 17:32:25.425] [main/INFO] [net.neoforged.fml.loading.moddiscovery.ModDiscoverer/SCAN]: Found mod file "goblintraders-neoforge-1.21.1-1.11.2.jar" [locator: {mods folder locator at /workspaces/regret/servidor_minecraft/mods}, reader: mod manifest]
[10May2026 17:32:25.426] [main/INFO] [net.neoforged.fml.loading.moddiscovery.ModDiscoverer/SCAN]: Found mod file "golem_spawn_fix-1.0.2-neoforge-1.21.1.jar" [locator: {mods folder locator at /workspaces/regret/servidor_minecraft/mods}, reader: mod manifest]
[10May2026 17:32:25.432] [main/INFO] [net.neoforged.fml.loading.moddiscovery.ModDiscoverer/SCAN]: Found mod file "handcrafted-neoforge-1.21.1-4.0.3.jar" [locator: {mods folder locator at /workspaces/regret/servidor_minecraft/mods}, reader: mod manifest]
[10May2026 17:32:25.433] [main/INFO] [net.neoforged.fml.loading.moddiscovery.ModDiscoverer/SCAN]: Found mod file "Hearths v1.0.5.mod.jar" [locator: {mods folder locator at /workspaces/regret/servidor_minecraft/mods}, reader: mod manifest]
[10May2026 17:32:25.435] [main/INFO] [net.neoforged.fml.loading.moddiscovery.ModDiscoverer/SCAN]: Found mod file "HellishTrials-neoforge-1.0.5.jar" [locator: {mods folder locator at /workspaces/regret/servidor_minecraft/mods}, reader: mod manifest]
[10May2026 17:32:25.436] [main/INFO] [net.neoforged.fml.loading.moddiscovery.ModDiscoverer/SCAN]: Found mod file "Highlighter-1.21-neoforge-1.1.11.jar" [locator: {mods folder locator at /workspaces/regret/servidor_minecraft/mods}, reader: mod manifest]
[10May2026 17:32:25.437] [main/INFO] [net.neoforged.fml.loading.moddiscovery.ModDiscoverer/SCAN]: Found mod file "horse-breeding-fix-neoforge-1.21.x-1.1.1.jar" [locator: {mods folder locator at /workspaces/regret/servidor_minecraft/mods}, reader: mod manifest]
[10May2026 17:32:25.438] [main/INFO] [net.neoforged.fml.loading.moddiscovery.ModDiscoverer/SCAN]: Found mod file "Iceberg-1.21.1-neoforge-1.3.2.jar" [locator: {mods folder locator at /workspaces/regret/servidor_minecraft/mods}, reader: mod manifest]
[10May2026 17:32:25.440] [main/INFO] [net.neoforged.fml.loading.moddiscovery.ModDiscoverer/SCAN]: Found mod file "IllagerInvasion-v21.1.6-1.21.1-NeoForge.jar" [locator: {mods folder locator at /workspaces/regret/servidor_minecraft/mods}, reader: mod manifest]
[10May2026 17:32:25.441] [main/INFO] [net.neoforged.fml.loading.moddiscovery.ModDiscoverer/SCAN]: Found mod file "immersivearmorhud-neoforge-1.0.1-1.21.1.jar" [locator: {mods folder locator at /workspaces/regret/servidor_minecraft/mods}, reader: mod manifest]
[10May2026 17:32:25.442] [main/INFO] [net.neoforged.fml.loading.moddiscovery.ModDiscoverer/SCAN]: Found mod file "immersivelanterns-neoforge-1.0.6-1.21.1.jar" [locator: {mods folder locator at /workspaces/regret/servidor_minecraft/mods}, reader: mod manifest]
[10May2026 17:32:25.443] [main/INFO] [net.neoforged.fml.loading.moddiscovery.ModDiscoverer/SCAN]: Found mod file "immersivemessages-neoforge-1.0.18-1.21.1.jar" [locator: {mods folder locator at /workspaces/regret/servidor_minecraft/mods}, reader: mod manifest]
[10May2026 17:32:25.444] [main/INFO] [net.neoforged.fml.loading.moddiscovery.ModDiscoverer/SCAN]: Found mod file "immersivetips-neoforge-1.0.2-1.21.1.jar" [locator: {mods folder locator at /workspaces/regret/servidor_minecraft/mods}, reader: mod manifest]
[10May2026 17:32:25.446] [main/INFO] [net.neoforged.fml.loading.moddiscovery.ModDiscoverer/SCAN]: Found mod file "improved-village-placement-1.1.2.jar" [locator: {mods folder locator at /workspaces/regret/servidor_minecraft/mods}, reader: mod manifest]
[10May2026 17:32:25.447] [main/INFO] [net.neoforged.fml.loading.moddiscovery.ModDiscoverer/SCAN]: Found mod file "inmis-2.8.1-2.9.3-1.21.1.jar" [locator: {mods folder locator at /workspaces/regret/servidor_minecraft/mods}, reader: mod manifest]
[10May2026 17:32:25.448] [main/INFO] [net.neoforged.fml.loading.moddiscovery.ModDiscoverer/SCAN]: Found mod file "iris-neoforge-1.8.12+mc1.21.1.jar" [locator: {mods folder locator at /workspaces/regret/servidor_minecraft/mods}, reader: mod manifest]
[10May2026 17:32:25.450] [main/INFO] [net.neoforged.fml.loading.moddiscovery.ModDiscoverer/SCAN]: Found mod file "Jade-1.21.1-NeoForge-15.10.5.jar" [locator: {mods folder locator at /workspaces/regret/servidor_minecraft/mods}, reader: mod manifest]
[10May2026 17:32:25.451] [main/INFO] [net.neoforged.fml.loading.moddiscovery.ModDiscoverer/SCAN]: Found mod file "JadeAddons-1.21.1-NeoForge-6.1.0.jar" [locator: {mods folder locator at /workspaces/regret/servidor_minecraft/mods}, reader: mod manifest]
[10May2026 17:32:25.452] [main/INFO] [net.neoforged.fml.loading.moddiscovery.ModDiscoverer/SCAN]: Found mod file "jamlib-neoforge-1.3.6+1.21.1.jar" [locator: {mods folder locator at /workspaces/regret/servidor_minecraft/mods}, reader: mod manifest]
[10May2026 17:32:25.454] [main/INFO] [net.neoforged.fml.loading.moddiscovery.ModDiscoverer/SCAN]: Found mod file "jei-1.21.1-neoforge-19.27.0.340.jar" [locator: {mods folder locator at /workspaces/regret/servidor_minecraft/mods}, reader: mod manifest]
[10May2026 17:32:25.455] [main/INFO] [net.neoforged.fml.loading.moddiscovery.ModDiscoverer/SCAN]: Found mod file "justenoughbreeding-neoforge-1.21-1.21.1-1.6.2.jar" [locator: {mods folder locator at /workspaces/regret/servidor_minecraft/mods}, reader: mod manifest]
[10May2026 17:32:25.456] [main/INFO] [net.neoforged.fml.loading.moddiscovery.ModDiscoverer/SCAN]: Found mod file "Kiwi-1.21.1-NeoForge-15.8.3.jar" [locator: {mods folder locator at /workspaces/regret/servidor_minecraft/mods}, reader: mod manifest]
[10May2026 17:32:25.457] [main/INFO] [net.neoforged.fml.loading.moddiscovery.ModDiscoverer/SCAN]: Found mod file "kleeslabs-neoforge-1.21.1-21.1.10.jar" [locator: {mods folder locator at /workspaces/regret/servidor_minecraft/mods}, reader: mod manifest]
[10May2026 17:32:25.459] [main/INFO] [net.neoforged.fml.loading.moddiscovery.ModDiscoverer/SCAN]: Found mod file "konkrete_neoforge_1.9.9_MC_1.21.jar" [locator: {mods folder locator at /workspaces/regret/servidor_minecraft/mods}, reader: mod manifest]
[10May2026 17:32:25.460] [main/INFO] [net.neoforged.fml.loading.moddiscovery.ModDiscoverer/SCAN]: Found library file "kotlinforforge-5.11.0-all.jar" [locator: {mods folder locator at /workspaces/regret/servidor_minecraft/mods}, reader: mod manifest]
[10May2026 17:32:25.461] [main/INFO] [net.neoforged.fml.loading.moddiscovery.ModDiscoverer/SCAN]: Found mod file "krypton_fnp-neoforge-1.21.1-0.2.28.1-1.21.1.jar" [locator: {mods folder locator at /workspaces/regret/servidor_minecraft/mods}, reader: mod manifest]
[10May2026 17:32:25.464] [main/INFO] [net.neoforged.fml.loading.moddiscovery.ModDiscoverer/SCAN]: Found mod file "L_Ender's Cataclysm 1.21.1-3.27.jar" [locator: {mods folder locator at /workspaces/regret/servidor_minecraft/mods}, reader: mod manifest]
[10May2026 17:32:25.465] [main/INFO] [net.neoforged.fml.loading.moddiscovery.ModDiscoverer/SCAN]: Found mod file "leaderboards-1.21.1-NeoForge-2.0.0.jar" [locator: {mods folder locator at /workspaces/regret/servidor_minecraft/mods}, reader: mod manifest]
[10May2026 17:32:25.466] [main/INFO] [net.neoforged.fml.loading.moddiscovery.ModDiscoverer/SCAN]: Found mod file "LeavesBeGone-v21.1.0-1.21.1-NeoForge.jar" [locator: {mods folder locator at /workspaces/regret/servidor_minecraft/mods}, reader: mod manifest]
[10May2026 17:32:25.468] [main/INFO] [net.neoforged.fml.loading.moddiscovery.ModDiscoverer/SCAN]: Found mod file "lionfishapi-2.7-fix-fix.jar" [locator: {mods folder locator at /workspaces/regret/servidor_minecraft/mods}, reader: mod manifest]
[10May2026 17:32:25.469] [main/INFO] [net.neoforged.fml.loading.moddiscovery.ModDiscoverer/SCAN]: Found mod file "lithium-neoforge-0.15.3+mc1.21.1.jar" [locator: {mods folder locator at /workspaces/regret/servidor_minecraft/mods}, reader: mod manifest]
[10May2026 17:32:25.470] [main/INFO] [net.neoforged.fml.loading.moddiscovery.ModDiscoverer/SCAN]: Found mod file "lithostitched-1.7.2-neoforge-21.1.jar" [locator: {mods folder locator at /workspaces/regret/servidor_minecraft/mods}, reader: mod manifest]
[10May2026 17:32:25.472] [main/INFO] [net.neoforged.fml.loading.moddiscovery.ModDiscoverer/SCAN]: Found mod file "lmft-1.1.1+1.21.9-neoforge.jar" [locator: {mods folder locator at /workspaces/regret/servidor_minecraft/mods}, reader: mod manifest]
[10May2026 17:32:25.473] [main/INFO] [net.neoforged.fml.loading.moddiscovery.ModDiscoverer/SCAN]: Found mod file "loadingprotection-1.0.2-1.21.1.jar" [locator: {mods folder locator at /workspaces/regret/servidor_minecraft/mods}, reader: mod manifest]
[10May2026 17:32:25.474] [main/INFO] [net.neoforged.fml.loading.moddiscovery.ModDiscoverer/SCAN]: Found mod file "logbegone-neoforge-1.21.1-1.0.3.jar" [locator: {mods folder locator at /workspaces/regret/servidor_minecraft/mods}, reader: mod manifest]
[10May2026 17:32:25.475] [main/INFO] [net.neoforged.fml.loading.moddiscovery.ModDiscoverer/SCAN]: Found mod file "LongNBTKiller-NeoForge-1.21.3-1.0.0.jar" [locator: {mods folder locator at /workspaces/regret/servidor_minecraft/mods}, reader: mod manifest]
[10May2026 17:32:25.477] [main/INFO] [net.neoforged.fml.loading.moddiscovery.ModDiscoverer/SCAN]: Found mod file "lootintegration_wda-1.8.jar" [locator: {mods folder locator at /workspaces/regret/servidor_minecraft/mods}, reader: mod manifest]
[10May2026 17:32:25.479] [main/INFO] [net.neoforged.fml.loading.moddiscovery.ModDiscoverer/SCAN]: Found mod file "lootintegrations-1.21.1-4.7.jar" [locator: {mods folder locator at /workspaces/regret/servidor_minecraft/mods}, reader: mod manifest]
[10May2026 17:32:25.480] [main/INFO] [net.neoforged.fml.loading.moddiscovery.ModDiscoverer/SCAN]: Found mod file "lootintegrations_formations-1.3.jar" [locator: {mods folder locator at /workspaces/regret/servidor_minecraft/mods}, reader: mod manifest]
[10May2026 17:32:25.481] [main/INFO] [net.neoforged.fml.loading.moddiscovery.ModDiscoverer/SCAN]: Found mod file "lootintegrations_lootintegrations_bygonepillage-1.2.jar" [locator: {mods folder locator at /workspaces/regret/servidor_minecraft/mods}, reader: mod manifest]
[10May2026 17:32:25.482] [main/INFO] [net.neoforged.fml.loading.moddiscovery.ModDiscoverer/SCAN]: Found mod file "lootintegrations_moog-1.9.jar" [locator: {mods folder locator at /workspaces/regret/servidor_minecraft/mods}, reader: mod manifest]
[10May2026 17:32:25.491] [main/INFO] [net.neoforged.fml.loading.moddiscovery.ModDiscoverer/SCAN]: Found mod file "lootintegrations_yungs-1.5.jar" [locator: {mods folder locator at /workspaces/regret/servidor_minecraft/mods}, reader: mod manifest]
[10May2026 17:32:25.538] [main/INFO] [net.neoforged.fml.loading.moddiscovery.ModDiscoverer/SCAN]: Found mod file "lukis-crazy-chambers-1.0.3.jar" [locator: {mods folder locator at /workspaces/regret/servidor_minecraft/mods}, reader: mod manifest]
[10May2026 17:32:25.539] [main/INFO] [net.neoforged.fml.loading.moddiscovery.ModDiscoverer/SCAN]: Found mod file "luna_minecraft-neoforge-5.3.1.jar" [locator: {mods folder locator at /workspaces/regret/servidor_minecraft/mods}, reader: mod manifest]
[10May2026 17:32:25.541] [main/INFO] [net.neoforged.fml.loading.moddiscovery.ModDiscoverer/SCAN]: Found mod file "MagnumTorch-v21.1.1-1.21.1-NeoForge.jar" [locator: {mods folder locator at /workspaces/regret/servidor_minecraft/mods}, reader: mod manifest]
[10May2026 17:32:25.542] [main/INFO] [net.neoforged.fml.loading.moddiscovery.ModDiscoverer/SCAN]: Found mod file "melody_neoforge_1.0.10_MC_1.21.jar" [locator: {mods folder locator at /workspaces/regret/servidor_minecraft/mods}, reader: mod manifest]
[10May2026 17:32:25.543] [main/INFO] [net.neoforged.fml.loading.moddiscovery.ModDiscoverer/SCAN]: Found mod file "memorysettings-1.21-6.0.jar" [locator: {mods folder locator at /workspaces/regret/servidor_minecraft/mods}, reader: mod manifest]
[10May2026 17:32:25.544] [main/INFO] [net.neoforged.fml.loading.moddiscovery.ModDiscoverer/SCAN]: Found mod file "midnightlib-neoforge-1.9.2+1.21.1.jar" [locator: {mods folder locator at /workspaces/regret/servidor_minecraft/mods}, reader: mod manifest]
[10May2026 17:32:25.545] [main/INFO] [net.neoforged.fml.loading.moddiscovery.ModDiscoverer/SCAN]: Found mod file "misctweaks-1.3.0+1.21.1-neoforge.jar" [locator: {mods folder locator at /workspaces/regret/servidor_minecraft/mods}, reader: mod manifest]
[10May2026 17:32:25.546] [main/INFO] [net.neoforged.fml.loading.moddiscovery.ModDiscoverer/SCAN]: Found mod file "mixintracereforged-neoforge-1.0.0-1.21.1.jar" [locator: {mods folder locator at /workspaces/regret/servidor_minecraft/mods}, reader: mod manifest]
[10May2026 17:32:25.548] [main/INFO] [net.neoforged.fml.loading.moddiscovery.ModDiscoverer/SCAN]: Found mod file "modernfix-neoforge-5.24.3+mc1.21.1.jar" [locator: {mods folder locator at /workspaces/regret/servidor_minecraft/mods}, reader: mod manifest]
[10May2026 17:32:25.552] [main/INFO] [net.neoforged.fml.loading.moddiscovery.ModDiscoverer/SCAN]: Found mod file "modpack-update-checker-1.21.1-neoforge-0.15.6.jar" [locator: {mods folder locator at /workspaces/regret/servidor_minecraft/mods}, reader: mod manifest]
[10May2026 17:32:25.553] [main/INFO] [net.neoforged.fml.loading.moddiscovery.ModDiscoverer/SCAN]: Found mod file "moogs_structures-neoforge-1.21.1-2.0.2.jar" [locator: {mods folder locator at /workspaces/regret/servidor_minecraft/mods}, reader: mod manifest]
[10May2026 17:32:25.569] [main/INFO] [net.neoforged.fml.loading.moddiscovery.ModDiscoverer/SCAN]: Found mod file "MoogsEndStructures-1.21-2.0.1.jar" [locator: {mods folder locator at /workspaces/regret/servidor_minecraft/mods}, reader: mod manifest]
[10May2026 17:32:25.570] [main/INFO] [net.neoforged.fml.loading.moddiscovery.ModDiscoverer/SCAN]: Found mod file "MoogsMissingVillages-1.21-2.1.0.jar" [locator: {mods folder locator at /workspaces/regret/servidor_minecraft/mods}, reader: mod manifest]
[10May2026 17:32:25.572] [main/INFO] [net.neoforged.fml.loading.moddiscovery.ModDiscoverer/SCAN]: Found mod file "MoogsNetherStructures-1.21-2.0.31.jar" [locator: {mods folder locator at /workspaces/regret/servidor_minecraft/mods}, reader: mod manifest]
[10May2026 17:32:25.573] [main/INFO] [net.neoforged.fml.loading.moddiscovery.ModDiscoverer/SCAN]: Found mod file "MoogsVoyagerStructures-1.21-5.0.8.jar" [locator: {mods folder locator at /workspaces/regret/servidor_minecraft/mods}, reader: mod manifest]
[10May2026 17:32:25.574] [main/INFO] [net.neoforged.fml.loading.moddiscovery.ModDiscoverer/SCAN]: Found mod file "moonlight-1.21-2.29.33-neoforge.jar" [locator: {mods folder locator at /workspaces/regret/servidor_minecraft/mods}, reader: mod manifest]
[10May2026 17:32:25.576] [main/INFO] [net.neoforged.fml.loading.moddiscovery.ModDiscoverer/SCAN]: Found mod file "MoreVillagers-Re-1.21.1-neoforge-1.25.12.4.jar" [locator: {mods folder locator at /workspaces/regret/servidor_minecraft/mods}, reader: mod manifest]
[10May2026 17:32:25.578] [main/INFO] [net.neoforged.fml.loading.moddiscovery.ModDiscoverer/SCAN]: Found mod file "mowziesmobs-1.21.1-1.8.2.jar" [locator: {mods folder locator at /workspaces/regret/servidor_minecraft/mods}, reader: mod manifest]
[10May2026 17:32:25.580] [main/INFO] [net.neoforged.fml.loading.moddiscovery.ModDiscoverer/SCAN]: Found mod file "MyNethersDelight-1.21.1-1.10.1.jar" [locator: {mods folder locator at /workspaces/regret/servidor_minecraft/mods}, reader: mod manifest]
[10May2026 17:32:25.581] [main/INFO] [net.neoforged.fml.loading.moddiscovery.ModDiscoverer/SCAN]: Found mod file "NaNny-1.21.1-1.0.1.jar" [locator: {mods folder locator at /workspaces/regret/servidor_minecraft/mods}, reader: mod manifest]
[10May2026 17:32:25.582] [main/INFO] [net.neoforged.fml.loading.moddiscovery.ModDiscoverer/SCAN]: Found mod file "NaturesCompass-1.21.1-3.4.0-neoforge.jar" [locator: {mods folder locator at /workspaces/regret/servidor_minecraft/mods}, reader: mod manifest]
[10May2026 17:32:25.583] [main/INFO] [net.neoforged.fml.loading.moddiscovery.ModDiscoverer/SCAN]: Found mod file "neobeefix-1.21.1-2.0.0.jar" [locator: {mods folder locator at /workspaces/regret/servidor_minecraft/mods}, reader: mod manifest]
[10May2026 17:32:25.585] [main/INFO] [net.neoforged.fml.loading.moddiscovery.ModDiscoverer/SCAN]: Found mod file "neruina-3.3.0+1.21.1-neoforge.jar" [locator: {mods folder locator at /workspaces/regret/servidor_minecraft/mods}, reader: mod manifest]
[10May2026 17:32:25.586] [main/INFO] [net.neoforged.fml.loading.moddiscovery.ModDiscoverer/SCAN]: Found mod file "NetherChested-v21.1.1-1.21.1-NeoForge.jar" [locator: {mods folder locator at /workspaces/regret/servidor_minecraft/mods}, reader: mod manifest]
[10May2026 17:32:25.587] [main/INFO] [net.neoforged.fml.loading.moddiscovery.ModDiscoverer/SCAN]: Found mod file "netherite_tweaks_luna-1.2.2-neoforge-1.21.1.jar" [locator: {mods folder locator at /workspaces/regret/servidor_minecraft/mods}, reader: mod manifest]
[10May2026 17:32:25.588] [main/INFO] [net.neoforged.fml.loading.moddiscovery.ModDiscoverer/SCAN]: Found mod file "netherportalfix-neoforge-1.21.1-21.1.1.jar" [locator: {mods folder locator at /workspaces/regret/servidor_minecraft/mods}, reader: mod manifest]
[10May2026 17:32:25.590] [main/INFO] [net.neoforged.fml.loading.moddiscovery.ModDiscoverer/SCAN]: Found mod file "NoChatReports-NEOFORGE-1.21.1-v2.9.1.jar" [locator: {mods folder locator at /workspaces/regret/servidor_minecraft/mods}, reader: mod manifest]
[10May2026 17:32:25.591] [main/INFO] [net.neoforged.fml.loading.moddiscovery.ModDiscoverer/SCAN]: Found mod file "nondirectionaldamagetiltfix2.0.1+b1.21.1.jar" [locator: {mods folder locator at /workspaces/regret/servidor_minecraft/mods}, reader: mod manifest]
[10May2026 17:32:25.592] [main/INFO] [net.neoforged.fml.loading.moddiscovery.ModDiscoverer/SCAN]: Found mod file "oceansdelight-neoforge-1.0.4-1.21.1.jar" [locator: {mods folder locator at /workspaces/regret/servidor_minecraft/mods}, reader: mod manifest]
[10May2026 17:32:25.598] [main/INFO] [net.neoforged.fml.loading.moddiscovery.ModDiscoverer/SCAN]: Found mod file "Oh-The-Biomes-Weve-Gone-NeoForge-2.5.5.jar" [locator: {mods folder locator at /workspaces/regret/servidor_minecraft/mods}, reader: mod manifest]
[10May2026 17:32:25.599] [main/INFO] [net.neoforged.fml.loading.moddiscovery.ModDiscoverer/SCAN]: Found mod file "Oh-The-Trees-Youll-Grow-neoforge-1.21.1-5.3.1.jar" [locator: {mods folder locator at /workspaces/regret/servidor_minecraft/mods}, reader: mod manifest]
[10May2026 17:32:25.602] [main/INFO] [net.neoforged.fml.loading.moddiscovery.ModDiscoverer/SCAN]: Found mod file "open-parties-and-claims-neoforge-1.21.1-0.26.2.jar" [locator: {mods folder locator at /workspaces/regret/servidor_minecraft/mods}, reader: mod manifest]
[10May2026 17:32:25.603] [main/INFO] [net.neoforged.fml.loading.moddiscovery.ModDiscoverer/SCAN]: Found mod file "owo-lib-neoforge-0.12.15.5-beta.1+1.21.jar" [locator: {mods folder locator at /workspaces/regret/servidor_minecraft/mods}, reader: mod manifest]
[10May2026 17:32:25.604] [main/INFO] [net.neoforged.fml.loading.moddiscovery.ModDiscoverer/SCAN]: Found mod file "packanalytics-neoforge-1.0.5-1.21.1.jar" [locator: {mods folder locator at /workspaces/regret/servidor_minecraft/mods}, reader: mod manifest]
[10May2026 17:32:25.605] [main/INFO] [net.neoforged.fml.loading.moddiscovery.ModDiscoverer/SCAN]: Found mod file "packetfixer-3.3.1-1.20.5-1.21.X-merged.jar" [locator: {mods folder locator at /workspaces/regret/servidor_minecraft/mods}, reader: mod manifest]
[10May2026 17:32:25.606] [main/INFO] [net.neoforged.fml.loading.moddiscovery.ModDiscoverer/SCAN]: Found mod file "Patchouli-1.21.1-93-NEOFORGE.jar" [locator: {mods folder locator at /workspaces/regret/servidor_minecraft/mods}, reader: mod manifest]
[10May2026 17:32:25.607] [main/INFO] [net.neoforged.fml.loading.moddiscovery.ModDiscoverer/SCAN]: Found mod file "Paxi-1.21.1-NeoForge-5.1.3.jar" [locator: {mods folder locator at /workspaces/regret/servidor_minecraft/mods}, reader: mod manifest]
[10May2026 17:32:25.635] [main/INFO] [net.neoforged.fml.loading.moddiscovery.ModDiscoverer/SCAN]: Found mod file "piglinproliferation-1.21.1-2.0.13.jar" [locator: {mods folder locator at /workspaces/regret/servidor_minecraft/mods}, reader: mod manifest]
[10May2026 17:32:25.636] [main/INFO] [net.neoforged.fml.loading.moddiscovery.ModDiscoverer/SCAN]: Found mod file "Ping-Wheel-1.12.2-neoforge-1.21.1.jar" [locator: {mods folder locator at /workspaces/regret/servidor_minecraft/mods}, reader: mod manifest]
[10May2026 17:32:25.637] [main/INFO] [net.neoforged.fml.loading.moddiscovery.ModDiscoverer/SCAN]: Found mod file "Platform-neoforge-1.21.1-1.3.jar" [locator: {mods folder locator at /workspaces/regret/servidor_minecraft/mods}, reader: mod manifest]
[10May2026 17:32:25.638] [main/INFO] [net.neoforged.fml.loading.moddiscovery.ModDiscoverer/SCAN]: Found mod file "polymorph-neoforge-1.1.0+1.21.1.jar" [locator: {mods folder locator at /workspaces/regret/servidor_minecraft/mods}, reader: mod manifest]
[10May2026 17:32:25.639] [main/INFO] [net.neoforged.fml.loading.moddiscovery.ModDiscoverer/SCAN]: Found mod file "prickle-neoforge-1.21.1-21.1.11.jar" [locator: {mods folder locator at /workspaces/regret/servidor_minecraft/mods}, reader: mod manifest]
[10May2026 17:32:25.640] [main/INFO] [net.neoforged.fml.loading.moddiscovery.ModDiscoverer/SCAN]: Found mod file "puffish_biome_dither-1.0.0-1.21-neoforge.jar" [locator: {mods folder locator at /workspaces/regret/servidor_minecraft/mods}, reader: mod manifest]
[10May2026 17:32:25.641] [main/INFO] [net.neoforged.fml.loading.moddiscovery.ModDiscoverer/SCAN]: Found mod file "PuzzlesLib-v21.1.39-1.21.1-NeoForge.jar" [locator: {mods folder locator at /workspaces/regret/servidor_minecraft/mods}, reader: mod manifest]
[10May2026 17:32:25.642] [main/INFO] [net.neoforged.fml.loading.moddiscovery.ModDiscoverer/SCAN]: Found mod file "Quest-Kill-Task-neoforge-0.3.1+1.21.1.jar" [locator: {mods folder locator at /workspaces/regret/servidor_minecraft/mods}, reader: mod manifest]
[10May2026 17:32:25.648] [main/INFO] [net.neoforged.fml.loading.moddiscovery.ModDiscoverer/SCAN]: Found mod file "Raided-1.21.1-0.1.6.jar" [locator: {mods folder locator at /workspaces/regret/servidor_minecraft/mods}, reader: mod manifest]
[10May2026 17:32:25.649] [main/INFO] [net.neoforged.fml.loading.moddiscovery.ModDiscoverer/SCAN]: Found mod file "randomenchantfix-neoforge-1.0.1-1.21.1.jar" [locator: {mods folder locator at /workspaces/regret/servidor_minecraft/mods}, reader: mod manifest]
[10May2026 17:32:25.650] [main/INFO] [net.neoforged.fml.loading.moddiscovery.ModDiscoverer/SCAN]: Found mod file "recipeessentials-1.21-4.0.jar" [locator: {mods folder locator at /workspaces/regret/servidor_minecraft/mods}, reader: mod manifest]
[10May2026 17:32:25.651] [main/INFO] [net.neoforged.fml.loading.moddiscovery.ModDiscoverer/SCAN]: Found mod file "redirected-neoforge-1.0.0-1.21.1.jar" [locator: {mods folder locator at /workspaces/regret/servidor_minecraft/mods}, reader: mod manifest]
[10May2026 17:32:25.652] [main/INFO] [net.neoforged.fml.loading.moddiscovery.ModDiscoverer/SCAN]: Found mod file "reeses-sodium-options-neoforge-1.8.3+mc1.21.4.jar" [locator: {mods folder locator at /workspaces/regret/servidor_minecraft/mods}, reader: mod manifest]
[10May2026 17:32:25.655] [main/INFO] [net.neoforged.fml.loading.moddiscovery.ModDiscoverer/SCAN]: Found mod file "repurposed_structures-7.5.20+1.21.1-neoforge.jar" [locator: {mods folder locator at /workspaces/regret/servidor_minecraft/mods}, reader: mod manifest]
[10May2026 17:32:25.656] [main/INFO] [net.neoforged.fml.loading.moddiscovery.ModDiscoverer/SCAN]: Found mod file "repurposed_structures_farmers_delight_compat_v7.jar" [locator: {mods folder locator at /workspaces/regret/servidor_minecraft/mods}, reader: mod manifest]
[10May2026 17:32:25.657] [main/INFO] [net.neoforged.fml.loading.moddiscovery.ModDiscoverer/SCAN]: Found mod file "reset_controls_confirmation-neoforge-1.0.0-1.21.1.jar" [locator: {mods folder locator at /workspaces/regret/servidor_minecraft/mods}, reader: mod manifest]
[10May2026 17:32:25.658] [main/INFO] [net.neoforged.fml.loading.moddiscovery.ModDiscoverer/SCAN]: Found mod file "resourcefulconfig-neoforge-1.21-3.0.11.jar" [locator: {mods folder locator at /workspaces/regret/servidor_minecraft/mods}, reader: mod manifest]
[10May2026 17:32:25.659] [main/INFO] [net.neoforged.fml.loading.moddiscovery.ModDiscoverer/SCAN]: Found mod file "resourcefullib-neoforge-1.21-3.0.12.jar" [locator: {mods folder locator at /workspaces/regret/servidor_minecraft/mods}, reader: mod manifest]
[10May2026 17:32:25.660] [main/INFO] [net.neoforged.fml.loading.moddiscovery.ModDiscoverer/SCAN]: Found mod file "ResourcePackOverrides-v21.1.0-1.21.1-NeoForge.jar" [locator: {mods folder locator at /workspaces/regret/servidor_minecraft/mods}, reader: mod manifest]
[10May2026 17:32:25.661] [main/INFO] [net.neoforged.fml.loading.moddiscovery.ModDiscoverer/SCAN]: Found mod file "revampedwolf-1.21.1-13.0.0.jar" [locator: {mods folder locator at /workspaces/regret/servidor_minecraft/mods}, reader: mod manifest]
[10May2026 17:32:25.663] [main/INFO] [net.neoforged.fml.loading.moddiscovery.ModDiscoverer/SCAN]: Found mod file "rewithered-1.0.8+1.21.1-neoforge.jar" [locator: {mods folder locator at /workspaces/regret/servidor_minecraft/mods}, reader: mod manifest]
[10May2026 17:32:25.664] [main/INFO] [net.neoforged.fml.loading.moddiscovery.ModDiscoverer/SCAN]: Found mod file "rightclickharvest-neoforge-4.6.1+1.21.1.jar" [locator: {mods folder locator at /workspaces/regret/servidor_minecraft/mods}, reader: mod manifest]
[10May2026 17:32:25.665] [main/INFO] [net.neoforged.fml.loading.moddiscovery.ModDiscoverer/SCAN]: Found mod file "sawmill-1.21-1.7.2-neoforge.jar" [locator: {mods folder locator at /workspaces/regret/servidor_minecraft/mods}, reader: mod manifest]
[10May2026 17:32:25.666] [main/INFO] [net.neoforged.fml.loading.moddiscovery.ModDiscoverer/SCAN]: Found mod file "ScalableLux-0.1.0.1+neoforge.1cb1e91-all.jar" [locator: {mods folder locator at /workspaces/regret/servidor_minecraft/mods}, reader: mod manifest]
[10May2026 17:32:25.667] [main/INFO] [net.neoforged.fml.loading.moddiscovery.ModDiscoverer/SCAN]: Found mod file "Searchables-neoforge-1.21.1-1.0.2.jar" [locator: {mods folder locator at /workspaces/regret/servidor_minecraft/mods}, reader: mod manifest]
[10May2026 17:32:25.668] [main/INFO] [net.neoforged.fml.loading.moddiscovery.ModDiscoverer/SCAN]: Found mod file "Seasonal Integration-v1.5.0-Mc1.21.1+.jar" [locator: {mods folder locator at /workspaces/regret/servidor_minecraft/mods}, reader: mod manifest]
[10May2026 17:32:25.669] [main/INFO] [net.neoforged.fml.loading.moddiscovery.ModDiscoverer/SCAN]: Found mod file "SereneSeasons-neoforge-1.21.1-10.1.0.3.jar" [locator: {mods folder locator at /workspaces/regret/servidor_minecraft/mods}, reader: mod manifest]
[10May2026 17:32:25.670] [main/INFO] [net.neoforged.fml.loading.moddiscovery.ModDiscoverer/SCAN]: Found mod file "serverbrowser-neoforge-1.4.2-1.21.1.jar" [locator: {mods folder locator at /workspaces/regret/servidor_minecraft/mods}, reader: mod manifest]
[10May2026 17:32:25.671] [main/INFO] [net.neoforged.fml.loading.moddiscovery.ModDiscoverer/SCAN]: Found mod file "simple_snowy_fix-1.21.1-1.21.11-2.1.9-neoforge.jar" [locator: {mods folder locator at /workspaces/regret/servidor_minecraft/mods}, reader: mod manifest]
[10May2026 17:32:25.672] [main/INFO] [net.neoforged.fml.loading.moddiscovery.ModDiscoverer/SCAN]: Found mod file "SkeletonAIFix-v21.1.1-1.21.1-NeoForge.jar" [locator: {mods folder locator at /workspaces/regret/servidor_minecraft/mods}, reader: mod manifest]
[10May2026 17:32:25.704] [main/INFO] [net.neoforged.fml.loading.moddiscovery.ModDiscoverer/SCAN]: Found mod file "skinlayers3d-neoforge-1.11.1-mc1.21.1.jar" [locator: {mods folder locator at /workspaces/regret/servidor_minecraft/mods}, reader: mod manifest]
[10May2026 17:32:25.706] [main/INFO] [net.neoforged.fml.loading.moddiscovery.ModDiscoverer/SCAN]: Found mod file "skinrestorer-2.7.0+1.21-neoforge.jar" [locator: {mods folder locator at /workspaces/regret/servidor_minecraft/mods}, reader: mod manifest]
[10May2026 17:32:25.707] [main/INFO] [net.neoforged.fml.loading.moddiscovery.ModDiscoverer/SCAN]: Found mod file "smarterfarmers-1.21-2.2.4-neoforge.jar" [locator: {mods folder locator at /workspaces/regret/servidor_minecraft/mods}, reader: mod manifest]
[10May2026 17:32:25.708] [main/INFO] [net.neoforged.fml.loading.moddiscovery.ModDiscoverer/SCAN]: Found mod file "smoothchunk-1.21-4.1.jar" [locator: {mods folder locator at /workspaces/regret/servidor_minecraft/mods}, reader: mod manifest]
[10May2026 17:32:25.709] [main/INFO] [net.neoforged.fml.loading.moddiscovery.ModDiscoverer/SCAN]: Found mod file "smoothmovement-1.21.1-2.7.jar" [locator: {mods folder locator at /workspaces/regret/servidor_minecraft/mods}, reader: mod manifest]
[10May2026 17:32:25.710] [main/INFO] [net.neoforged.fml.loading.moddiscovery.ModDiscoverer/SCAN]: Found mod file "SnowRealMagic-1.21.1-NeoForge-12.2.1.jar" [locator: {mods folder locator at /workspaces/regret/servidor_minecraft/mods}, reader: mod manifest]
[10May2026 17:32:25.711] [main/INFO] [net.neoforged.fml.loading.moddiscovery.ModDiscoverer/SCAN]: Found mod file "snowundertrees-1.21.1-1.5.jar" [locator: {mods folder locator at /workspaces/regret/servidor_minecraft/mods}, reader: mod manifest]
[10May2026 17:32:25.713] [main/INFO] [net.neoforged.fml.loading.moddiscovery.ModDiscoverer/SCAN]: Found mod file "sound-physics-remastered-neoforge-1.21.1-1.5.1.jar" [locator: {mods folder locator at /workspaces/regret/servidor_minecraft/mods}, reader: mod manifest]
[10May2026 17:32:25.714] [main/INFO] [net.neoforged.fml.loading.moddiscovery.ModDiscoverer/SCAN]: Found mod file "spark-1.10.124-neoforge.jar" [locator: {mods folder locator at /workspaces/regret/servidor_minecraft/mods}, reader: mod manifest]
[10May2026 17:32:25.715] [main/INFO] [net.neoforged.fml.loading.moddiscovery.ModDiscoverer/SCAN]: Found mod file "sparsestructures-neoforge-1.21.1-3.0.jar" [locator: {mods folder locator at /workspaces/regret/servidor_minecraft/mods}, reader: mod manifest]
[10May2026 17:32:25.718] [main/INFO] [net.neoforged.fml.loading.moddiscovery.ModDiscoverer/SCAN]: Found mod file "Stoneworks-v21.1.0-1.21.1-NeoForge.jar" [locator: {mods folder locator at /workspaces/regret/servidor_minecraft/mods}, reader: mod manifest]
[10May2026 17:32:25.719] [main/INFO] [net.neoforged.fml.loading.moddiscovery.ModDiscoverer/SCAN]: Found mod file "Stony Cliffs FML v1.1.2.jar" [locator: {mods folder locator at /workspaces/regret/servidor_minecraft/mods}, reader: mod manifest]
[10May2026 17:32:25.720] [main/INFO] [net.neoforged.fml.loading.moddiscovery.ModDiscoverer/SCAN]: Found mod file "Structory_26.1_v1.3.16.jar" [locator: {mods folder locator at /workspaces/regret/servidor_minecraft/mods}, reader: mod manifest]
[10May2026 17:32:25.720] [main/INFO] [net.neoforged.fml.loading.moddiscovery.ModDiscoverer/SCAN]: Found mod file "Structory_Towers_26.1_v1.0.16.jar" [locator: {mods folder locator at /workspaces/regret/servidor_minecraft/mods}, reader: mod manifest]
[10May2026 17:32:25.721] [main/INFO] [net.neoforged.fml.loading.moddiscovery.ModDiscoverer/SCAN]: Found mod file "structure_layout_optimizer-neoforge-1.0.12.jar" [locator: {mods folder locator at /workspaces/regret/servidor_minecraft/mods}, reader: mod manifest]
[10May2026 17:32:25.722] [main/INFO] [net.neoforged.fml.loading.moddiscovery.ModDiscoverer/SCAN]: Found mod file "structureessentials-1.21.1-5.0.jar" [locator: {mods folder locator at /workspaces/regret/servidor_minecraft/mods}, reader: mod manifest]
[10May2026 17:32:25.724] [main/INFO] [net.neoforged.fml.loading.moddiscovery.ModDiscoverer/SCAN]: Found mod file "SubtleEffects-neoforge-1.21.1-1.14.3.jar" [locator: {mods folder locator at /workspaces/regret/servidor_minecraft/mods}, reader: mod manifest]
[10May2026 17:32:25.728] [main/INFO] [net.neoforged.fml.loading.moddiscovery.ModDiscoverer/SCAN]: Found mod file "supplementaries-1.21-3.5.34-neoforge.jar" [locator: {mods folder locator at /workspaces/regret/servidor_minecraft/mods}, reader: mod manifest]
[10May2026 17:32:25.729] [main/INFO] [net.neoforged.fml.loading.moddiscovery.ModDiscoverer/SCAN]: Found mod file "takesapillage-neoforge-1.0.10+mc1.21.1.jar" [locator: {mods folder locator at /workspaces/regret/servidor_minecraft/mods}, reader: mod manifest]
[10May2026 17:32:25.731] [main/INFO] [net.neoforged.fml.loading.moddiscovery.ModDiscoverer/SCAN]: Found mod file "TerraBlender-neoforge-1.21.1-4.1.0.8.jar" [locator: {mods folder locator at /workspaces/regret/servidor_minecraft/mods}, reader: mod manifest]
[10May2026 17:32:25.732] [main/INFO] [net.neoforged.fml.loading.moddiscovery.ModDiscoverer/SCAN]: Found mod file "tfthreadsafetyaddon-0.1.3.jar" [locator: {mods folder locator at /workspaces/regret/servidor_minecraft/mods}, reader: mod manifest]
[10May2026 17:32:25.733] [main/INFO] [net.neoforged.fml.loading.moddiscovery.ModDiscoverer/SCAN]: Found mod file "toms_storage-1.21-2.3.2.jar" [locator: {mods folder locator at /workspaces/regret/servidor_minecraft/mods}, reader: mod manifest]
[10May2026 17:32:25.734] [main/INFO] [net.neoforged.fml.loading.moddiscovery.ModDiscoverer/SCAN]: Found mod file "toofast-1.21.0-0.4.3.6.jar" [locator: {mods folder locator at /workspaces/regret/servidor_minecraft/mods}, reader: mod manifest]
[10May2026 17:32:25.736] [main/INFO] [net.neoforged.fml.loading.moddiscovery.ModDiscoverer/SCAN]: Found mod file "TradingPost-v21.1.1-1.21.1-NeoForge.jar" [locator: {mods folder locator at /workspaces/regret/servidor_minecraft/mods}, reader: mod manifest]
[10May2026 17:32:25.737] [main/INFO] [net.neoforged.fml.loading.moddiscovery.ModDiscoverer/SCAN]: Found mod file "twilightdelight-3.2.0.jar" [locator: {mods folder locator at /workspaces/regret/servidor_minecraft/mods}, reader: mod manifest]
[10May2026 17:32:25.742] [main/INFO] [net.neoforged.fml.loading.moddiscovery.ModDiscoverer/SCAN]: Found mod file "twilightforest-1.21.1-4.8.3345-universal.jar" [locator: {mods folder locator at /workspaces/regret/servidor_minecraft/mods}, reader: mod manifest]
[10May2026 17:32:25.777] [main/INFO] [net.neoforged.fml.loading.moddiscovery.ModDiscoverer/SCAN]: Found mod file "txnilib-neoforge-1.0.24-1.21.1.jar" [locator: {mods folder locator at /workspaces/regret/servidor_minecraft/mods}, reader: mod manifest]
[10May2026 17:32:25.778] [main/INFO] [net.neoforged.fml.loading.moddiscovery.ModDiscoverer/SCAN]: Found mod file "underlay-1.0.1-neoforge-mc1.21.1.jar" [locator: {mods folder locator at /workspaces/regret/servidor_minecraft/mods}, reader: mod manifest]
[10May2026 17:32:25.781] [main/INFO] [net.neoforged.fml.loading.moddiscovery.ModDiscoverer/SCAN]: Found mod file "VanillaBackport-neoforge-1.21.1-1.1.6.3.jar" [locator: {mods folder locator at /workspaces/regret/servidor_minecraft/mods}, reader: mod manifest]
[10May2026 17:32:25.782] [main/INFO] [net.neoforged.fml.loading.moddiscovery.ModDiscoverer/SCAN]: Found mod file "variantsandventures-neoforge-1.0.24+mc1.21.1.jar" [locator: {mods folder locator at /workspaces/regret/servidor_minecraft/mods}, reader: mod manifest]
[10May2026 17:32:25.783] [main/INFO] [net.neoforged.fml.loading.moddiscovery.ModDiscoverer/SCAN]: Found mod file "vb-compat-1.7-1.21.1.jar" [locator: {mods folder locator at /workspaces/regret/servidor_minecraft/mods}, reader: mod manifest]
[10May2026 17:32:25.784] [main/INFO] [net.neoforged.fml.loading.moddiscovery.ModDiscoverer/SCAN]: Found mod file "veinmining-neoforge-5.0.0-beta.2+1.21.jar" [locator: {mods folder locator at /workspaces/regret/servidor_minecraft/mods}, reader: mod manifest]
[10May2026 17:32:25.785] [main/INFO] [net.neoforged.fml.loading.moddiscovery.ModDiscoverer/SCAN]: Found mod file "Villager-API-1.21.1-neoforge-1.26.1.3.jar" [locator: {mods folder locator at /workspaces/regret/servidor_minecraft/mods}, reader: mod manifest]
[10May2026 17:32:25.786] [main/INFO] [net.neoforged.fml.loading.moddiscovery.ModDiscoverer/SCAN]: Found mod file "villagernames-1.21.1-8.2.jar" [locator: {mods folder locator at /workspaces/regret/servidor_minecraft/mods}, reader: mod manifest]
[10May2026 17:32:25.787] [main/INFO] [net.neoforged.fml.loading.moddiscovery.ModDiscoverer/SCAN]: Found mod file "villagesandpillages-neoforge-mc1.21.1-1.0.3.jar" [locator: {mods folder locator at /workspaces/regret/servidor_minecraft/mods}, reader: mod manifest]
[10May2026 17:32:25.788] [main/INFO] [net.neoforged.fml.loading.moddiscovery.ModDiscoverer/SCAN]: Found mod file "VisualWorkbench-v21.1.1-1.21.1-NeoForge.jar" [locator: {mods folder locator at /workspaces/regret/servidor_minecraft/mods}, reader: mod manifest]
[10May2026 17:32:25.789] [main/INFO] [net.neoforged.fml.loading.moddiscovery.ModDiscoverer/SCAN]: Found mod file "watut-neoforge-1.21.0-1.2.7.jar" [locator: {mods folder locator at /workspaces/regret/servidor_minecraft/mods}, reader: mod manifest]
[10May2026 17:32:25.791] [main/INFO] [net.neoforged.fml.loading.moddiscovery.ModDiscoverer/SCAN]: Found mod file "waystones-neoforge-1.21.1-21.1.30.jar" [locator: {mods folder locator at /workspaces/regret/servidor_minecraft/mods}, reader: mod manifest]
[10May2026 17:32:25.792] [main/INFO] [net.neoforged.fml.loading.moddiscovery.ModDiscoverer/SCAN]: Found mod file "wetland_whimsy-2.0.3-1.21.1.jar" [locator: {mods folder locator at /workspaces/regret/servidor_minecraft/mods}, reader: mod manifest]
[10May2026 17:32:25.793] [main/INFO] [net.neoforged.fml.loading.moddiscovery.ModDiscoverer/SCAN]: Found mod file "worldplaytime-1.2.2-1.21-NEOFORGE.jar" [locator: {mods folder locator at /workspaces/regret/servidor_minecraft/mods}, reader: mod manifest]
[10May2026 17:32:25.795] [main/INFO] [net.neoforged.fml.loading.moddiscovery.ModDiscoverer/SCAN]: Found mod file "xaerominimap-neoforge-1.21.1-25.3.10.jar" [locator: {mods folder locator at /workspaces/regret/servidor_minecraft/mods}, reader: mod manifest]
[10May2026 17:32:25.796] [main/INFO] [net.neoforged.fml.loading.moddiscovery.ModDiscoverer/SCAN]: Found mod file "xaeroworldmap-neoforge-1.21.1-1.40.11.jar" [locator: {mods folder locator at /workspaces/regret/servidor_minecraft/mods}, reader: mod manifest]
[10May2026 17:32:25.797] [main/INFO] [net.neoforged.fml.loading.moddiscovery.ModDiscoverer/SCAN]: Found mod file "xptome-1.21.1-2.4.jar" [locator: {mods folder locator at /workspaces/regret/servidor_minecraft/mods}, reader: mod manifest]
[10May2026 17:32:25.798] [main/INFO] [net.neoforged.fml.loading.moddiscovery.ModDiscoverer/SCAN]: Found mod file "yet_another_config_lib_v3-3.8.2+1.21.1-neoforge.jar" [locator: {mods folder locator at /workspaces/regret/servidor_minecraft/mods}, reader: mod manifest]
[10May2026 17:32:25.800] [main/INFO] [net.neoforged.fml.loading.moddiscovery.ModDiscoverer/SCAN]: Found mod file "youre-in-grave-danger-neoforge-2.0.13.jar" [locator: {mods folder locator at /workspaces/regret/servidor_minecraft/mods}, reader: mod manifest]
[10May2026 17:32:25.801] [main/INFO] [net.neoforged.fml.loading.moddiscovery.ModDiscoverer/SCAN]: Found mod file "YungsApi-1.21.1-NeoForge-5.1.6.jar" [locator: {mods folder locator at /workspaces/regret/servidor_minecraft/mods}, reader: mod manifest]
[10May2026 17:32:25.802] [main/INFO] [net.neoforged.fml.loading.moddiscovery.ModDiscoverer/SCAN]: Found mod file "YungsBetterDungeons-1.21.1-NeoForge-5.1.4.jar" [locator: {mods folder locator at /workspaces/regret/servidor_minecraft/mods}, reader: mod manifest]
[10May2026 17:32:25.803] [main/INFO] [net.neoforged.fml.loading.moddiscovery.ModDiscoverer/SCAN]: Found mod file "YungsBetterEndIsland-1.21.1-NeoForge-3.1.2.jar" [locator: {mods folder locator at /workspaces/regret/servidor_minecraft/mods}, reader: mod manifest]
[10May2026 17:32:25.804] [main/INFO] [net.neoforged.fml.loading.moddiscovery.ModDiscoverer/SCAN]: Found mod file "YungsBetterJungleTemples-1.21.1-NeoForge-3.1.2.jar" [locator: {mods folder locator at /workspaces/regret/servidor_minecraft/mods}, reader: mod manifest]
[10May2026 17:32:25.805] [main/INFO] [net.neoforged.fml.loading.moddiscovery.ModDiscoverer/SCAN]: Found mod file "YungsBetterMineshafts-1.21.1-NeoForge-5.1.1.jar" [locator: {mods folder locator at /workspaces/regret/servidor_minecraft/mods}, reader: mod manifest]
[10May2026 17:32:25.806] [main/INFO] [net.neoforged.fml.loading.moddiscovery.ModDiscoverer/SCAN]: Found mod file "YungsBetterNetherFortresses-1.21.1-NeoForge-3.1.5.jar" [locator: {mods folder locator at /workspaces/regret/servidor_minecraft/mods}, reader: mod manifest]
[10May2026 17:32:25.807] [main/INFO] [net.neoforged.fml.loading.moddiscovery.ModDiscoverer/SCAN]: Found mod file "YungsBetterOceanMonuments-1.21.1-NeoForge-4.1.2.jar" [locator: {mods folder locator at /workspaces/regret/servidor_minecraft/mods}, reader: mod manifest]
[10May2026 17:32:25.808] [main/INFO] [net.neoforged.fml.loading.moddiscovery.ModDiscoverer/SCAN]: Found mod file "YungsBetterStrongholds-1.21.1-NeoForge-5.1.3.jar" [locator: {mods folder locator at /workspaces/regret/servidor_minecraft/mods}, reader: mod manifest]
[10May2026 17:32:25.809] [main/INFO] [net.neoforged.fml.loading.moddiscovery.ModDiscoverer/SCAN]: Found mod file "YungsBetterWitchHuts-1.21.1-NeoForge-4.1.1.jar" [locator: {mods folder locator at /workspaces/regret/servidor_minecraft/mods}, reader: mod manifest]
[10May2026 17:32:25.810] [main/INFO] [net.neoforged.fml.loading.moddiscovery.ModDiscoverer/SCAN]: Found mod file "zombieimprovements-1.2.0+1.21.1-neoforge.jar" [locator: {mods folder locator at /workspaces/regret/servidor_minecraft/mods}, reader: mod manifest]
[10May2026 17:32:25.823] [main/INFO] [net.neoforged.fml.loading.moddiscovery.ModDiscoverer/SCAN]: Found mod file "crash_assistant-neoforge.jar" [parent: , locator: jarinjar, reader: mod manifest]
[10May2026 17:32:28.911] [main/WARN] [net.neoforged.jarjar.selection.JarSelector/]: Attempted to select a dependency jar for JarJar which was passed in as source: library:net.fabricmc.loader. Using Mod File: /~nonexistent
[10May2026 17:32:28.911] [main/WARN] [net.neoforged.jarjar.selection.JarSelector/]: Attempted to select a dependency jar for JarJar which was passed in as source: accessories. Using Mod File: /workspaces/regret/servidor_minecraft/mods/accessories-neoforge-1.1.0-beta.53+1.21.1.jar
[10May2026 17:32:28.911] [main/WARN] [net.neoforged.jarjar.selection.JarSelector/]: Attempted to select a dependency jar for JarJar which was passed in as source: terrablender. Using Mod File: /workspaces/regret/servidor_minecraft/mods/TerraBlender-neoforge-1.21.1-4.1.0.8.jar
[10May2026 17:32:28.911] [main/WARN] [net.neoforged.jarjar.selection.JarSelector/]: Attempted to select a dependency jar for JarJar which was passed in as source: aeroblender. Using Mod File: /workspaces/regret/servidor_minecraft/mods/aeroblender-1.21.1-1.0.0-neoforge.jar
[10May2026 17:32:28.911] [main/INFO] [net.neoforged.fml.loading.moddiscovery.locators.JarInJarDependencyLocator/]: Found 141 dependencies adding them to mods collection
[10May2026 17:32:28.911] [main/INFO] [net.neoforged.fml.loading.moddiscovery.ModDiscoverer/SCAN]: Found mod file "c2me-fixes-worldgen-threading-issues-mc1.21.1-0.3.0+alpha.0.91.jar" [parent: c2me-neoforge-mc1.21.1-0.3.0+alpha.0.91.jar, locator: jarinjar, reader: mod manifest]
[10May2026 17:32:28.912] [main/INFO] [net.neoforged.fml.loading.moddiscovery.ModDiscoverer/SCAN]: Found mod file "kuma-api-neoforge-21.0.7+1.21.jar" [parent: balm-neoforge-1.21.1-21.0.56.jar, locator: jarinjar, reader: mod manifest]
[10May2026 17:32:28.912] [main/INFO] [net.neoforged.fml.loading.moddiscovery.ModDiscoverer/SCAN]: Found mod file "fabric-renderer-api-v1-3.4.1+9125b6dc19.jar" [parent: forgified-fabric-api-0.116.7+2.2.4+1.21.1.jar, locator: jarinjar, reader: mod manifest]
[10May2026 17:32:28.912] [main/INFO] [net.neoforged.fml.loading.moddiscovery.ModDiscoverer/SCAN]: Found library file "sewlia-config-1.0.0-20250810.044244-13.jar" [parent: krypton_fnp-neoforge-1.21.1-0.2.28.1-1.21.1.jar, locator: jarinjar]
[10May2026 17:32:28.912] [main/INFO] [net.neoforged.fml.loading.moddiscovery.ModDiscoverer/SCAN]: Found mod file "ponder-neoforge-1.0.82+mc1.21.1.jar" [parent: create-1.21.1-6.0.10.jar, locator: jarinjar, reader: mod manifest]
[10May2026 17:32:28.912] [main/INFO] [net.neoforged.fml.loading.moddiscovery.ModDiscoverer/SCAN]: Found mod file "c2me-rewrites-chunk-serializer-mc1.21.1-0.3.0+alpha.0.91.jar" [parent: c2me-neoforge-mc1.21.1-0.3.0+alpha.0.91.jar, locator: jarinjar, reader: mod manifest]
[10May2026 17:32:28.912] [main/INFO] [net.neoforged.fml.loading.moddiscovery.ModDiscoverer/SCAN]: Found mod file "kubejs-bridge-1.12.1+1.21.1.jar" [parent: ConnectorExtras-1.12.1+1.21.1.jar, locator: jarinjar, reader: mod manifest]
[10May2026 17:32:28.912] [main/INFO] [net.neoforged.fml.loading.moddiscovery.ModDiscoverer/SCAN]: Found mod file "fabric-item-api-v1-11.2.0+0c57911319.jar" [parent: forgified-fabric-api-0.116.7+2.2.4+1.21.1.jar, locator: jarinjar, reader: mod manifest]
[10May2026 17:32:28.912] [main/INFO] [net.neoforged.fml.loading.moddiscovery.ModDiscoverer/SCAN]: Found mod file "modmenu-bridge-1.12.1+1.21.1.jar" [parent: ConnectorExtras-1.12.1+1.21.1.jar, locator: jarinjar, reader: mod manifest]
[10May2026 17:32:28.912] [main/INFO] [net.neoforged.fml.loading.moddiscovery.ModDiscoverer/SCAN]: Found mod file "fabric-rendering-fluids-v1-3.1.6+a51883b219.jar" [parent: forgified-fabric-api-0.116.7+2.2.4+1.21.1.jar, locator: jarinjar, reader: mod manifest]
[10May2026 17:32:28.912] [main/INFO] [net.neoforged.fml.loading.moddiscovery.ModDiscoverer/SCAN]: Found library file "github-api-2.0-rc.6.jar" [parent: neruina-3.3.0+1.21.1-neoforge.jar, locator: jarinjar]
[10May2026 17:32:28.912] [main/INFO] [net.neoforged.fml.loading.moddiscovery.ModDiscoverer/SCAN]: Found library file "MixinSquared-0.3.4.jar" [parent: mixinsquared-neoforge-0.3.4.jar, locator: jarinjar]
[10May2026 17:32:28.912] [main/INFO] [net.neoforged.fml.loading.moddiscovery.ModDiscoverer/SCAN]: Found mod file "c2me-opts-natives-math-mc1.21.1-0.3.0+alpha.0.91.jar" [parent: c2me-neoforge-mc1.21.1-0.3.0+alpha.0.91.jar, locator: jarinjar, reader: mod manifest]
[10May2026 17:32:28.912] [main/INFO] [net.neoforged.fml.loading.moddiscovery.ModDiscoverer/SCAN]: Found mod file "c2me-fixes-general-threading-issues-mc1.21.1-0.3.0+alpha.0.91.jar" [parent: c2me-neoforge-mc1.21.1-0.3.0+alpha.0.91.jar, locator: jarinjar, reader: mod manifest]
[10May2026 17:32:28.912] [main/INFO] [net.neoforged.fml.loading.moddiscovery.ModDiscoverer/SCAN]: Found library file "netty-0.1.4.1.jar" [parent: owo-lib-neoforge-0.12.15.5-beta.1+1.21.jar, locator: jarinjar]
[10May2026 17:32:28.912] [main/INFO] [net.neoforged.fml.loading.moddiscovery.ModDiscoverer/SCAN]: Found mod file "fabric-convention-tags-v1-2.1.5+7f945d5b19.jar" [parent: forgified-fabric-api-0.116.7+2.2.4+1.21.1.jar, locator: jarinjar, reader: mod manifest]
[10May2026 17:32:28.913] [main/INFO] [net.neoforged.fml.loading.moddiscovery.ModDiscoverer/SCAN]: Found library file "endec-0.1.8.1.jar" [parent: owo-lib-neoforge-0.12.15.5-beta.1+1.21.jar, locator: jarinjar]
[10May2026 17:32:28.913] [main/INFO] [net.neoforged.fml.loading.moddiscovery.ModDiscoverer/SCAN]: Found library file "kotlinx-coroutines-core-jvm-1.10.2.jar" [parent: kotlinforforge-5.11.0-all.jar, locator: jarinjar]
[10May2026 17:32:28.913] [main/INFO] [net.neoforged.fml.loading.moddiscovery.ModDiscoverer/SCAN]: Found mod file "fabric-block-view-api-v2-1.0.11+e9036fd419.jar" [parent: forgified-fabric-api-0.116.7+2.2.4+1.21.1.jar, locator: jarinjar, reader: mod manifest]
[10May2026 17:32:28.913] [main/INFO] [net.neoforged.fml.loading.moddiscovery.ModDiscoverer/SCAN]: Found mod file "fabric-command-api-v2-2.2.28+36d727be19.jar" [parent: forgified-fabric-api-0.116.7+2.2.4+1.21.1.jar, locator: jarinjar, reader: mod manifest]
[10May2026 17:32:28.913] [main/INFO] [net.neoforged.fml.loading.moddiscovery.ModDiscoverer/SCAN]: Found mod file "fabric-convention-tags-v2-2.11.1+87e5848019.jar" [parent: forgified-fabric-api-0.116.7+2.2.4+1.21.1.jar, locator: jarinjar, reader: mod manifest]
[10May2026 17:32:28.913] [main/INFO] [net.neoforged.fml.loading.moddiscovery.ModDiscoverer/SCAN]: Found mod file "fabric-data-attachment-api-v1-1.4.5+26d408aa19.jar" [parent: forgified-fabric-api-0.116.7+2.2.4+1.21.1.jar, locator: jarinjar, reader: mod manifest]
[10May2026 17:32:28.913] [main/INFO] [net.neoforged.fml.loading.moddiscovery.ModDiscoverer/SCAN]: Found library file "jctools-core-4.0.5.jar" [parent: c2me-neoforge-mc1.21.1-0.3.0+alpha.0.91.jar, locator: jarinjar]
[10May2026 17:32:28.913] [main/INFO] [net.neoforged.fml.loading.moddiscovery.ModDiscoverer/SCAN]: Found mod file "neoforgedatapackextensions-neoforge-21.1.2.jar" [parent: DyedFlames-v21.1.1-1.21.1-NeoForge.jar, locator: jarinjar, reader: mod manifest]
[10May2026 17:32:28.913] [main/INFO] [net.neoforged.fml.loading.moddiscovery.ModDiscoverer/SCAN]: Found mod file "rei-bridge-1.12.1+1.21.1.jar" [parent: ConnectorExtras-1.12.1+1.21.1.jar, locator: jarinjar, reader: mod manifest]
[10May2026 17:32:28.913] [main/INFO] [net.neoforged.fml.loading.moddiscovery.ModDiscoverer/SCAN]: Found mod file "biolith-neoforge-3.0.10.jar" [parent: wetland_whimsy-2.0.3-1.21.1.jar, locator: jarinjar, reader: mod manifest]
[10May2026 17:32:28.913] [main/INFO] [net.neoforged.fml.loading.moddiscovery.ModDiscoverer/SCAN]: Found mod file "c2me-opts-math-mc1.21.1-0.3.0+alpha.0.91.jar" [parent: c2me-neoforge-mc1.21.1-0.3.0+alpha.0.91.jar, locator: jarinjar, reader: mod manifest]
[10May2026 17:32:28.913] [main/INFO] [net.neoforged.fml.loading.moddiscovery.ModDiscoverer/SCAN]: Found library file "kotlin-stdlib-jdk7-2.3.0.jar" [parent: kotlinforforge-5.11.0-all.jar, locator: jarinjar]
[10May2026 17:32:28.913] [main/INFO] [net.neoforged.fml.loading.moddiscovery.ModDiscoverer/SCAN]: Found mod file "fabric-screen-api-v1-2.0.25+4228281319.jar" [parent: forgified-fabric-api-0.115.6+2.1.0+1.21.1.jar, locator: jarinjar, reader: mod manifest]
[10May2026 17:32:28.913] [main/INFO] [net.neoforged.fml.loading.moddiscovery.ModDiscoverer/SCAN]: Found library file "reactive-streams-1.0.4.jar" [parent: c2me-neoforge-mc1.21.1-0.3.0+alpha.0.91.jar, locator: jarinjar]
[10May2026 17:32:28.914] [main/INFO] [net.neoforged.fml.loading.moddiscovery.ModDiscoverer/SCAN]: Found library file "kotlin-stdlib-jdk8-2.3.0.jar" [parent: kotlinforforge-5.11.0-all.jar, locator: jarinjar]
[10May2026 17:32:28.914] [main/INFO] [net.neoforged.fml.loading.moddiscovery.ModDiscoverer/SCAN]: Found mod file "c2me-base-mc1.21.1-0.3.0+alpha.0.91-all.jar" [parent: c2me-neoforge-mc1.21.1-0.3.0+alpha.0.91.jar, locator: jarinjar, reader: mod manifest]
[10May2026 17:32:28.914] [main/INFO] [net.neoforged.fml.loading.moddiscovery.ModDiscoverer/SCAN]: Found mod file "forgified-fabric-api-0.115.6+2.1.0+1.21.1.jar" [parent: txnilib-neoforge-1.0.24-1.21.1.jar, locator: jarinjar, reader: mod manifest]
[10May2026 17:32:28.914] [main/INFO] [net.neoforged.fml.loading.moddiscovery.ModDiscoverer/SCAN]: Found mod file "c2me-fixes-worldgen-vanilla-bugs-mc1.21.1-0.3.0+alpha.0.91.jar" [parent: c2me-neoforge-mc1.21.1-0.3.0+alpha.0.91.jar, locator: jarinjar, reader: mod manifest]
[10May2026 17:32:28.914] [main/INFO] [net.neoforged.fml.loading.moddiscovery.ModDiscoverer/SCAN]: Found mod file "fabric-content-registries-v0-8.0.19+5e0d320019.jar" [parent: forgified-fabric-api-0.116.7+2.2.4+1.21.1.jar, locator: jarinjar, reader: mod manifest]
[10May2026 17:32:28.914] [main/INFO] [net.neoforged.fml.loading.moddiscovery.ModDiscoverer/SCAN]: Found library file "kotlinx-serialization-json-jvm-1.9.0.jar" [parent: kotlinforforge-5.11.0-all.jar, locator: jarinjar]
[10May2026 17:32:28.914] [main/INFO] [net.neoforged.fml.loading.moddiscovery.ModDiscoverer/SCAN]: Found library file "bytecodecs-1.1.2.jar" [parent: resourcefullib-neoforge-1.21-3.0.12.jar, locator: jarinjar]
[10May2026 17:32:28.914] [main/INFO] [net.neoforged.fml.loading.moddiscovery.ModDiscoverer/SCAN]: Found gamelibrary file "l2modularblocks-3.0.0.jar" [parent: twilightdelight-3.2.0.jar, locator: jarinjar, reader: mod manifest]
[10May2026 17:32:28.914] [main/INFO] [net.neoforged.fml.loading.moddiscovery.ModDiscoverer/SCAN]: Found mod file "terrablender-bridge-1.12.1+1.21.1.jar" [parent: ConnectorExtras-1.12.1+1.21.1.jar, locator: jarinjar, reader: mod manifest]
[10May2026 17:32:28.914] [main/INFO] [net.neoforged.fml.loading.moddiscovery.ModDiscoverer/SCAN]: Found mod file "diagonalblocks-neoforge-21.1.2.jar" [parent: DiagonalWalls-v21.1.2-1.21.1-NeoForge.jar, locator: jarinjar, reader: mod manifest]
[10May2026 17:32:28.914] [main/INFO] [net.neoforged.fml.loading.moddiscovery.ModDiscoverer/SCAN]: Found library file "exp4j-0.4.8.jar" [parent: c2me-neoforge-mc1.21.1-0.3.0+alpha.0.91.jar, locator: jarinjar]
[10May2026 17:32:28.914] [main/INFO] [net.neoforged.fml.loading.moddiscovery.ModDiscoverer/SCAN]: Found library file "snakeyaml-2.4.jar" [parent: krypton_fnp-neoforge-1.21.1-0.2.28.1-1.21.1.jar, locator: jarinjar]
[10May2026 17:32:28.914] [main/INFO] [net.neoforged.fml.loading.moddiscovery.ModDiscoverer/SCAN]: Found gamelibrary file "mixinextras-neoforge-0.5.3.jar" [parent: neoforge-21.1.228-universal.jar, locator: jarinjar, reader: mod manifest]
[10May2026 17:32:28.914] [main/INFO] [net.neoforged.fml.loading.moddiscovery.ModDiscoverer/SCAN]: Found mod file "fabric-game-rule-api-v1-1.0.53+36d727be19.jar" [parent: forgified-fabric-api-0.116.7+2.2.4+1.21.1.jar, locator: jarinjar, reader: mod manifest]
[10May2026 17:32:28.914] [main/INFO] [net.neoforged.fml.loading.moddiscovery.ModDiscoverer/SCAN]: Found mod file "fabric-api-lookup-api-v1-1.6.71+c290471319.jar" [parent: forgified-fabric-api-0.116.7+2.2.4+1.21.1.jar, locator: jarinjar, reader: mod manifest]
[10May2026 17:32:28.914] [main/INFO] [net.neoforged.fml.loading.moddiscovery.ModDiscoverer/SCAN]: Found mod file "c2me-fixes-chunkio-threading-issues-mc1.21.1-0.3.0+alpha.0.91.jar" [parent: c2me-neoforge-mc1.21.1-0.3.0+alpha.0.91.jar, locator: jarinjar, reader: mod manifest]
[10May2026 17:32:28.915] [main/INFO] [net.neoforged.fml.loading.moddiscovery.ModDiscoverer/SCAN]: Found mod file "c2me-client-uncapvd-mc1.21.1-0.3.0+alpha.0.91.jar" [parent: c2me-neoforge-mc1.21.1-0.3.0+alpha.0.91.jar, locator: jarinjar, reader: mod manifest]
[10May2026 17:32:28.915] [main/INFO] [net.neoforged.fml.loading.moddiscovery.ModDiscoverer/SCAN]: Found gamelibrary file "mixinsquared-neoforge-0.3.4.jar" [parent: accessories_compat_layer-neoforge-0.1.12+1.21.1.jar, locator: jarinjar, reader: mod manifest]
[10May2026 17:32:28.915] [main/INFO] [net.neoforged.fml.loading.moddiscovery.ModDiscoverer/SCAN]: Found library file "imageio-metadata-3.12.0.jar" [parent: yet_another_config_lib_v3-3.8.2+1.21.1-neoforge.jar, locator: jarinjar]
[10May2026 17:32:28.915] [main/INFO] [net.neoforged.fml.loading.moddiscovery.ModDiscoverer/SCAN]: Found library file "jcpp-1.4.14.jar" [parent: iris-neoforge-1.8.12+mc1.21.1.jar, locator: jarinjar]
[10May2026 17:32:28.915] [main/INFO] [net.neoforged.fml.loading.moddiscovery.ModDiscoverer/SCAN]: Found mod file "c2me-opts-dfc-mc1.21.1-0.3.0+alpha.0.91.jar" [parent: c2me-neoforge-mc1.21.1-0.3.0+alpha.0.91.jar, locator: jarinjar, reader: mod manifest]
[10May2026 17:32:28.915] [main/INFO] [net.neoforged.fml.loading.moddiscovery.ModDiscoverer/SCAN]: Found library file "kotlin-stdlib-2.3.0.jar" [parent: kotlinforforge-5.11.0-all.jar, locator: jarinjar]
[10May2026 17:32:28.915] [main/INFO] [net.neoforged.fml.loading.moddiscovery.ModDiscoverer/SCAN]: Found mod file "limitlesscontainers-neoforge-21.1.0.jar" [parent: NetherChested-v21.1.1-1.21.1-NeoForge.jar, locator: jarinjar, reader: mod manifest]
[10May2026 17:32:28.915] [main/INFO] [net.neoforged.fml.loading.moddiscovery.ModDiscoverer/SCAN]: Found library file "tomlkt-jvm-0.3.7.jar" [parent: fzzy_config-0.7.6+1.21+neoforge.jar, locator: jarinjar]
[10May2026 17:32:28.915] [main/INFO] [net.neoforged.fml.loading.moddiscovery.ModDiscoverer/SCAN]: Found mod file "fabric-entity-events-v1-1.8.0+5ede667619.jar" [parent: forgified-fabric-api-0.116.7+2.2.4+1.21.1.jar, locator: jarinjar, reader: mod manifest]
[10May2026 17:32:28.915] [main/INFO] [net.neoforged.fml.loading.moddiscovery.ModDiscoverer/SCAN]: Found mod file "cumulus_menus-1.21.1-2.0.7-neoforge.jar" [parent: aether-1.21.1-1.5.10-neoforge.jar, locator: jarinjar, reader: mod manifest]
[10May2026 17:32:28.915] [main/INFO] [net.neoforged.fml.loading.moddiscovery.ModDiscoverer/SCAN]: Found library file "common-io-3.12.0.jar" [parent: yet_another_config_lib_v3-3.8.2+1.21.1-neoforge.jar, locator: jarinjar]
[10May2026 17:32:28.915] [main/INFO] [net.neoforged.fml.loading.moddiscovery.ModDiscoverer/SCAN]: Found mod file "fabric-loot-api-v2-3.0.15+a3ee712d19.jar" [parent: forgified-fabric-api-0.116.7+2.2.4+1.21.1.jar, locator: jarinjar, reader: mod manifest]
[10May2026 17:32:28.915] [main/INFO] [net.neoforged.fml.loading.moddiscovery.ModDiscoverer/SCAN]: Found gamelibrary file "mixinsquared-forge-0.1.1.jar" [parent: supplementaries-1.21-3.5.34-neoforge.jar, locator: jarinjar, reader: mod manifest]
[10May2026 17:32:28.915] [main/INFO] [net.neoforged.fml.loading.moddiscovery.ModDiscoverer/SCAN]: Found mod file "conditional-mixin-neoforge-0.6.4.jar" [parent: packanalytics-neoforge-1.0.5-1.21.1.jar, locator: jarinjar, reader: mod manifest]
[10May2026 17:32:28.915] [main/INFO] [net.neoforged.fml.loading.moddiscovery.ModDiscoverer/SCAN]: Found mod file "fabric-loot-api-v3-1.0.3+333dfad919.jar" [parent: forgified-fabric-api-0.115.6+2.1.0+1.21.1.jar, locator: jarinjar, reader: mod manifest]
[10May2026 17:32:28.916] [main/INFO] [net.neoforged.fml.loading.moddiscovery.ModDiscoverer/SCAN]: Found mod file "TRansition-1.0.17-1.21.1-neoforge-SNAPSHOT.jar" [parent: skinlayers3d-neoforge-1.11.1-mc1.21.1.jar, locator: jarinjar, reader: mod manifest]
[10May2026 17:32:28.916] [main/INFO] [net.neoforged.fml.loading.moddiscovery.ModDiscoverer/SCAN]: Found mod file "fabric-rendering-data-attachment-v1-0.3.49+73761d2e19.jar" [parent: forgified-fabric-api-0.115.6+2.1.0+1.21.1.jar, locator: jarinjar, reader: mod manifest]
[10May2026 17:32:28.916] [main/INFO] [net.neoforged.fml.loading.moddiscovery.ModDiscoverer/SCAN]: Found library file "imageio-webp-3.12.0.jar" [parent: yet_another_config_lib_v3-3.8.2+1.21.1-neoforge.jar, locator: jarinjar]
[10May2026 17:32:28.916] [main/INFO] [net.neoforged.fml.loading.moddiscovery.ModDiscoverer/SCAN]: Found mod file "nitrogen_internals-1.21.1-1.1.25-neoforge.jar" [parent: aether-1.21.1-1.5.10-neoforge.jar, locator: jarinjar, reader: mod manifest]
[10May2026 17:32:28.916] [main/INFO] [net.neoforged.fml.loading.moddiscovery.ModDiscoverer/SCAN]: Found library file "kotlinx-serialization-core-jvm-1.9.0.jar" [parent: kotlinforforge-5.11.0-all.jar, locator: jarinjar]
[10May2026 17:32:28.916] [main/INFO] [net.neoforged.fml.loading.moddiscovery.ModDiscoverer/SCAN]: Found mod file "fabric-networking-api-v1-4.3.0+30a980d919.jar" [parent: forgified-fabric-api-0.116.7+2.2.4+1.21.1.jar, locator: jarinjar, reader: mod manifest]
[10May2026 17:32:28.916] [main/INFO] [net.neoforged.fml.loading.moddiscovery.ModDiscoverer/SCAN]: Found library file "auto-service-1.0.jar" [parent: configurable-3.5.1+1.21.1-neoforge.jar, locator: jarinjar]
[10May2026 17:32:28.916] [main/INFO] [net.neoforged.fml.loading.moddiscovery.ModDiscoverer/SCAN]: Found mod file "c2me-rewrites-chunkio-mc1.21.1-0.3.0+alpha.0.91.jar" [parent: c2me-neoforge-mc1.21.1-0.3.0+alpha.0.91.jar, locator: jarinjar, reader: mod manifest]
[10May2026 17:32:28.916] [main/INFO] [net.neoforged.fml.loading.moddiscovery.ModDiscoverer/SCAN]: Found gamelibrary file "Registrate-MC1.21-1.3.0+67.jar" [parent: create-1.21.1-6.0.10.jar, locator: jarinjar, reader: mod manifest]
[10May2026 17:32:28.916] [main/INFO] [net.neoforged.fml.loading.moddiscovery.ModDiscoverer/SCAN]: Found mod file "c2me-opts-allocs-mc1.21.1-0.3.0+alpha.0.91.jar" [parent: c2me-neoforge-mc1.21.1-0.3.0+alpha.0.91.jar, locator: jarinjar, reader: mod manifest]
[10May2026 17:32:28.916] [main/INFO] [net.neoforged.fml.loading.moddiscovery.ModDiscoverer/SCAN]: Found mod file "fabric-lifecycle-events-v1-2.6.0+e40d8add19.jar" [parent: forgified-fabric-api-0.116.7+2.2.4+1.21.1.jar, locator: jarinjar, reader: mod manifest]
[10May2026 17:32:28.916] [main/INFO] [net.neoforged.fml.loading.moddiscovery.ModDiscoverer/SCAN]: Found library file "imageio-core-3.12.0.jar" [parent: yet_another_config_lib_v3-3.8.2+1.21.1-neoforge.jar, locator: jarinjar]
[10May2026 17:32:28.916] [main/INFO] [net.neoforged.fml.loading.moddiscovery.ModDiscoverer/SCAN]: Found library file "asyncutil-0.1.0.jar" [parent: c2me-neoforge-mc1.21.1-0.3.0+alpha.0.91.jar, locator: jarinjar]
[10May2026 17:32:28.916] [main/INFO] [net.neoforged.fml.loading.moddiscovery.ModDiscoverer/SCAN]: Found mod file "fabric-key-binding-api-v1-1.0.47+62cc7ce119.jar" [parent: forgified-fabric-api-0.116.7+2.2.4+1.21.1.jar, locator: jarinjar, reader: mod manifest]
[10May2026 17:32:28.916] [main/INFO] [net.neoforged.fml.loading.moddiscovery.ModDiscoverer/SCAN]: Found mod file "fabric-client-tags-api-v1-1.1.15+e053909619.jar" [parent: forgified-fabric-api-0.116.7+2.2.4+1.21.1.jar, locator: jarinjar, reader: mod manifest]
[10May2026 17:32:28.916] [main/INFO] [net.neoforged.fml.loading.moddiscovery.ModDiscoverer/SCAN]: Found mod file "fabric-transfer-api-v1-5.4.3+a25cb45619.jar" [parent: forgified-fabric-api-0.116.7+2.2.4+1.21.1.jar, locator: jarinjar, reader: mod manifest]
[10May2026 17:32:28.917] [main/INFO] [net.neoforged.fml.loading.moddiscovery.ModDiscoverer/SCAN]: Found mod file "c2me-threading-lighting-mc1.21.1-0.3.0+alpha.0.91.jar" [parent: c2me-neoforge-mc1.21.1-0.3.0+alpha.0.91.jar, locator: jarinjar, reader: mod manifest]
[10May2026 17:32:28.917] [main/INFO] [net.neoforged.fml.loading.moddiscovery.ModDiscoverer/SCAN]: Found gamelibrary file "l2serial-3.0.9.jar" [parent: twilightdelight-3.2.0.jar, locator: jarinjar, reader: mod manifest]
[10May2026 17:32:28.917] [main/INFO] [net.neoforged.fml.loading.moddiscovery.ModDiscoverer/SCAN]: Found gamelibrary file "mixinconstraints-1.1.0.jar" [parent: accessorify-2.4.0-beta.5+1.21.1-neoforge.jar, locator: jarinjar, reader: mod manifest]
[10May2026 17:32:28.917] [main/INFO] [net.neoforged.fml.loading.moddiscovery.ModDiscoverer/SCAN]: Found library file "jankson-0.1.5.1.jar" [parent: owo-lib-neoforge-0.12.15.5-beta.1+1.21.jar, locator: jarinjar]
[10May2026 17:32:28.917] [main/INFO] [net.neoforged.fml.loading.moddiscovery.ModDiscoverer/SCAN]: Found mod file "fabric-model-loading-api-v1-2.1.0+6e8f52c719.jar" [parent: forgified-fabric-api-0.116.7+2.2.4+1.21.1.jar, locator: jarinjar, reader: mod manifest]
[10May2026 17:32:28.917] [main/INFO] [net.neoforged.fml.loading.moddiscovery.ModDiscoverer/SCAN]: Found library file "net.neoforged.neoforge-coremods-21.1.228.jar" [parent: neoforge-21.1.228-universal.jar, locator: jarinjar, reader: mod manifest]
[10May2026 17:32:28.917] [main/INFO] [net.neoforged.fml.loading.moddiscovery.ModDiscoverer/SCAN]: Found mod file "xaerolib-neoforge-1.21.1-1.1.0.jar" [parent: xaerominimap-neoforge-1.21.1-25.3.10.jar, locator: jarinjar, reader: mod manifest]
[10May2026 17:32:28.917] [main/INFO] [net.neoforged.fml.loading.moddiscovery.ModDiscoverer/SCAN]: Found mod file "pehkui-bridge-1.12.1+1.21.1.jar" [parent: ConnectorExtras-1.12.1+1.21.1.jar, locator: jarinjar, reader: mod manifest]
[10May2026 17:32:28.917] [main/INFO] [net.neoforged.fml.loading.moddiscovery.ModDiscoverer/SCAN]: Found mod file "fabric-screen-handler-api-v1-1.3.90+8dbc56dd19.jar" [parent: forgified-fabric-api-0.116.7+2.2.4+1.21.1.jar, locator: jarinjar, reader: mod manifest]
[10May2026 17:32:28.917] [main/INFO] [net.neoforged.fml.loading.moddiscovery.ModDiscoverer/SCAN]: Found mod file "fabric-resource-loader-v0-1.3.1+4ea8954419.jar" [parent: forgified-fabric-api-0.115.6+2.1.0+1.21.1.jar, locator: jarinjar, reader: mod manifest]
[10May2026 17:32:28.917] [main/INFO] [net.neoforged.fml.loading.moddiscovery.ModDiscoverer/SCAN]: Found mod file "TRender-1.0.12-1.21.1-neoforge-SNAPSHOT.jar" [parent: skinlayers3d-neoforge-1.11.1-mc1.21.1.jar, locator: jarinjar, reader: mod manifest]
[10May2026 17:32:28.917] [main/INFO] [net.neoforged.fml.loading.moddiscovery.ModDiscoverer/SCAN]: Found mod file "fabric-rendering-v1-5.1.0+1a09bd5a19.jar" [parent: forgified-fabric-api-0.116.7+2.2.4+1.21.1.jar, locator: jarinjar, reader: mod manifest]
[10May2026 17:32:28.918] [main/INFO] [net.neoforged.fml.loading.moddiscovery.ModDiscoverer/SCAN]: Found mod file "fabric-renderer-indigo-1.7.1+9125b6dc19.jar" [parent: forgified-fabric-api-0.116.7+2.2.4+1.21.1.jar, locator: jarinjar, reader: mod manifest]
[10May2026 17:32:28.918] [main/INFO] [net.neoforged.fml.loading.moddiscovery.ModDiscoverer/SCAN]: Found library file "yabn-1.0.3.jar" [parent: resourcefullib-neoforge-1.21-3.0.12.jar, locator: jarinjar]
[10May2026 17:32:28.918] [main/INFO] [net.neoforged.fml.loading.moddiscovery.ModDiscoverer/SCAN]: Found library file "kotlinx-coroutines-jdk8-1.10.2.jar" [parent: kotlinforforge-5.11.0-all.jar, locator: jarinjar]
[10May2026 17:32:28.918] [main/INFO] [net.neoforged.fml.loading.moddiscovery.ModDiscoverer/SCAN]: Found mod file "c2me-rewrites-chunk-system-mc1.21.1-0.3.0+alpha.0.91.jar" [parent: c2me-neoforge-mc1.21.1-0.3.0+alpha.0.91.jar, locator: jarinjar, reader: mod manifest]
[10May2026 17:32:28.918] [main/INFO] [net.neoforged.fml.loading.moddiscovery.ModDiscoverer/SCAN]: Found library file "rxjava-3.1.12.jar" [parent: c2me-neoforge-mc1.21.1-0.3.0+alpha.0.91.jar, locator: jarinjar]
[10May2026 17:32:28.918] [main/INFO] [net.neoforged.fml.loading.moddiscovery.ModDiscoverer/SCAN]: Found library file "extras-utils-1.12.1+1.21.1.jar" [parent: ConnectorExtras-1.12.1+1.21.1.jar, locator: jarinjar, reader: mod manifest]
[10May2026 17:32:28.918] [main/INFO] [net.neoforged.fml.loading.moddiscovery.ModDiscoverer/SCAN]: Found mod file "energy-bridge-1.12.1+1.21.1.jar" [parent: ConnectorExtras-1.12.1+1.21.1.jar, locator: jarinjar, reader: mod manifest]
[10May2026 17:32:28.918] [main/INFO] [net.neoforged.fml.loading.moddiscovery.ModDiscoverer/SCAN]: Found mod file "fabric-particles-v1-4.0.2+824f924c19.jar" [parent: forgified-fabric-api-0.115.6+2.1.0+1.21.1.jar, locator: jarinjar, reader: mod manifest]
[10May2026 17:32:28.918] [main/INFO] [net.neoforged.fml.loading.moddiscovery.ModDiscoverer/SCAN]: Found mod file "mixson-neoforge-v1.4.0.jar" [parent: rewithered-1.0.8+1.21.1-neoforge.jar, locator: jarinjar, reader: mod manifest]
[10May2026 17:32:28.918] [main/INFO] [net.neoforged.fml.loading.moddiscovery.ModDiscoverer/SCAN]: Found mod file "extensibleenums-neoforge-21.1.1.jar" [parent: IllagerInvasion-v21.1.6-1.21.1-NeoForge.jar, locator: jarinjar, reader: mod manifest]
[10May2026 17:32:28.918] [main/INFO] [net.neoforged.fml.loading.moddiscovery.ModDiscoverer/SCAN]: Found mod file "c2me-opts-worldgen-vanilla-mc1.21.1-0.3.0+alpha.0.91.jar" [parent: c2me-neoforge-mc1.21.1-0.3.0+alpha.0.91.jar, locator: jarinjar, reader: mod manifest]
[10May2026 17:32:28.918] [main/INFO] [net.neoforged.fml.loading.moddiscovery.ModDiscoverer/SCAN]: Found library file "common-image-3.12.0.jar" [parent: yet_another_config_lib_v3-3.8.2+1.21.1-neoforge.jar, locator: jarinjar]
[10May2026 17:32:28.918] [main/INFO] [net.neoforged.fml.loading.moddiscovery.ModDiscoverer/SCAN]: Found mod file "c2me-opts-scheduling-mc1.21.1-0.3.0+alpha.0.91.jar" [parent: c2me-neoforge-mc1.21.1-0.3.0+alpha.0.91.jar, locator: jarinjar, reader: mod manifest]
[10May2026 17:32:28.918] [main/INFO] [net.neoforged.fml.loading.moddiscovery.ModDiscoverer/SCAN]: Found mod file "fabric-transitive-access-wideners-v1-6.2.0+6c854b6f19.jar" [parent: forgified-fabric-api-0.115.6+2.1.0+1.21.1.jar, locator: jarinjar, reader: mod manifest]
[10May2026 17:32:28.919] [main/INFO] [net.neoforged.fml.loading.moddiscovery.ModDiscoverer/SCAN]: Found mod file "trimmed-1.21-3.0.0+neoforge.jar" [parent: wetland_whimsy-2.0.3-1.21.1.jar, locator: jarinjar, reader: mod manifest]
[10May2026 17:32:28.919] [main/INFO] [net.neoforged.fml.loading.moddiscovery.ModDiscoverer/SCAN]: Found library file "jankson-1.2.3.jar" [parent: jamlib-neoforge-1.3.6+1.21.1.jar, locator: jarinjar]
[10May2026 17:32:28.919] [main/INFO] [net.neoforged.fml.loading.moddiscovery.ModDiscoverer/SCAN]: Found library file "gson-0.1.5.1.jar" [parent: owo-lib-neoforge-0.12.15.5-beta.1+1.21.jar, locator: jarinjar]
[10May2026 17:32:28.919] [main/INFO] [net.neoforged.fml.loading.moddiscovery.ModDiscoverer/SCAN]: Found mod file "fabric-api-base-0.4.42+d1308dedd1.jar" [parent: owo-lib-neoforge-0.12.15.5-beta.1+1.21.jar, locator: jarinjar, reader: mod manifest]
[10May2026 17:32:28.919] [main/INFO] [net.neoforged.fml.loading.moddiscovery.ModDiscoverer/SCAN]: Found mod file "fabric-blockrenderlayer-v1-1.1.52+c290471319.jar" [parent: forgified-fabric-api-0.116.7+2.2.4+1.21.1.jar, locator: jarinjar, reader: mod manifest]
[10May2026 17:32:28.919] [main/INFO] [net.neoforged.fml.loading.moddiscovery.ModDiscoverer/SCAN]: Found mod file "fabric-block-api-v1-1.1.0+b0c22bb819.jar" [parent: forgified-fabric-api-0.116.7+2.2.4+1.21.1.jar, locator: jarinjar, reader: mod manifest]
[10May2026 17:32:28.919] [main/INFO] [net.neoforged.fml.loading.moddiscovery.ModDiscoverer/SCAN]: Found mod file "c2me-server-utils-mc1.21.1-0.3.0+alpha.0.91.jar" [parent: c2me-neoforge-mc1.21.1-0.3.0+alpha.0.91.jar, locator: jarinjar, reader: mod manifest]
[10May2026 17:32:28.919] [main/INFO] [net.neoforged.fml.loading.moddiscovery.ModDiscoverer/SCAN]: Found library file "thedarkcolour.kfflang-5.11.0.jar" [parent: kotlinforforge-5.11.0-all.jar, locator: jarinjar, reader: mod manifest]
[10May2026 17:32:28.919] [main/INFO] [net.neoforged.fml.loading.moddiscovery.ModDiscoverer/SCAN]: Found mod file "spectrelib-neoforge-0.17.2+1.21.jar" [parent: comforts-neoforge-9.0.5+1.21.1.jar, locator: jarinjar, reader: mod manifest]
[10May2026 17:32:28.919] [main/INFO] [net.neoforged.fml.loading.moddiscovery.ModDiscoverer/SCAN]: Found mod file "jei-bridge-1.12.1+1.21.1.jar" [parent: ConnectorExtras-1.12.1+1.21.1.jar, locator: jarinjar, reader: mod manifest]
[10May2026 17:32:28.919] [main/INFO] [net.neoforged.fml.loading.moddiscovery.ModDiscoverer/SCAN]: Found gamelibrary file "thedarkcolour.kfflib-5.11.0.jar" [parent: kotlinforforge-5.11.0-all.jar, locator: jarinjar, reader: mod manifest]
[10May2026 17:32:28.919] [main/INFO] [net.neoforged.fml.loading.moddiscovery.ModDiscoverer/SCAN]: Found mod file "fabric-resource-conditions-api-v1-4.3.0+5bdd099819.jar" [parent: forgified-fabric-api-0.115.6+2.1.0+1.21.1.jar, locator: jarinjar, reader: mod manifest]
[10May2026 17:32:28.919] [main/INFO] [net.neoforged.fml.loading.moddiscovery.ModDiscoverer/SCAN]: Found library file "java-client-3.2.1-SNAPSHOT.jar" [parent: skinrestorer-2.7.0+1.21-neoforge.jar, locator: jarinjar]
[10May2026 17:32:28.919] [main/INFO] [net.neoforged.fml.loading.moddiscovery.ModDiscoverer/SCAN]: Found mod file "thedarkcolour.kffmod-5.11.0.jar" [parent: kotlinforforge-5.11.0-all.jar, locator: jarinjar, reader: mod manifest]
[10May2026 17:32:28.919] [main/INFO] [net.neoforged.fml.loading.moddiscovery.ModDiscoverer/SCAN]: Found library file "gson-0.3.1.jar" [parent: configurable-3.5.1+1.21.1-neoforge.jar, locator: jarinjar]
[10May2026 17:32:28.919] [main/INFO] [net.neoforged.fml.loading.moddiscovery.ModDiscoverer/SCAN]: Found library file "kotlin-reflect-2.3.0.jar" [parent: kotlinforforge-5.11.0-all.jar, locator: jarinjar]
[10May2026 17:32:28.920] [main/INFO] [net.neoforged.fml.loading.moddiscovery.ModDiscoverer/SCAN]: Found mod file "flywheel-neoforge-1.21.1-1.0.6.jar" [parent: create-1.21.1-6.0.10.jar, locator: jarinjar, reader: mod manifest]
[10May2026 17:32:28.920] [main/INFO] [net.neoforged.fml.loading.moddiscovery.ModDiscoverer/SCAN]: Found library file "velocity-native-3.4.0-SNAPSHOT.jar" [parent: krypton_fnp-neoforge-1.21.1-0.2.28.1-1.21.1.jar, locator: jarinjar]
[10May2026 17:32:28.920] [main/INFO] [net.neoforged.fml.loading.moddiscovery.ModDiscoverer/SCAN]: Found mod file "fabric-item-group-api-v1-4.1.7+e324903319.jar" [parent: forgified-fabric-api-0.116.7+2.2.4+1.21.1.jar, locator: jarinjar, reader: mod manifest]
[10May2026 17:32:28.920] [main/INFO] [net.neoforged.fml.loading.moddiscovery.ModDiscoverer/SCAN]: Found mod file "fabric-gametest-api-v1-2.0.5+29f188ce19.jar" [parent: forgified-fabric-api-0.115.6+2.1.0+1.21.1.jar, locator: jarinjar, reader: mod manifest]
[10May2026 17:32:28.920] [main/INFO] [net.neoforged.fml.loading.moddiscovery.ModDiscoverer/SCAN]: Found mod file "c2me-notickvd-mc1.21.1-0.3.0+alpha.0.91.jar" [parent: c2me-neoforge-mc1.21.1-0.3.0+alpha.0.91.jar, locator: jarinjar, reader: mod manifest]
[10May2026 17:32:28.920] [main/INFO] [net.neoforged.fml.loading.moddiscovery.ModDiscoverer/SCAN]: Found library file "glsl-transformer-2.0.1.jar" [parent: iris-neoforge-1.8.12+mc1.21.1.jar, locator: jarinjar]
[10May2026 17:32:28.920] [main/INFO] [net.neoforged.fml.loading.moddiscovery.ModDiscoverer/SCAN]: Found mod file "l2core-3.0.8+16.jar" [parent: twilightdelight-3.2.0.jar, locator: jarinjar, reader: mod manifest]
[10May2026 17:32:28.920] [main/INFO] [net.neoforged.fml.loading.moddiscovery.ModDiscoverer/SCAN]: Found mod file "fabric-biome-api-v1-13.0.31+1e62d33c19.jar" [parent: forgified-fabric-api-0.116.7+2.2.4+1.21.1.jar, locator: jarinjar, reader: mod manifest]
[10May2026 17:32:28.920] [main/INFO] [net.neoforged.fml.loading.moddiscovery.ModDiscoverer/SCAN]: Found mod file "c2me-opts-worldgen-general-mc1.21.1-0.3.0+alpha.0.91.jar" [parent: c2me-neoforge-mc1.21.1-0.3.0+alpha.0.91.jar, locator: jarinjar, reader: mod manifest]
[10May2026 17:32:28.920] [main/INFO] [net.neoforged.fml.loading.moddiscovery.ModDiscoverer/SCAN]: Found mod file "c2me-opts-chunkio-mc1.21.1-0.3.0+alpha.0.91.jar" [parent: c2me-neoforge-mc1.21.1-0.3.0+alpha.0.91.jar, locator: jarinjar, reader: mod manifest]
[10May2026 17:32:28.922] [main/INFO] [net.neoforged.fml.loading.moddiscovery.ModDiscoverer/SCAN]: Found library file "json-0.3.1.jar" [parent: configurable-3.5.1+1.21.1-neoforge.jar, locator: jarinjar]
[10May2026 17:32:28.922] [main/INFO] [net.neoforged.fml.loading.moddiscovery.ModDiscoverer/SCAN]: Found mod file "fabric-registry-sync-v0-5.3.1+f9aace1619.jar" [parent: forgified-fabric-api-0.116.7+2.2.4+1.21.1.jar, locator: jarinjar, reader: mod manifest]
[10May2026 17:32:28.922] [main/INFO] [net.neoforged.fml.loading.moddiscovery.ModDiscoverer/SCAN]: Found library file "s.tf-asm-4.8.3345.jar" [parent: twilightforest-1.21.1-4.8.3345-universal.jar, locator: jarinjar, reader: mod manifest]
[10May2026 17:32:28.922] [main/INFO] [net.neoforged.fml.loading.moddiscovery.ModDiscoverer/SCAN]: Found mod file "fabric-recipe-api-v1-5.0.15+59440bcc19.jar" [parent: forgified-fabric-api-0.116.7+2.2.4+1.21.1.jar, locator: jarinjar, reader: mod manifest]
[10May2026 17:32:28.922] [main/INFO] [net.neoforged.fml.loading.moddiscovery.ModDiscoverer/SCAN]: Found mod file "fabric-object-builder-api-v1-15.2.1+cc242efd19.jar" [parent: forgified-fabric-api-0.115.6+2.1.0+1.21.1.jar, locator: jarinjar, reader: mod manifest]
[10May2026 17:32:28.923] [main/INFO] [net.neoforged.fml.loading.moddiscovery.ModDiscoverer/SCAN]: Found mod file "fabric-sound-api-v1-1.0.23+10b84f8419.jar" [parent: forgified-fabric-api-0.116.7+2.2.4+1.21.1.jar, locator: jarinjar, reader: mod manifest]
[10May2026 17:32:28.923] [main/INFO] [net.neoforged.fml.loading.moddiscovery.ModDiscoverer/SCAN]: Found mod file "fabric-message-api-v1-6.0.14+6a754fce19.jar" [parent: forgified-fabric-api-0.116.7+2.2.4+1.21.1.jar, locator: jarinjar, reader: mod manifest]
[10May2026 17:32:28.923] [main/INFO] [net.neoforged.fml.loading.moddiscovery.ModDiscoverer/SCAN]: Found mod file "emi-bridge-1.12.1+1.21.1.jar" [parent: ConnectorExtras-1.12.1+1.21.1.jar, locator: jarinjar, reader: mod manifest]
[10May2026 17:32:28.923] [main/INFO] [net.neoforged.fml.loading.moddiscovery.ModDiscoverer/SCAN]: Found library file "common-lang-3.12.0.jar" [parent: yet_another_config_lib_v3-3.8.2+1.21.1-neoforge.jar, locator: jarinjar]
[10May2026 17:32:28.923] [main/INFO] [net.neoforged.fml.loading.moddiscovery.ModDiscoverer/SCAN]: Found mod file "fabric-data-generation-api-v1-20.2.34+a4c3605619.jar" [parent: forgified-fabric-api-0.116.7+2.2.4+1.21.1.jar, locator: jarinjar, reader: mod manifest]
[10May2026 17:32:28.923] [main/INFO] [net.neoforged.fml.loading.moddiscovery.ModDiscoverer/SCAN]: Found mod file "1.21-neo-0.1.2.jar" [parent: modpack-update-checker-1.21.1-neoforge-0.15.6.jar, locator: jarinjar, reader: mod manifest]
[10May2026 17:32:28.923] [main/INFO] [net.neoforged.fml.loading.moddiscovery.ModDiscoverer/SCAN]: Found mod file "fabric-events-interaction-v0-0.7.13+86e0887119.jar" [parent: forgified-fabric-api-0.116.7+2.2.4+1.21.1.jar, locator: jarinjar, reader: mod manifest]
[10May2026 17:32:29.448] [main/INFO] [org.sinytra.connector.locator.FabricModsDiscoverer/SCAN]: Fabric mod metadata not found in jar kotlinforforge.all, ignoring
[10May2026 17:32:29.687] [main/INFO] [org.sinytra.connector.locator.DependencyResolver/]: Dependency resolution found 0 candidates to load
[10May2026 17:32:30.455] [main/INFO] [net.neoforged.fml.loading.moddiscovery.locators.JarInJarDependencyLocator/]: Found 2 dependencies adding them to mods collection
[10May2026 17:32:30.456] [main/INFO] [net.neoforged.fml.loading.moddiscovery.ModDiscoverer/SCAN]: Found mod file "org.sinytra.connector-2.0.0-beta.14+1.21.1-mod.jar" [parent: , locator: org.sinytra.connector.locator.ConnectorLocator@cc6460c, reader: mod manifest]
[10May2026 17:32:30.456] [main/INFO] [net.neoforged.fml.loading.moddiscovery.ModDiscoverer/SCAN]: Found gamelibrary file "runtime-1.0.0+1.21.1.jar" [parent: , locator: org.sinytra.connector.locator.ConnectorLocator@cc6460c, reader: mod manifest]
[10May2026 17:32:30.464] [main/INFO] [net.neoforged.fml.loading.moddiscovery.ModDiscoverer/]: 
     Mod List:
		Name Version (Mod Id)

		3d-Skin-Layers 1.11.1 (skinlayers3d)
		Abridged 2.0.1 (abridged)
		Accessories 1.1.0-beta.53+1.21.1 (accessories)
		Accessories Compatibility Layer 0.1.12 (accessories_compat_layer)
		Accessorify 2.4.0-beta.5 (accessorify)
		AdoraBuild: Structures 2.11.0 (adorabuild_structures)
		Advanced Netherite 2.3.1 (advancednetherite)
		AdvancedLootInfo 1.9.1 (ali)
		AdventureDungeons 1.3.1 (adventuredungeons)
		AeroBlender 1.0.0 (aeroblender)
		Aether Villages 1.0.8 (aether_villages)
		Alex's Mobs 1.22.17 (alexsmobs)
		All The Leaks 1.1.8+1.21.1-neoforge (alltheleaks)
		Almanac 1.5.2 (almanac)
		Alternate Current 1.9.0 (alternate_current)
		Amendments 1.21-2.0.15 (amendments)
		Another Furniture 4.0.2 (another_furniture)
		Architectury 13.0.8 (architectury)
		Athena 4.0.2 (athena)
		Aurelj's Paintings 1.0.5 (aurelj_paintings)
		Autochef's Delight 2.0.2+neoforge (autochefsdelight)
		AzureLib 3.1.8 (azurelib)
		Backpacked 3.0.0-beta.10 (backpacked)
		Balm 21.0.56 (balm)
		Bartering Station 21.1.0 (barteringstation)
		Bedrockoid 0.1.5 (bedrockoid)
		Better Compatibility Checker 21.1.8 (bcc)
		Better World Loading 1.0 (betterworldloadingnf21)
		BHMenu 2.4.4 (bhmenu)
		Biolith 3.0.10 (biolith)
		biomemusic mod 3.5 (biomemusic)
		Blended Compat 1.1.2 (blended_compat)
		BMC - Worldgen Patcher 0.3.0 (bmcpalegardenpatcher)
		Boat Item View 0.0.6 (boatiview)
		Bookshelf 21.1.81 (bookshelf)
		Caelus API 7.0.1+1.21.1 (caelus)
		Carry On 2.2.4 (carryon)
		Cataclysm x YUNG's Better Nether Fortresses Compat 1.21.1 (cataclysmfortresses)
		Cerulean 1.0.0 (cerulean)
		Chipped 4.0.2 (chipped)
		Chunk Activity Tracker 1.0.1 (chunkactivitytracker)
		chunksending mod 2.9 (chunksending)
		Chunky 1.4.23 (chunky)
		Citadel 2.7.6 (citadel)
		CITResewn 0 (citresewn)
		clientcrafting mod 2.1 (clientcrafting)
		ClientSort 2.2.1+1.21.1 (clientsort)
		Climate Rivers 21.1.3 (climaterivers)
		Cloth Config v15 API 15.0.140 (cloth_config)
		Clumps 19.0.0.1 (clumps)
		Collective 8.20 (collective)
		Colorwheel 1.2.4+mc1.21.1 (colorwheel)
		Comforts 9.0.5+1.21.1 (comforts)
		Concurrent Chunk Management Engine 0.3.0+alpha.0.91+1.21.1 (c2me)
		Concurrent Chunk Management Engine (Base) 0.3.0+alpha.0.91+1.21.1 (c2me_base)
		Concurrent Chunk Management Engine (Client/Uncap View Distance) 0.3.0+alpha.0.91+1.21.1 (c2me_client_uncapvd)
		Concurrent Chunk Management Engine (Fixes/Chunk IO/Threading Issues) 0.3.0+alpha.0.91+1.21.1 (c2me_fixes_chunkio_threading_issues)
		Concurrent Chunk Management Engine (Fixes/General/Threading Issues) 0.3.0+alpha.0.91+1.21.1 (c2me_fixes_general_threading_issues)
		Concurrent Chunk Management Engine (Fixes/WorldGen/Threading Issues) 0.3.0+alpha.0.91+1.21.1 (c2me_fixes_worldgen_threading_issues)
		Concurrent Chunk Management Engine (Fixes/WorldGen/Vanilla Bugs) 0.3.0+alpha.0.91+1.21.1 (c2me_fixes_worldgen_vanilla_bugs)
		Concurrent Chunk Management Engine (No Tick View Distance) 0.3.0+alpha.0.91+1.21.1 (c2me_notickvd)
		Concurrent Chunk Management Engine (Optimizations/Chunk IO) 0.3.0+alpha.0.91+1.21.1 (c2me_opts_chunkio)
		Concurrent Chunk Management Engine (Optimizations/Density Function Compiler) 0.3.0+alpha.0.91+1.21.1 (c2me_opts_dfc)
		Concurrent Chunk Management Engine (Optimizations/General WorldGen) 0.3.0+alpha.0.91+1.21.1 (c2me_opts_worldgen_general)
		Concurrent Chunk Management Engine (Optimizations/Math) 0.3.0+alpha.0.91+1.21.1 (c2me_opts_math)
		Concurrent Chunk Management Engine (Optimizations/Memory Allocations) 0.3.0+alpha.0.91+1.21.1 (c2me_opts_allocs)
		Concurrent Chunk Management Engine (Optimizations/Natives Math) 0.3.0+alpha.0.91+1.21.1 (c2me_opts_natives_math)
		Concurrent Chunk Management Engine (Optimizations/Scheduling) 0.3.0+alpha.0.91+1.21.1 (c2me_opts_scheduling)
		Concurrent Chunk Management Engine (Optimizations/Vanilla WorldGen) 0.3.0+alpha.0.91+1.21.1 (c2me_opts_worldgen_vanilla)
		Concurrent Chunk Management Engine (Rewrites/Chunk IO) 0.3.0+alpha.0.91+1.21.1 (c2me_rewrites_chunkio)
		Concurrent Chunk Management Engine (Rewrites/Chunk Serializer) 0.3.0+alpha.0.91+1.21.1 (c2me_rewrites_chunk_serializer)
		Concurrent Chunk Management Engine (Rewrites/Chunk System) 0.3.0+alpha.0.91+1.21.1 (c2me_rewrites_chunk_system)
		Concurrent Chunk Management Engine (Server Utils) 0.3.0+alpha.0.91+1.21.1 (c2me_server_utils)
		Concurrent Chunk Management Engine (Threading/Lighting) 0.3.0+alpha.0.91+1.21.1 (c2me_threading_lighting)
		conditional mixin 0.6.4 (conditional_mixin)
		Configurable 3.5.1 (configurable)
		Configured Defaults 21.1.3 (configureddefaults)
		Connectivity Mod 7.6 (connectivity)
		Connector Extras 1.12.1+1.21.1 (connectorextras)
		Connector Extras EMI Bridge 1.12.1+1.21.1 (connectorextras_emi_bridge)
		Connector Extras Energy Bridge 1.12.1+1.21.1 (connectorextras_energy_bridge)
		Connector Extras JEI Bridge 1.12.1+1.21.1 (connectorextras_jei_bridge)
		Connector Extras KubeJS Bridge 1.12.1+1.21.1 (connectorextras_kubejs_bridge)
		Connector Extras ModMenu Bridge 1.12.1+1.21.1 (connectorextras_modmenu_bridge)
		Connector Extras Pehkui Bridge 1.12.1+1.21.1 (connectorextras_pehkui_bridge)
		Connector Extras REI Bridge 1.12.1+1.21.1 (connectorextras_rei_bridge)
		Connector Extras Terrablender Bridge 1.12.1+1.21.1 (connectorextras_terrablender_bridge)
		Continuity 0.0 (continuity)
		Convenient Effects 21.1.4 (convenienteffects)
		CorgiLib 5.0.0.9 (corgilib)
		CoroUtil 1.21.0-1.3.9 (coroutil)
		Crash Assistant 1.11.8 (crash_assistant)
		Create 6.0.10 (create)
		Create Crafts & Additions 1.5.10 (createaddition)
		Create: Copycats+ 3.0.4+mc.1.21.1-neoforge (copycats)
		Cristel Lib 3.0.3 (cristellib)
		Cumulus 2.0.7 (cumulus_menus)
		Cupboard mod 3.5 (cupboard)
		Curios API 9.5.1+1.21.1 (curios)
		Cut Through 21.1.0 (cutthrough)
		Deep Aether 1.21.1-1.1.5.1 (deep_aether)
		Deeper and Darker 1.4 (deeperdarker)
		Despawn Tweaks 1.0.0 (despawntweaks)
		Diagonal Blocks 21.1.2 (diagonalblocks)
		Diagonal Fences 21.1.1 (diagonalfences)
		Diagonal Walls 21.1.2 (diagonalwalls)
		Disconnect Packet Fix 2.0.1 (disconnect_packet_fix)
		Does It Tick? 1.1.4 (does_it_tick)
		Dolphin Fix 1.1.0 (dolphin_fix)
		Double Doors 7.2 (doubledoors)
		Dragon Mounts Remastered 1.9.2 (dmr)
		DragonLoot 1.1.15 (dragonloot)
		Dungeons and Taverns Ancient City Overhaul 1-v2 (mr_dungeons_andtavernsancientcityoverhaul)
		Dungeons and Taverns Swamp Hut Overhaul 1-v2 (mr_dungeons_andtavernsswamphutoverhaul)
		Dungeons and Taverns Woodland Mansion Replacement 1-v1.2 (mr_dungeons_andtavernswoodlandmansionreplacement)
		Dyed Flames 21.1.1 (dyedflames)
		Early Bedtime 1.0.0 (earlybedtime)
		Easy Anvils 21.1.0 (easyanvils)
		Easy Disenchanting 1.0.1 (easydisenchanting)
		Easy Magic 21.1.4 (easymagic)
		EnchantmentDescriptions 21.1.9 (enchdesc)
		Ender's Delight 1.2.0 (endersdelight)
		Enhanced Extinguishing 1.0.0 (aether_enhanced_extinguishing)
		EpheroLib 1.2.0 (epherolib)
		Eternal Nether 21.1.3 (eternalnether)
		Explorations+ 1.21.1-1.6.2 (explorations)
		Explorify 1.6.4 (explorify)
		Extensible Enums 21.1.1 (extensibleenums)
		FallingTree 1.21.1.11 (fallingtree)
		Farmer's Cutting: Oh The Biomes We've Gone 1.21.1-2.1-neoforge (mr_farmers_cuttingohthebiomeswevegone)
		Farmer's Delight 1.3.1 (farmersdelight)
		FarmersStructures 1.0.2 (farmers_structures)
		Fast Item Frames 21.1.6 (fastitemframes)
		Fast Paintings 1.21-1.3.0 (fastpaintings)
		fastasyncworldsave mod 2.6 (fastasyncworldsave)
		Ferrite Core 7.0.3 (ferritecore)
		Flywheel 1.0.6 (flywheel)
		Forge Config API Port 21.1.6 (forgeconfigapiport)
		Forgified Fabric API 0.116.7+2.2.4+1.21.1 (fabric_api)
		Forgified Fabric API Base 0.4.42+d1308dedd1 (fabric_api_base)
		Forgified Fabric API Lookup API (v1) 1.6.71+c290471319 (fabric_api_lookup_api_v1)
		Forgified Fabric Biome API (v1) 13.0.31+1e62d33c19 (fabric_biome_api_v1)
		Forgified Fabric Block API (v1) 1.1.0+b0c22bb819 (fabric_block_api_v1)
		Forgified Fabric BlockRenderLayer Registration (v1) 1.1.52+c290471319 (fabric_blockrenderlayer_v1)
		Forgified Fabric BlockView API (v2) 1.0.11+e9036fd419 (fabric_block_view_api_v2)
		Forgified Fabric Client Tags 1.1.15+e053909619 (fabric_client_tags_api_v1)
		Forgified Fabric Command API (v2) 2.2.28+36d727be19 (fabric_command_api_v2)
		Forgified Fabric Content Registries (v0) 8.0.19+5e0d320019 (fabric_content_registries_v0)
		Forgified Fabric Convention Tags 2.1.5+7f945d5b19 (fabric_convention_tags_v1)
		Forgified Fabric Convention Tags (v2) 2.11.1+87e5848019 (fabric_convention_tags_v2)
		Forgified Fabric Data Attachment API (v1) 1.4.5+26d408aa19 (fabric_data_attachment_api_v1)
		Forgified Fabric Data Generation API (v1) 20.2.34+a4c3605619 (fabric_data_generation_api_v1)
		Forgified Fabric Entity Events (v1) 1.8.0+5ede667619 (fabric_entity_events_v1)
		Forgified Fabric Events Interaction (v0) 0.7.13+86e0887119 (fabric_events_interaction_v0)
		Forgified Fabric Game Rule API (v1) 1.0.53+36d727be19 (fabric_game_rule_api_v1)
		Forgified Fabric Game Test API (v1) 2.0.5+29f188ce19 (fabric_gametest_api_v1)
		Forgified Fabric Item API (v1) 11.2.0+0c57911319 (fabric_item_api_v1)
		Forgified Fabric Item Group API (v1) 4.1.7+e324903319 (fabric_item_group_api_v1)
		Forgified Fabric Key Binding API (v1) 1.0.47+62cc7ce119 (fabric_key_binding_api_v1)
		Forgified Fabric Lifecycle Events (v1) 2.6.0+e40d8add19 (fabric_lifecycle_events_v1)
		Forgified Fabric Loot API (v2) 3.0.15+a3ee712d19 (fabric_loot_api_v2)
		Forgified Fabric Loot API (v3) 1.0.3+333dfad919 (fabric_loot_api_v3)
		Forgified Fabric Message API (v1) 6.0.14+6a754fce19 (fabric_message_api_v1)
		Forgified Fabric Model Loading API (v1) 2.1.0+6e8f52c719 (fabric_model_loading_api_v1)
		Forgified Fabric Networking API (v1) 4.3.0+30a980d919 (fabric_networking_api_v1)
		Forgified Fabric Object Builder API (v1) 15.2.1+cc242efd19 (fabric_object_builder_api_v1)
		Forgified Fabric Particles (v1) 4.0.2+824f924c19 (fabric_particles_v1)
		Forgified Fabric Recipe API (v1) 5.0.15+59440bcc19 (fabric_recipe_api_v1)
		Forgified Fabric Registry Sync (v0) 5.3.1+f9aace1619 (fabric_registry_sync_v0)
		Forgified Fabric Renderer - Indigo 1.7.1+9125b6dc19 (fabric_renderer_indigo)
		Forgified Fabric Renderer API (v1) 3.4.1+9125b6dc19 (fabric_renderer_api_v1)
		Forgified Fabric Rendering (v1) 5.1.0+1a09bd5a19 (fabric_rendering_v1)
		Forgified Fabric Rendering Data Attachment (v1) 0.3.49+73761d2e19 (fabric_rendering_data_attachment_v1)
		Forgified Fabric Rendering Fluids (v1) 3.1.6+a51883b219 (fabric_rendering_fluids_v1)
		Forgified Fabric Resource Conditions API (v1) 4.3.0+5bdd099819 (fabric_resource_conditions_api_v1)
		Forgified Fabric Resource Loader (v0) 1.3.1+4ea8954419 (fabric_resource_loader_v0)
		Forgified Fabric Screen API (v1) 2.0.25+4228281319 (fabric_screen_api_v1)
		Forgified Fabric Screen Handler API (v1) 1.3.90+8dbc56dd19 (fabric_screen_handler_api_v1)
		Forgified Fabric Sound API (v1) 1.0.23+10b84f8419 (fabric_sound_api_v1)
		Forgified Fabric Transfer API (v1) 5.4.3+a25cb45619 (fabric_transfer_api_v1)
		Forgified Fabric Transitive Access Wideners (v1) 6.2.0+6c854b6f19 (fabric_transitive_access_wideners_v1)
		Formations 1.0.4 (formations)
		Formations Nether 1.0.5 (formationsnether)
		Formations Overworld 1.0.5 (formationsoverworld)
		Framework 0.13.11 (framework)
		Friends&Foes 4.0.25 (friendsandfoes)
		FTB Filter System 21.1.4 (ftbfiltersystem)
		FTB Library 2101.1.31 (ftblibrary)
		FTB Quests 2101.1.24 (ftbquests)
		FTB Teams 2101.1.10 (ftbteams)
		FTB XMod Compat 21.1.8 (ftbxmodcompat)
		Fzzy Config 0.7.6+1.21+neoforge (fzzy_config)
		Gardens of the Dead 5.0.2 (gardens_of_the_dead)
		GeckoLib 4 4.8.4 (geckolib)
		Geophilic 3.4.6 (geophilic)
		Geophilic Backport 1.3.2 (geophilic_backport)
		GlitchCore 2.1.0.0 (glitchcore)
		Goblin Traders 1.11.2 (goblintraders)
		Golem Spawn Fix 1.0.2 (golem_spawn_fix)
		Handcrafted 4.0.3 (handcrafted)
		Hearths 1.0.5 (hearths)
		Hellish Trials 1.0.5 (hellish_trials)
		Highlighter 1.1.11 (highlighter)
		Horse Breeding Fix 1.1.1 (horsebreedingfix)
		Hybrid Aquatic 1.5.5 (hybrid_aquatic)
		Iceberg 1.3.2 (iceberg)
		Illager Invasion 21.1.6 (illagerinvasion)
		Immersive Armor HUD 1.0.1 (immersivearmorhud)
		Immersive Lanterns 1.0.6 (immersivelanterns)
		Immersive Messages API 1.0.18 (immersivemessages)
		Immersive Tips 1.0.1 (immersivetips)
		Improved Village Placement 1.1.2 (improved_village_placement)
		Inmis 2.8.1-2.9.3-1.21.1 (inmis)
		Iris 1.8.12-snapshot+mc1.21.1-local (iris)
		It Takes a Pillage Continuation 1.0.10 (takesapillage)
		Jade 15.10.5+neoforge (jade)
		Jade Addons 6.1.0+neoforge (jadeaddons)
		JamLib 1.3.6+1.21.1 (jamlib)
		Just Enough Breeding 1.6.2 (justenoughbreeding)
		Just Enough Items 19.27.0.340 (jei)
		Kiwi Library 15.8.3+neoforge (kiwi)
		KleeSlabs 21.1.10 (kleeslabs)
		Konkrete 1.9.9 (konkrete)
		Kotlin For Forge 5.11.0 (kotlinforforge)
		Krypton FNP 0.2.28.1-1.21.1 (krypton_fnp)
		KumaAPI 21.0.7 (kuma_api)
		L2Core 3.0.8+16 (l2core)
		L_Ender's Cataclysm 1.21.1 3.27 (cataclysm)
		Leaderboards 2.0.0 (leaderboards)
		Leaves Be Gone 21.1.0 (leavesbegone)
		Limitless Containers 21.1.0 (limitlesscontainers)
		lionfishapi 2.7 (lionfishapi)
		Lithium 0.15.3+mc1.21.1 (lithium)
		Lithostitched 1.7.2 (lithostitched)
		Load My F***ing Tags 1.1.1+1.21.9 (lmft)
		Loading Protection 1.0.2 (loadingprotection)
		Log Begone 1.0.3 (logbegone)
		Long NBT Killer 1.0.0 (longnbtkiller)
		lootintegration_wda mod 1 (lootintegration_wda)
		Lootintegrations mod 4.7 (lootintegrations)
		lootintegrations_bygonepillage mod 1 (lootintegrations_bygonepillage)
		lootintegrations_formations mod 1 (lootintegrations_formations)
		lootintegrations_moog mod 1 (lootintegrations_moog)
		lootintegrations_yungs mod 1 (lootintegrations_yungs)
		Luki's Crazy Chambers 1.0.3 (mr_lukis_crazychambers)
		luna 5.3.1 (luna_minecraft)
		Magnum Torch 21.1.1 (magnumtorch)
		Melody 1.0.10 (melody)
		memorysettings mod 6.0 (memorysettings)
		MidnightLib 1.9.2 (midnightlib)
		Minecraft 1.21.1 (minecraft)
		MiscTweaks 1.3.0 (misctweaks)
		Mixin Trace Reforged 1.0.0 (mixintracereforged)
		Mixson 1.4.0 (mixson)
		MmmMmmMmmMmm 1.21-2.0.12 (dummmmmmy)
		ModernFix 5.24.3+mc1.21.1 (modernfix)
		Modpack Update Checker 0.15.6 (modpackupdatechecker)
		Moog's Glow Up 1.2.1-1.21-1.21.1 (glow_up)
		Moog's Structure Lib 2.0.2 (moogs_structures)
		MoogsEndStructures 2.0.0 (mes)
		MoogsMissingVillages 2.1.0 (mmv)
		MoogsNetherStructures 2.0.31 (mns)
		MoogsVoyagerStructures 5.0.8 (mvs)
		Moonlight Lib 1.21-2.29.33 (moonlight)
		MoreVillagers 1.25.12.4 (morevillagers)
		Mowzie's Mobs 1.8.2 (mowziesmobs)
		MPUC lavender-md 0.1.2 (mpuc_lavendermd)
		My Nether's Delight 1.10.1 (mynethersdelight)
		NaNny 1.0.1 (nanny)
		Nature's Compass 1.21.1-3.4.0-neoforge (naturescompass)
		Neo Bee Fix 2.0.0 (neobeefix)
		NeoForge 21.1.228 (neoforge)
		NeoForge Data Pack Extensions 21.1.2 (neoforgedatapackextensions)
		Neruina 3.3.0 (neruina)
		Nether Chested 21.1.1 (netherchested)
		Netherite Tweaks 1.2.2 (netherite_tweaks_luna)
		NetherPortalFix 21.1.1 (netherportalfix)
		Nitrogen 1.1.25 (nitrogen_internals)
		No Chat Reports 1.21.1-v2.9.1 (nochatreports)
		Non-Directional Damage Tilt Fix 2.0.1+b1.21.1 (nondirectionaldamagetiltfix)
		Ocean's Delight 1.0.4 (oceansdelight)
		Oh The Biomes We've Gone 2.5.5 (biomeswevegone)
		Oh The Trees You'll Grow 5.3.1 (ohthetreesyoullgrow)
		Open Parties and Claims 0.26.2 (openpartiesandclaims)
		oωo 0.12.15.5-beta.1+1.21 (owo)
		Pack Analytics 1.0.5 (packanalytics)
		PacketFixer 3.3.1 (packetfixer)
		Patchouli 1.21.1-93-NEOFORGE (patchouli)
		Paxi 1.21.1-NeoForge-5.1.3 (paxi)
		Piglin Proliferation 2.0.13 (piglinproliferation)
		Ping Wheel 1.12.2 (pingwheel)
		Platform 1.3 (platform)
		Polymorph 1.1.0+1.21.1 (polymorph)
		Ponder 1.0.82+mc1.21.1 (ponder)
		PrickleMC 21.1.11 (prickle)
		Protect Your Moa 1.0.0 (aether_protect_your_moa)
		Pufferfish's Biome Dither 1.0.0 (puffish_biome_dither)
		Puzzles Lib 21.1.39 (puzzleslib)
		Quest Kill Task 0.3.1+1.21.1 (questkilltask)
		Raided 0.1.6 (raided)
		Random Enchant Fix 1.0.1 (randomenchantfix)
		recipeessentials mod 4.0 (recipeessentials)
		Redirected 1.0.0 (redirected)
		Reese's Sodium Options 1.8.3+mc1.21.4 (reeses_sodium_options)
		Repurposed Structures 7.5.20+1.21.1-neoforge (repurposed_structures)
		Repurposed Structures - Farmer's Delight Compat 7 (repurposed_structures_farmers_delight_compat)
		Reset Controls Confirmation 1.0.0 (reset_controls_confirmation)
		Resource Pack Overrides 21.1.0 (resourcepackoverrides)
		Resourceful Lib 3.0.12 (resourcefullib)
		Resourcefulconfig 3.0.11 (resourcefulconfig)
		RevampedWolf 1.21.1-13.0.0 (revampedwolf)
		Rewithered 1.0.8 (rewithered)
		Right Click Harvest 4.6.1+1.21.1 (rightclickharvest)
		ScalableLux 0.1.0.1+neoforge.1cb1e91 (scalablelux)
		Searchables 1.0.2 (searchables)
		Seasonal Integration 1.5.0 (seasonal_integration)
		Serene Seasons 10.1.0.3 (sereneseasons)
		ServerBrowser 1.4.2 (serverbrowser)
		Simple Snowy Fix 2.1.9 (simple_snowy_fix)
		Sinytra Connector 2.0.0-beta.14+1.21.1 (connector)
		Skeleton AI Fix 21.1.1 (skeletonaifix)
		SkinRestorer 2.7.0+1.21-neoforge (skinrestorer)
		Smarter Farmers 1.21-2.2.4 (smarterfarmers)
		Smoothchunk mod 4.1 (smoothchunk)
		smoothmovement mod 2.7 (smoothmovement)
		Snow Under Trees 1.5 (snowundertrees)
		Snow! Real Magic! 12.2.1+neoforge (snowrealmagic)
		Sound Physics Remastered 1.21.1-1.5.1 (sound_physics_remastered)
		spark 1.10.124 (spark)
		SparseStructures 3.0 (sparsestructures)
		SpectreLib 0.17.2+1.21 (spectrelib)
		Stoneworks 21.1.0 (stoneworks)
		Stony Cliffs Are Cool 1.1.2 (stonycliffs)
		Structory 1.3.16 (structory)
		Structory: Towers 1.0.16 (structory_towers)
		Structure Essentials mod 5.0 (structureessentials)
		Structure Layout Optimizer 1.0.12 (structure_layout_optimizer)
		Subtle Effects 1.14.3 (subtle_effects)
		Supplementaries 1.21-3.5.34 (supplementaries)
		TerraBlender 4.1.0.8 (terrablender)
		The Aether 1.5.10 (aether)
		The Twilight Forest 4.8.3345 (twilightforest)
		Tom's Simple Storage Mod 2.3.2 (toms_storage)
		Too Fast 0.4.3.6 (toofast)
		Trading Post 21.1.1 (tradingpost)
		TRansition 1.0.17 (transition)
		Treasure Reforging 1.0.1 (aether_treasure_reforging)
		TRender 1.0.12 (trender)
		Trimmed 3.0.0 (trimmed)
		Twilight Flavors & Delight 3.2.0 (twilightdelight)
		TwilightForest Thread Safety Addon 0.1.3 (tfthreadsafetyaddon)
		TxniLib 1.0.24 (txnilib)
		Underlay 1.0.1 (underlay)
		Universal Sawmill 1.21-1.7.1 (sawmill)
		Vanilla Backport Compat (on-hold) 1.7 (mr_vb_compat)
		VanillaBackport 1.1.6.3 (vanillabackport)
		Variants&Ventures 1.0.24 (variantsandventures)
		Vein Mining 5.0.0-beta.2+1.21 (veinmining)
		Villager Names 8.2 (villagernames)
		VillagerAPI 1.26.1.3 (villagerapi)
		Villages & Pillages 1.0.3 (villagesandpillages)
		Visual Workbench 21.1.1 (visualworkbench)
		Waystones 21.1.30 (waystones)
		Wetland Whimsy 2.0.3-1.21.1 (wetland_whimsy)
		What Are They Up To 1.21.0-1.2.7 (watut)
		When Dungeons Arise 2.1.68 (dungeons_arise)
		World Play Time 1.2.2 (worldplaytime)
		Xaero's Minimap 25.3.10 (xaerominimap)
		Xaero's World Map 1.40.11 (xaeroworldmap)
		XaeroLib 1.1.0 (xaerolib)
		XP Tome 2.4 (xpbook)
		YetAnotherConfigLib 3.8.2+1.21.1-neoforge (yet_another_config_lib_v3)
		You're in Grave Danger 2.0.13 (yigd)
		YUNG's API 1.21.1-NeoForge-5.1.6 (yungsapi)
		YUNG's Better Dungeons 1.21.1-NeoForge-5.1.4 (betterdungeons)
		YUNG's Better End Island 1.21.1-NeoForge-3.1.2 (betterendisland)
		YUNG's Better Jungle Temples 1.21.1-NeoForge-3.1.2 (betterjungletemples)
		YUNG's Better Mineshafts 1.21.1-NeoForge-5.1.1 (bettermineshafts)
		YUNG's Better Nether Fortresses 1.21.1-NeoForge-3.1.5 (betterfortresses)
		YUNG's Better Ocean Monuments 1.21.1-NeoForge-4.1.2 (betteroceanmonuments)
		YUNG's Better Strongholds 1.21.1-NeoForge-5.1.3 (betterstrongholds)
		YUNG's Better Witch Huts 1.21.1-NeoForge-4.1.1 (betterwitchhuts)
		Zombie Improvements 1.2.0 (zombieimprovements)
[10May2026 17:32:41.278] [main/INFO] [Configured Defaults/]: Applying default files...
[10May2026 17:32:41.925] [main/INFO] [org.sinytra.connector.service.hacks.ModuleLayerMigrator/]: Successfully made module authlib transformable
[10May2026 17:32:41.926] [main/INFO] [org.sinytra.connector.service.hacks.ModuleLayerMigrator/]: Successfully made module brigadier transformable
[10May2026 17:32:41.933] [main/INFO] [net.neoforged.fml.loading.FMLServiceProvider/CORE]: Loading coremod script-engine for [openpartiesandclaims, xaerominimap, xaeroworldmap]
[10May2026 17:32:48.599] [main/INFO] [mixin/]: Compatibility level set to JAVA_17
[10May2026 17:32:48.608] [main/INFO] [mixin/]: Compatibility level set to JAVA_21
[10May2026 17:32:49.826] [main/INFO] [cpw.mods.modlauncher.LaunchServiceHandler/MODLAUNCHER]: Launching target 'forgeserver' with arguments [nogui]
[10May2026 17:32:49.910] [main/WARN] [mixin/]: Reference map 'betterdungeons.refmap.json' for betterdungeons.mixins.json could not be read. If this is a development environment you can ignore this message
[10May2026 17:32:49.915] [main/WARN] [mixin/]: Reference map 'openpartiesandclaims.refmap.json' for openpartiesandclaims.mixins.json could not be read. If this is a development environment you can ignore this message
[10May2026 17:32:49.917] [main/WARN] [mixin/]: Reference map 'openpartiesandclaims.refmap.json' for openpartiesandclaims.create.mixins.json could not be read. If this is a development environment you can ignore this message
[10May2026 17:32:49.922] [main/WARN] [mixin/]: Reference map 'bedrockoid.refmap.json' for bedrockoid.mixins.json could not be read. If this is a development environment you can ignore this message
[10May2026 17:32:50.043] [main/INFO] [C2ME Modules Manager/]: Initializing com.ishland.c2me.fixes.general.threading_issues.mixin
[10May2026 17:32:50.185] [main/INFO] [ModernFix/]: Loaded configuration file for ModernFix 5.24.3+mc1.21.1: 78 options available, 5 override(s) found
[10May2026 17:32:50.187] [main/WARN] [ModernFix/]: Option 'mixin.bugfix.paper_chunk_patches' overriden (by mods [c2me]) to 'false'
[10May2026 17:32:50.187] [main/WARN] [ModernFix/]: Option 'mixin.perf.faster_item_rendering' overriden (by user configuration) to 'true'
[10May2026 17:32:50.187] [main/WARN] [ModernFix/]: Option 'mixin.perf.cache_strongholds' overriden (by mods [c2me]) to 'false'
[10May2026 17:32:50.187] [main/WARN] [ModernFix/]: Option 'mixin.feature.branding' overriden (by user configuration) to 'false'
[10May2026 17:32:50.187] [main/WARN] [ModernFix/]: Option 'mixin.bugfix.chunk_deadlock' overriden (by mods [c2me]) to 'false'
[10May2026 17:32:50.187] [main/INFO] [ModernFix/]: Applying Nashorn fix
[10May2026 17:32:50.191] [main/WARN] [mixin/]: Reference map 'autochefsdelight.refmap.json' for autochefsdelight.mixins.json could not be read. If this is a development environment you can ignore this message
[10May2026 17:32:50.284] [main/INFO] [one.pkg.config.SewliaConfig/]: All configurations saved
[10May2026 17:32:50.290] [main/INFO] [one.pkg.config.SewliaConfig/]: Reloaded configuration: ModConfig
[10May2026 17:32:50.290] [main/INFO] [one.pkg.config.SewliaConfig/]: Successfully initialized configuration manager, loaded 1 configuration classes
[10May2026 17:32:50.295] [main/WARN] [mixin/]: Reference map '' for krypton_fnp.mixins.json could not be read. If this is a development environment you can ignore this message
[10May2026 17:32:50.297] [main/WARN] [mixin/]: Reference map 'yungsapi.refmap.json' for yungsapi.mixins.json could not be read. If this is a development environment you can ignore this message
[10May2026 17:32:50.299] [main/WARN] [mixin/]: Reference map 'iris.refmap.json' for mixins.iris.json could not be read. If this is a development environment you can ignore this message
[10May2026 17:32:50.300] [main/WARN] [mixin/]: Reference map 'iris.refmap.json' for mixins.iris.fantastic.json could not be read. If this is a development environment you can ignore this message
[10May2026 17:32:50.301] [main/WARN] [mixin/]: Reference map 'iris.refmap.json' for mixins.iris.vertexformat.json could not be read. If this is a development environment you can ignore this message
[10May2026 17:32:50.302] [main/WARN] [mixin/]: Reference map 'iris.refmap.json' for iris-batched-entity-rendering.mixins.json could not be read. If this is a development environment you can ignore this message
[10May2026 17:32:50.303] [main/WARN] [mixin/]: Reference map 'iris.refmap.json' for mixins.iris.compat.sodium.json could not be read. If this is a development environment you can ignore this message
[10May2026 17:32:50.308] [main/WARN] [mixin/]: Reference map 'clientcrafting.refmap.json' for clientcrafting.mixins.json could not be read. If this is a development environment you can ignore this message
[10May2026 17:32:50.311] [main/WARN] [mixin/]: Reference map 'snowrealmagic.refmap.json' for snowrealmagic.mixins.json could not be read. If this is a development environment you can ignore this message
[10May2026 17:32:50.312] [main/WARN] [mixin/]: Reference map 'betterfortresses.refmap.json' for betterfortresses.mixins.json could not be read. If this is a development environment you can ignore this message
[10May2026 17:32:50.315] [main/WARN] [mixin/]: Reference map 'revampedwolf.refmap.json' for revampedwolf.mixins.json could not be read. If this is a development environment you can ignore this message
[10May2026 17:32:50.321] [main/WARN] [mixin/]: Reference map 'explorations.refmap.json' for explorations.mixins.json could not be read. If this is a development environment you can ignore this message
[10May2026 17:32:50.327] [main/WARN] [mixin/]: Reference map 'reeses-sodium-options.refmap.json' for reeses-sodium-options.mixins.json could not be read. If this is a development environment you can ignore this message
[10May2026 17:32:50.330] [main/WARN] [mixin/]: Reference map '' for accessories-common.mixins.json could not be read. If this is a development environment you can ignore this message
[10May2026 17:32:50.333] [main/WARN] [mixin/]: Reference map '' for accessories-forge.mixins.json could not be read. If this is a development environment you can ignore this message
[10May2026 17:32:50.335] [main/WARN] [mixin/]: Reference map 'cumulus_menus.refmap.json' for cumulus_menus.mixins.json could not be read. If this is a development environment you can ignore this message
[10May2026 17:32:50.335] [main/WARN] [mixin/]: Reference map 'cumulus_menus.refmap.json' for cumulus_menus.neoforge.mixins.json could not be read. If this is a development environment you can ignore this message
[10May2026 17:32:50.338] [main/WARN] [mixin/]: Reference map 'betterendisland.refmap.json' for betterendisland.mixins.json could not be read. If this is a development environment you can ignore this message
[10May2026 17:32:50.340] [main/WARN] [mixin/]: Reference map 'nitrogen_internals.refmap.json' for nitrogen_internals.mixins.json could not be read. If this is a development environment you can ignore this message
[10May2026 17:32:50.341] [main/WARN] [mixin/]: Reference map 'betterjungletemples.refmap.json' for betterjungletemples.mixins.json could not be read. If this is a development environment you can ignore this message
[10May2026 17:32:50.344] [main/WARN] [mixin/]: Reference map 'kiwi.refmap.json' for kiwi.mixins.json could not be read. If this is a development environment you can ignore this message
[10May2026 17:32:50.344] [main/INFO] [C2ME Modules Manager/]: Initializing com.ishland.c2me.threading.lighting.mixin
[10May2026 17:32:50.499] [main/INFO] [LithiumConfig/]: Option 'mixin.experimental.entity.block_caching.suffocation' requires 'mixin.util.block_tracking=true' but found 'false'. Setting 'mixin.experimental.entity.block_caching.suffocation=false'.
[10May2026 17:32:50.499] [main/INFO] [LithiumConfig/]: Option 'mixin.experimental.entity.block_caching.block_support' requires 'mixin.util.block_tracking=true' but found 'false'. Setting 'mixin.experimental.entity.block_caching.block_support=false'.
[10May2026 17:32:50.499] [main/INFO] [LithiumConfig/]: Option 'mixin.experimental.entity.block_caching.block_touching' requires 'mixin.util.block_tracking=true' but found 'false'. Setting 'mixin.experimental.entity.block_caching.block_touching=false'.
[10May2026 17:32:50.499] [main/INFO] [LithiumConfig/]: Option 'mixin.experimental.entity.block_caching' requires 'mixin.util.block_tracking=true' but found 'false'. Setting 'mixin.experimental.entity.block_caching=false'.
[10May2026 17:32:50.500] [main/INFO] [Lithium/]: Loaded configuration file for Lithium: 148 options available, 0 override(s) found
[10May2026 17:32:50.504] [main/WARN] [mixin/]: Reference map 'goblintraders.refmap.json' for goblintraders.common.mixins.json could not be read. If this is a development environment you can ignore this message
[10May2026 17:32:50.506] [main/WARN] [mixin/]: Reference map 'paxi.refmap.json' for paxi.mixins.json could not be read. If this is a development environment you can ignore this message
[10May2026 17:32:50.506] [main/WARN] [mixin/]: Reference map 'paxi.refmap.json' for paxi_neoforge.mixins.json could not be read. If this is a development environment you can ignore this message
[10May2026 17:32:50.507] [main/WARN] [mixin/]: Reference map 'fastasyncworldsave.refmap.json' for fastasyncworldsave.mixins.json could not be read. If this is a development environment you can ignore this message
[10May2026 17:32:50.510] [main/WARN] [mixin/]: Reference map 'adventuredungeons.refmap.json' for adventuredungeons.mixins.json could not be read. If this is a development environment you can ignore this message
[10May2026 17:32:50.512] [main/INFO] [C2ME Modules Manager/]: Initializing com.ishland.c2me.opts.worldgen.vanilla.mixin
[10May2026 17:32:50.514] [main/INFO] [C2ME Modules Manager/]: Initializing com.ishland.c2me.opts.scheduling.mixin
[10May2026 17:32:50.630] [main/WARN] [mixin/]: Reference map 'smoothchunk.refmap.json' for smoothchunk.mixins.json could not be read. If this is a development environment you can ignore this message
[10May2026 17:32:50.633] [main/WARN] [mixin/]: Reference map 'terrablender.refmap.json' for terrablender.mixins.json could not be read. If this is a development environment you can ignore this message
[10May2026 17:32:50.634] [main/WARN] [mixin/]: Reference map 'terrablender.refmap.json' for terrablender_neoforge.mixins.json could not be read. If this is a development environment you can ignore this message
[10May2026 17:32:50.663] [main/WARN] [mixin/]: Reference map 'smoothmovement.refmap.json' for smoothmovement.mixins.json could not be read. If this is a development environment you can ignore this message
[10May2026 17:32:50.667] [main/WARN] [mixin/]: Reference map 'dragonloot.refmap.json' for dragonloot.mixins.json could not be read. If this is a development environment you can ignore this message
[10May2026 17:32:50.667] [main/WARN] [mixin/]: Reference map 'hybrid_aquatic.refmap.json' for hybrid-aquatic.forge.mixins.json could not be read. If this is a development environment you can ignore this message
[10May2026 17:32:50.670] [main/WARN] [mixin/]: Reference map 'kuma_api.refmap.json' for kuma_api.mixins.json could not be read. If this is a development environment you can ignore this message
[10May2026 17:32:50.675] [main/WARN] [mixin/]: Reference map 'betteroceanmonuments.refmap.json' for betteroceanmonuments.mixins.json could not be read. If this is a development environment you can ignore this message
[10May2026 17:32:50.676] [main/WARN] [mixin/]: Reference map 'worldplaytime.refmap.json' for worldplaytime.mixins.json could not be read. If this is a development environment you can ignore this message
[10May2026 17:32:50.677] [main/WARN] [mixin/]: Reference map 'structureessentials.refmap.json' for structureessentials.mixins.json could not be read. If this is a development environment you can ignore this message
[10May2026 17:32:50.680] [main/WARN] [mixin/]: Reference map 'lootintegrations.refmap.json' for lootintegrations.mixins.json could not be read. If this is a development environment you can ignore this message
[10May2026 17:32:50.681] [main/WARN] [mixin/]: Reference map 'bookshelf.refmap.json' for bookshelf.mixins.json could not be read. If this is a development environment you can ignore this message
[10May2026 17:32:50.683] [main/WARN] [mixin/]: Reference map 'takesapillage.refmap.json' for takesapillage-neoforge.mixins.json could not be read. If this is a development environment you can ignore this message
[10May2026 17:32:50.685] [main/WARN] [mixin/]: Reference map 'takesapillage.refmap.json' for takesapillage-common.mixins.json could not be read. If this is a development environment you can ignore this message
[10May2026 17:32:50.687] [main/WARN] [mixin/]: Reference map 'carryon.refmap.json' for carryon.mixins.json could not be read. If this is a development environment you can ignore this message
[10May2026 17:32:50.690] [main/WARN] [mixin/]: Reference map 'melody.refmap.json' for melody.mixins.json could not be read. If this is a development environment you can ignore this message
[10May2026 17:32:50.691] [main/WARN] [mixin/]: Reference map 'melody.refmap.json' for melody.neoforge.mixins.json could not be read. If this is a development environment you can ignore this message
[10May2026 17:32:50.696] [main/INFO] [C2ME Modules Manager/]: Initializing com.ishland.c2me.fixes.worldgen.vanilla_bugs.mixin
[10May2026 17:32:50.699] [main/WARN] [mixin/]: Reference map 'konkrete.refmap.json' for konkrete.mixins.json could not be read. If this is a development environment you can ignore this message
[10May2026 17:32:50.700] [main/WARN] [mixin/]: Reference map 'konkrete.refmap.json' for konkrete.neoforge.mixins.json could not be read. If this is a development environment you can ignore this message
[10May2026 17:32:50.704] [main/WARN] [mixin/]: Reference map 'boatiview.refmap.json' for boatiview.common.mixins.json could not be read. If this is a development environment you can ignore this message
[10May2026 17:32:50.706] [main/WARN] [mixin/]: Reference map 'longnbtkiller.refmap.json' for longnbtkiller.mixins.json could not be read. If this is a development environment you can ignore this message
[10May2026 17:32:50.707] [main/WARN] [mixin/]: Reference map 'lionfishapi.refmap.json' for lionfishapi.mixins.json could not be read. If this is a development environment you can ignore this message
[10May2026 17:32:50.710] [main/WARN] [mixin/]: Reference map 'memorysettings.refmap.json' for memorysettings.mixins.json could not be read. If this is a development environment you can ignore this message
[10May2026 17:32:50.711] [main/WARN] [mixin/]: Reference map 'cataclysm.refmap.json' for cataclysm.mixins.json could not be read. If this is a development environment you can ignore this message
[10May2026 17:32:50.713] [main/WARN] [mixin/]: Reference map 'aether_protect_your_moa.refmap.json' for aether_protect_your_moa.mixins.json could not be read. If this is a development environment you can ignore this message
[10May2026 17:32:50.716] [main/WARN] [mixin/]: Reference map '' for mixins.immersivelanterns.json could not be read. If this is a development environment you can ignore this message
[10May2026 17:32:50.717] [main/WARN] [mixin/]: Reference map 'ServerBrowser-refmap.json' for serverbrowser.mixins.json could not be read. If this is a development environment you can ignore this message
[10May2026 17:32:50.717] [main/WARN] [mixin/]: Reference map 'ServerBrowser-refmap.json' for serverbrowser-root.mixins.json could not be read. If this is a development environment you can ignore this message
[10May2026 17:32:50.718] [main/WARN] [mixin/]: Reference map 'cupboard.refmap.json' for cupboard.mixins.json could not be read. If this is a development environment you can ignore this message
[10May2026 17:32:50.718] [main/INFO] [C2ME Modules Manager/]: Initializing com.ishland.c2me.rewrites.chunkio.mixin
[10May2026 17:32:50.727] [main/WARN] [mixin/]: Reference map 'xaerolib.refmap.json' for xaerolib.mixins.json could not be read. If this is a development environment you can ignore this message
[10May2026 17:32:50.731] [main/WARN] [mixin/]: Reference map 'clumps.refmap.json' for clumps.mixins.json could not be read. If this is a development environment you can ignore this message
[10May2026 17:32:50.734] [main/WARN] [mixin/]: Reference map 'skinlayers3d.refmap.mixins.json' for skinlayers3d.mixins.json could not be read. If this is a development environment you can ignore this message
[10May2026 17:32:50.735] [main/WARN] [mixin/]: Reference map 'mixson.refmap.json' for mixson.mixins.json could not be read. If this is a development environment you can ignore this message
[10May2026 17:32:50.736] [main/WARN] [mixin/]: Reference map 'friendsandfoes.refmap.json' for friendsandfoes-neoforge.mixins.json could not be read. If this is a development environment you can ignore this message
[10May2026 17:32:50.737] [main/WARN] [mixin/]: Reference map 'friendsandfoes.refmap.json' for friendsandfoes-common.mixins.json could not be read. If this is a development environment you can ignore this message
[10May2026 17:32:50.740] [main/WARN] [mixin/]: Reference map 'citresewn.refmap.json' for citresewn.mixins.json could not be read. If this is a development environment you can ignore this message
[10May2026 17:32:50.757] [main/WARN] [mixin/]: Reference map '${refmap_target}refmap.json' for ferritecore.predicates.mixin.json could not be read. If this is a development environment you can ignore this message
[10May2026 17:32:50.759] [main/WARN] [mixin/]: Reference map '${refmap_target}refmap.json' for ferritecore.fastmap.mixin.json could not be read. If this is a development environment you can ignore this message
[10May2026 17:32:50.760] [main/WARN] [mixin/]: Reference map '${refmap_target}refmap.json' for ferritecore.mrl.mixin.json could not be read. If this is a development environment you can ignore this message
[10May2026 17:32:50.761] [main/WARN] [mixin/]: Reference map '${refmap_target}refmap.json' for ferritecore.dedupmultipart.mixin.json could not be read. If this is a development environment you can ignore this message
[10May2026 17:32:50.762] [main/WARN] [mixin/]: Reference map '${refmap_target}refmap.json' for ferritecore.blockstatecache.mixin.json could not be read. If this is a development environment you can ignore this message
[10May2026 17:32:50.763] [main/WARN] [mixin/]: Reference map '${refmap_target}refmap.json' for ferritecore.dedupbakedquad.mixin.json could not be read. If this is a development environment you can ignore this message
[10May2026 17:32:50.764] [main/WARN] [mixin/]: Reference map '${refmap_target}refmap.json' for ferritecore.threaddetec.mixin.json could not be read. If this is a development environment you can ignore this message
[10May2026 17:32:50.765] [main/WARN] [mixin/]: Reference map '${refmap_target}refmap.json' for ferritecore.modelsides.mixin.json could not be read. If this is a development environment you can ignore this message
[10May2026 17:32:50.766] [main/WARN] [mixin/]: Reference map '${refmap_target}refmap.json' for ferritecore.datacomponents.mixin.json could not be read. If this is a development environment you can ignore this message
[10May2026 17:32:50.767] [main/WARN] [mixin/]: Reference map '${refmap_target}refmap.json' for ferritecore.accessors.mixin.json could not be read. If this is a development environment you can ignore this message
[10May2026 17:32:50.769] [main/INFO] [C2ME Modules Manager/]: Initializing com.ishland.c2me.fixes.worldgen.threading_issues.mixin
[10May2026 17:32:50.773] [main/WARN] [mixin/]: Reference map 'variantsandventures.refmap.json' for variantsandventures-neoforge.mixins.json could not be read. If this is a development environment you can ignore this message
[10May2026 17:32:50.775] [main/WARN] [mixin/]: Reference map 'variantsandventures.refmap.json' for variantsandventures-common.mixins.json could not be read. If this is a development environment you can ignore this message
[10May2026 17:32:50.776] [main/WARN] [mixin/]: Reference map 'bmcpalegardenpatcher.refmap.json' for bmcpalegardenpatcher.mixins.json could not be read. If this is a development environment you can ignore this message
[10May2026 17:32:50.776] [main/INFO] [C2ME Modules Manager/]: Initializing com.ishland.c2me.rewrites.chunk_serializer.mixin
[10May2026 17:32:50.777] [main/INFO] [C2ME Modules Manager/]: Disabling com.ishland.c2me.rewrites.chunk_serializer.mixin
[10May2026 17:32:50.779] [main/WARN] [mixin/]: Reference map 'subtle_effects.refmap.json' for subtle_effects.mixins.json could not be read. If this is a development environment you can ignore this message
[10May2026 17:32:50.780] [main/WARN] [mixin/]: Reference map 'subtle_effects.refmap.json' for subtle_effects.neoforge.mixins.json could not be read. If this is a development environment you can ignore this message
[10May2026 17:32:50.783] [main/WARN] [mixin/]: Reference map 'clientsort.refmap.json' for clientsort.mixins.json could not be read. If this is a development environment you can ignore this message
[10May2026 17:32:50.783] [main/WARN] [mixin/]: Reference map 'clientsort.refmap.json' for clientsort.neoforge.mixins.json could not be read. If this is a development environment you can ignore this message
[10May2026 17:32:50.784] [main/WARN] [mixin/]: Reference map 'balm.refmap.json' for balm.mixins.json could not be read. If this is a development environment you can ignore this message
[10May2026 17:32:50.786] [main/WARN] [mixin/]: Reference map 'prickle.refmap.json' for prickle.mixins.json could not be read. If this is a development environment you can ignore this message
[10May2026 17:32:50.787] [main/INFO] [C2ME Modules Manager/]: Initializing com.ishland.c2me.base.mixin
[10May2026 17:32:50.868] [main/INFO] [C2ME Config System/]: Global Executor Parallelism: 3 configured, 3 evaluated, 3 default evaluated
[10May2026 17:32:50.874] [main/WARN] [mixin/]: Reference map 'crash_assistant.refmap.json' for crash_assistant.mixins.json could not be read. If this is a development environment you can ignore this message
[10May2026 17:32:50.880] [main/INFO] [C2ME Modules Manager/]: Initializing com.ishland.c2me.opts.dfc.mixin
[10May2026 17:32:50.881] [main/INFO] [C2ME Modules Manager/]: Disabling com.ishland.c2me.opts.dfc.mixin
[10May2026 17:32:50.882] [main/WARN] [mixin/]: Reference map 'curios.refmap.json' for curios.neoforge.mixins.json could not be read. If this is a development environment you can ignore this message
[10May2026 17:32:50.883] [main/WARN] [mixin/]: Reference map 'curios.refmap.json' for curios.mixins.json could not be read. If this is a development environment you can ignore this message
[10May2026 17:32:50.883] [main/WARN] [mixin/]: Reference map 'searchables.refmap.json' for searchables.mixins.json could not be read. If this is a development environment you can ignore this message
[10May2026 17:32:50.884] [main/WARN] [mixin/]: Reference map 'searchables.refmap.json' for searchables.neoforge.mixins.json could not be read. If this is a development environment you can ignore this message
[10May2026 17:32:50.886] [main/WARN] [mixin/]: Reference map 'jadeaddons.refmap.json' for jadeaddons.mixins.json could not be read. If this is a development environment you can ignore this message
[10May2026 17:32:50.887] [main/WARN] [mixin/]: Reference map 'sparsestructures.refmap.json' for sparsestructures.mixins.json could not be read. If this is a development environment you can ignore this message
[10May2026 17:32:50.888] [main/WARN] [mixin/]: Reference map 'bettermineshafts.refmap.json' for bettermineshafts.mixins.json could not be read. If this is a development environment you can ignore this message
[10May2026 17:32:50.889] [main/WARN] [mixin/]: Reference map 'veinmining.refmap.json' for veinmining.mixins.json could not be read. If this is a development environment you can ignore this message
[10May2026 17:32:50.890] [main/WARN] [mixin/]: Reference map 'mowziesmobs.refmap.json' for mowziesmobs.mixins.json could not be read. If this is a development environment you can ignore this message
[10May2026 17:32:50.903] [main/WARN] [mixin/]: Reference map 'glitchcore.refmap.json' for glitchcore.mixins.json could not be read. If this is a development environment you can ignore this message
[10May2026 17:32:50.903] [main/WARN] [mixin/]: Reference map 'glitchcore.refmap.json' for glitchcore.neoforge.mixins.json could not be read. If this is a development environment you can ignore this message
[10May2026 17:32:50.904] [main/WARN] [mixin/]: Reference map 'sereneseasons.refmap.json' for sereneseasons.mixins.json could not be read. If this is a development environment you can ignore this message
[10May2026 17:32:50.904] [main/WARN] [mixin/]: Reference map 'sereneseasons.refmap.json' for sereneseasons.neoforge.mixins.json could not be read. If this is a development environment you can ignore this message
[10May2026 17:32:50.906] [main/INFO] [C2ME Modules Manager/]: Initializing com.ishland.c2me.rewrites.chunksystem.mixin
[10May2026 17:32:50.911] [main/WARN] [mixin/]: Reference map 'logbegone.refmap.json' for logbegone.neoforge.mixins.json could not be read. If this is a development environment you can ignore this message
[10May2026 17:32:50.912] [main/WARN] [mixin/]: Reference map 'trimmed.refmap.json' for trimmed.mixins.json could not be read. If this is a development environment you can ignore this message
[10May2026 17:32:50.913] [main/WARN] [mixin/]: Reference map 'trimmed.refmap.json' for trimmed.neo.mixins.json could not be read. If this is a development environment you can ignore this message
[10May2026 17:32:50.913] [main/WARN] [mixin/]: Reference map 'nochatreports.refmap.json' for mixins/common/nochatreports.mixins.json could not be read. If this is a development environment you can ignore this message
[10May2026 17:32:50.917] [main/WARN] [mixin/]: Reference map 'xaerominimap.refmap.json' for xaerohud.mixins.json could not be read. If this is a development environment you can ignore this message
[10May2026 17:32:50.918] [main/WARN] [mixin/]: Reference map 'xaerominimap.refmap.json' for xaerominimap.mixins.json could not be read. If this is a development environment you can ignore this message
[10May2026 17:32:50.921] [main/WARN] [mixin/]: Reference map 'polymorph.refmap.json' for polymorph.mixins.json could not be read. If this is a development environment you can ignore this message
[10May2026 17:32:50.923] [main/WARN] [mixin/]: Reference map 'polymorph.refmap.json' for polymorph-compatibility.mixins.json could not be read. If this is a development environment you can ignore this message
[10May2026 17:32:50.923] [main/INFO] [C2ME Modules Manager/]: Initializing com.ishland.c2me.notickvd.mixin
[10May2026 17:32:50.955] [main/WARN] [mixin/]: Reference map 'backpacked.refmap.json' for backpacked.common.mixins.json could not be read. If this is a development environment you can ignore this message
[10May2026 17:32:50.956] [main/WARN] [mixin/]: Reference map 'inmis.refmap.json' for inmis.mixins.json could not be read. If this is a development environment you can ignore this message
[10May2026 17:32:50.960] [main/WARN] [mixin/]: Reference map 'biomemusic.refmap.json' for biomemusic.mixins.json could not be read. If this is a development environment you can ignore this message
[10May2026 17:32:50.972] [main/WARN] [mixin/]: Reference map 'chunksending.refmap.json' for chunksending.mixins.json could not be read. If this is a development environment you can ignore this message
[10May2026 17:32:50.976] [main/WARN] [mixin/]: Reference map 'xptome.refmap.json' for xptome.mixins.json could not be read. If this is a development environment you can ignore this message
[10May2026 17:32:50.977] [main/WARN] [mixin/]: Reference map 'betterwitchhuts.refmap.json' for betterwitchhuts.mixins.json could not be read. If this is a development environment you can ignore this message
[10May2026 17:32:50.979] [main/WARN] [mixin/]: Reference map 'puffish_biome_dither-refmap.json' for puffish_biome_dither.mixins.json could not be read. If this is a development environment you can ignore this message
[10May2026 17:32:50.980] [main/WARN] [mixin/]: Reference map 'netherportalfix.refmap.json' for netherportalfix.mixins.json could not be read. If this is a development environment you can ignore this message
[10May2026 17:32:50.982] [main/WARN] [mixin/]: Reference map 'geckolib.refmap.json' for geckolib.mixins.json could not be read. If this is a development environment you can ignore this message
[10May2026 17:32:50.985] [main/WARN] [mixin/]: Reference map 'recipeessentials.refmap.json' for recipeessentials.mixins.json could not be read. If this is a development environment you can ignore this message
[10May2026 17:32:50.988] [main/WARN] [mixin/]: Reference map 'aether.refmap.json' for aether.mixins.json could not be read. If this is a development environment you can ignore this message
[10May2026 17:32:50.989] [main/WARN] [mixin/]: Reference map 'deep_aether.refmap.json' for deep_aether.mixins.json could not be read. If this is a development environment you can ignore this message
[10May2026 17:32:50.990] [main/WARN] [mixin/]: Reference map 'aeroblender.refmap.json' for aeroblender.mixins.json could not be read. If this is a development environment you can ignore this message
[10May2026 17:32:50.990] [main/INFO] [C2ME Modules Manager/]: Initializing com.ishland.c2me.opts.natives_math.mixin
[10May2026 17:32:50.993] [main/WARN] [C2ME Modules Manager/]: Disabling com.ishland.c2me.opts.natives_math.mixin due to incompatible Java version, see debug logs for details
[10May2026 17:32:50.993] [main/INFO] [C2ME Modules Manager/]: Disabling com.ishland.c2me.opts.natives_math.mixin
[10May2026 17:32:50.996] [main/WARN] [mixin/]: Reference map 'connectivity.refmap.json' for connectivity.mixins.json could not be read. If this is a development environment you can ignore this message
[10May2026 17:32:50.997] [main/WARN] [mixin/]: Reference map 'kleeslabs.refmap.json' for kleeslabs.mixins.json could not be read. If this is a development environment you can ignore this message
[10May2026 17:32:50.998] [main/WARN] [mixin/]: Reference map 'kleeslabs.refmap.json' for kleeslabs.neoforge.mixins.json could not be read. If this is a development environment you can ignore this message
[10May2026 17:32:50.999] [main/WARN] [mixin/]: Reference map 'piglinproliferation.refmap.json' for piglinproliferation.mixins.json could not be read. If this is a development environment you can ignore this message
[10May2026 17:32:51.000] [main/WARN] [mixin/]: Reference map 'xaeroworldmap.refmap.json' for xaeroworldmap.mixins.json could not be read. If this is a development environment you can ignore this message
[10May2026 17:32:51.003] [main/WARN] [mixin/]: Reference map 'citadel.refmap.json' for citadel.mixins.json could not be read. If this is a development environment you can ignore this message
[10May2026 17:32:51.009] [main/INFO] [C2ME Modules Manager/]: Initializing com.ishland.c2me.opts.math.mixin
[10May2026 17:32:51.018] [main/WARN] [mixin/]: Reference map 'wetland_whimsy.refmap.json' for wetland_whimsy.mixins.json could not be read. If this is a development environment you can ignore this message
[10May2026 17:32:51.018] [main/INFO] [C2ME Modules Manager/]: Initializing com.ishland.c2me.fixes.chunkio.threading_issues.mixin
[10May2026 17:32:51.020] [main/INFO] [C2ME Modules Manager/]: Initializing com.ishland.c2me.client.uncapvd.mixin
[10May2026 17:32:51.024] [main/WARN] [mixin/]: Reference map 'patchouli.refmap.json' for patchouli_xplat.mixins.json could not be read. If this is a development environment you can ignore this message
[10May2026 17:32:51.025] [main/WARN] [mixin/]: Reference map 'betterstrongholds.refmap.json' for betterstrongholds.mixins.json could not be read. If this is a development environment you can ignore this message
[10May2026 17:32:51.041] [main/INFO] [C2ME Modules Manager/]: Initializing com.ishland.c2me.opts.allocs.mixin
[10May2026 17:32:51.046] [main/WARN] [mixin/]: Reference map 'bhmenu.refmap.json' for bhmenu.mixins.json could not be read. If this is a development environment you can ignore this message
[10May2026 17:32:51.055] [main/WARN] [mixin/]: Reference map '' for accessories_compat_layer-common.mixins.json could not be read. If this is a development environment you can ignore this message
[10May2026 17:32:51.061] [main/WARN] [mixin/]: Reference map '' for accessories_compat_layer-trinkets.mixins.json could not be read. If this is a development environment you can ignore this message
[10May2026 17:32:51.064] [main/WARN] [mixin/]: Reference map '' for accessories_compat_layer-curios.mixins.json could not be read. If this is a development environment you can ignore this message
[10May2026 17:32:51.065] [main/WARN] [mixin/]: Reference map 'Ping-Wheel-refmap.json' for pingwheel.mixins.json could not be read. If this is a development environment you can ignore this message
[10May2026 17:32:51.067] [main/WARN] [mixin/]: Reference map 'waystones.refmap.json' for waystones.mixins.json could not be read. If this is a development environment you can ignore this message
[10May2026 17:32:51.070] [main/WARN] [mixin/]: Reference map 'comforts.refmap.json' for comforts.mixins.json could not be read. If this is a development environment you can ignore this message
[10May2026 17:32:51.072] [main/WARN] [mixin/]: Reference map 'betterworldloadingnf21.refmap.json' for betterworldloadingnf21.mixins.json could not be read. If this is a development environment you can ignore this message
[10May2026 17:32:51.075] [main/WARN] [mixin/]: Reference map 'toofast.refmap.json' for toofast.mixins.json could not be read. If this is a development environment you can ignore this message
[10May2026 17:32:51.078] [main/WARN] [mixin/]: Reference map 'enchdesc.refmap.json' for enchdesc.mixins.json could not be read. If this is a development environment you can ignore this message
[10May2026 17:32:51.087] [main/INFO] [C2ME Modules Manager/]: Initializing com.ishland.c2me.server.utils.mixin
[10May2026 17:32:51.099] [main/INFO] [C2ME Modules Manager/]: Initializing com.ishland.c2me.opts.worldgen.general.mixin
[10May2026 17:32:51.101] [main/INFO] [C2ME Modules Manager/]: Initializing com.ishland.c2me.opts.chunkio.mixin
[10May2026 17:32:51.104] [main/WARN] [mixin/]: Reference map 'watut.refmap.json' for watut.mixins.json could not be read. If this is a development environment you can ignore this message
[10May2026 17:32:51.105] [main/WARN] [mixin/]: Reference map 'yet_another_config_lib_v3.refmap.json' for yacl.mixins.json could not be read. If this is a development environment you can ignore this message
[10May2026 17:32:51.118] [main/WARN] [mixin/]: Reference map 'ponder.refmap.json' for ponder-common.mixins.json could not be read. If this is a development environment you can ignore this message
[10May2026 17:32:51.166] [main/INFO] [dev.tonimatas.packetfixer.mixins.v1_20_5_neoforge.MixinPlugin/]: Packet Fixer neoforge 1.20.5-1.21.X has been applied successfully.
[10May2026 17:32:51.172] [main/WARN] [mixin/]: Reference map 'skinrestorer.refmap.json' for skinrestorer.mixins.json could not be read. If this is a development environment you can ignore this message
[10May2026 17:32:51.177] [main/WARN] [mixin/]: Reference map 'EpheroLib-refmap.json' for epherolib.mixins.json could not be read. If this is a development environment you can ignore this message
[10May2026 17:32:51.178] [main/WARN] [mixin/]: Reference map 'sound_physics_remastered.refmap.json' for sound_physics_remastered.mixins.json could not be read. If this is a development environment you can ignore this message
[10May2026 17:32:51.194] [main/WARN] [mixin/]: Reference map '' for adapter.init.mixins.json could not be read. If this is a development environment you can ignore this message
[10May2026 17:32:52.304] [main/WARN] [mixin/]: Error loading class: net/caffeinemc/mods/sodium/client/render/chunk/compile/pipeline/BlockRenderer (java.lang.ClassNotFoundException: net.caffeinemc.mods.sodium.client.render.chunk.compile.pipeline.BlockRenderer)
[10May2026 17:32:52.305] [main/WARN] [mixin/]: @Mixin target net.caffeinemc.mods.sodium.client.render.chunk.compile.pipeline.BlockRenderer was not found bedrockoid.mixins.json:client.sodium.BlockRendererMixin from mod bedrockoid
[10May2026 17:32:52.493] [main/INFO] [KryptonFNP MixinBootstrap/]: Mixin one.pkg.kfnp.mixin.network.experimental.RconClientMixin disabled
[10May2026 17:32:52.493] [main/INFO] [KryptonFNP MixinBootstrap/]: Mixin one.pkg.kfnp.mixin.network.microopt.ServerEntityMixin enabled
[10May2026 17:32:52.493] [main/INFO] [KryptonFNP MixinBootstrap/]: Mixin one.pkg.kfnp.mixin.network.microopt.Utf8StringMixin enabled
[10May2026 17:32:52.493] [main/INFO] [KryptonFNP MixinBootstrap/]: Mixin one.pkg.kfnp.mixin.network.microopt.VarIntMixin enabled
[10May2026 17:32:52.494] [main/INFO] [KryptonFNP MixinBootstrap/]: Mixin one.pkg.kfnp.mixin.network.microopt.VarLongMixin enabled
[10May2026 17:32:52.494] [main/INFO] [KryptonFNP MixinBootstrap/]: Mixin one.pkg.kfnp.mixin.network.pipeline.LegacyQueryHandlerMixin enabled
[10May2026 17:32:52.494] [main/INFO] [KryptonFNP MixinBootstrap/]: Mixin one.pkg.kfnp.mixin.network.pipeline.Varint21FrameDecoderMixin enabled
[10May2026 17:32:52.495] [main/INFO] [KryptonFNP MixinBootstrap/]: Mixin one.pkg.kfnp.mixin.network.pipeline.compression.ConnectionMixin enabled
[10May2026 17:32:52.495] [main/INFO] [KryptonFNP MixinBootstrap/]: Mixin one.pkg.kfnp.mixin.network.pipeline.encryption.ConnectionMixin enabled
[10May2026 17:32:52.495] [main/INFO] [KryptonFNP MixinBootstrap/]: Mixin one.pkg.kfnp.mixin.network.pipeline.encryption.ServerLoginPacketListenerImplMixin enabled
[10May2026 17:32:52.496] [main/INFO] [KryptonFNP MixinBootstrap/]: Mixin one.pkg.kfnp.mixin.network.pipeline.prepender.ConnectionMixin enabled
[10May2026 17:32:52.496] [main/INFO] [KryptonFNP MixinBootstrap/]: Mixin one.pkg.kfnp.mixin.network.thread.ServerLoginPacketListenerImplMixin enabled
[10May2026 17:32:52.940] [main/INFO] [C2ME Config System/]: Disabling config vanillaWorldGenOptimizations.useEndBiomeCache: Incompatible with biolith@3.0.10 (*) (defined in c2me)
[10May2026 17:32:52.940] [main/INFO] [C2ME Config System/]: Disabling config vanillaWorldGenOptimizations.optimizeStructureWeightSampler: Incompatible with twilightforest@4.8.3345 (*) (defined in c2me)
[10May2026 17:32:52.998] [main/INFO] [AllTheLeaks/]: Class dev.uncandango.alltheleaks.leaks.common.mods.supplementaries.UntrackedIssue002 will be loaded as it matches versions: 1.21-3.5.34 in [1.21-3.5.0,)
[10May2026 17:32:52.999] [main/INFO] [AllTheLeaks/]: Class dev.uncandango.alltheleaks.leaks.common.mods.supplementaries.UntrackedIssue001 will be loaded as it matches versions: 1.21-3.5.34 in [1.21-3.1.8,)
[10May2026 17:32:52.999] [main/INFO] [AllTheLeaks/]: Class dev.uncandango.alltheleaks.leaks.common.mods.sereneseasons.UntrackedIssue001 will be loaded as it matches versions: 10.1.0.3 in [10.1.0.1,)
[10May2026 17:32:53.000] [main/INFO] [AllTheLeaks/]: Class dev.uncandango.alltheleaks.leaks.common.mods.neoforge.Issue1487 will be loaded as it matches versions: 21.1.228 in [21.,)
[10May2026 17:32:53.000] [main/INFO] [AllTheLeaks/]: Mixins added to allowed list: [main.ServerPlayerMixin, main.PlayerListMixin, main.accessor.PlayerAdvancementsAccessor]
[10May2026 17:32:53.000] [main/INFO] [AllTheLeaks/]: Class dev.uncandango.alltheleaks.leaks.common.mods.neoforge.Issue1486 will be loaded as it matches versions: 21.1.228 in [21.,)
[10May2026 17:32:53.000] [main/INFO] [AllTheLeaks/]: Class dev.uncandango.alltheleaks.leaks.common.mods.minecraft.UntrackedIssue003 will be loaded as it matches versions: 1.21.1 in [1.21.1,1.21.1]
[10May2026 17:32:53.000] [main/INFO] [AllTheLeaks/]: Mixins added to allowed list: [main.DebugSampleSubscriptionTrackerMixin]
[10May2026 17:32:53.000] [main/INFO] [AllTheLeaks/]: Class dev.uncandango.alltheleaks.leaks.common.mods.minecraft.UntrackedIssue002 will be loaded as it matches versions: 1.21.1 in 1.21.1
[10May2026 17:32:53.000] [main/INFO] [AllTheLeaks/]: Class dev.uncandango.alltheleaks.leaks.common.mods.minecraft.UntrackedIssue001 will be loaded as it matches versions: 1.21.1 in 1.21.1
[10May2026 17:32:53.001] [main/INFO] [AllTheLeaks/]: Mixins added to allowed list: [main.EntityTickListMixin]
[10May2026 17:32:53.002] [main/INFO] [AllTheLeaks/]: Class dev.uncandango.alltheleaks.leaks.common.mods.geckolib.UntrackedIssue001 will be loaded as it matches versions: 4.8.4 in *
[10May2026 17:32:53.002] [main/INFO] [AllTheLeaks/]: Mixins added to allowed list: [main.SingletonGeoAnimatableMixin]
[10May2026 17:32:53.003] [main/INFO] [AllTheLeaks/]: Class dev.uncandango.alltheleaks.leaks.common.mods.curios.Issue22 will be loaded as it matches versions: 9.5.1+1.21.1 in [9.0.6,)
[10May2026 17:32:53.003] [main/INFO] [AllTheLeaks/]: Mixins added to allowed list: [main.CuriosEventHandlerMixin]
[10May2026 17:32:53.004] [main/INFO] [AllTheLeaks/]: Class dev.uncandango.alltheleaks.leaks.common.mods.connectivity.UntrackedIssue001 will be loaded as it matches versions: 7.6 in [5.8,)
[10May2026 17:32:53.004] [main/INFO] [AllTheLeaks/]: Class dev.uncandango.alltheleaks.leaks.common.mods.cclayer.UntrackedIssue001 will be loaded as it matches versions: 0.1.12 in [0.beta.6,)
[10May2026 17:32:53.004] [main/INFO] [AllTheLeaks/]: Mixins added to allowed list: [main.DeathWrapperEventsImplMixin]
[10May2026 17:32:53.004] [main/INFO] [AllTheLeaks/]: Class dev.uncandango.alltheleaks.leaks.common.mods.accessories_compat_layer.UntrackedIssue001 will be loaded as it matches versions: 0.1.12 in [0.1.10,)
[10May2026 17:32:53.004] [main/INFO] [AllTheLeaks/]: Mixins added to allowed list: [main.DeathWrapperEventsImplMixin2]
[10May2026 17:32:53.025] [main/INFO] [AllTheLeaks/]: Class dev.uncandango.alltheleaks.feature.common.mods.minecraft.SaveWithLoadedChunks will be loaded as it matches versions: 1.21.1 in 1.21.1
[10May2026 17:32:53.025] [main/INFO] [AllTheLeaks/]: Class dev.uncandango.alltheleaks.feature.common.mods.minecraft.MemoryMonitor will be loaded as it matches versions: 1.21.1 in 1.21.1
[10May2026 17:32:53.025] [main/INFO] [AllTheLeaks/]: Mixins added to allowed list: [main.PlayerMixin, main.ChunkAccessMixin, main.LevelMixin, main.MinecraftServerMixin]
[10May2026 17:32:53.025] [main/INFO] [AllTheLeaks/]: Class dev.uncandango.alltheleaks.feature.common.mods.minecraft.IngredientDedupe will be loaded as it matches versions: 1.21.1 in 1.21.1
[10May2026 17:32:53.025] [main/INFO] [AllTheLeaks/]: Mixins added to allowed list: [main.IngredientMixin, main.IngredientMixin$IngredientAccessor, main.accessor.PatchedDataComponentMapAccessor, main.IngredientLockMixin, main.ItemStackLockMixin]
[10May2026 17:32:53.026] [main/INFO] [AllTheLeaks/]: Class dev.uncandango.alltheleaks.diag.common.mods.minecraft.LogSavedData will be loaded as it matches versions: 21.1.228 in [21.1,)
[10May2026 17:32:53.026] [main/INFO] [AllTheLeaks/]: Mixins added to allowed list: [main.SavedDataMixin]
[10May2026 17:32:53.044] [main/WARN] [mixin/]: Error loading class: io/wispforest/cclayer/DeathWrapperEventsImpl (java.lang.ClassNotFoundException: io.wispforest.cclayer.DeathWrapperEventsImpl)
[10May2026 17:32:53.044] [main/WARN] [mixin/]: @Mixin target io.wispforest.cclayer.DeathWrapperEventsImpl was not found alltheleaks.mixins.json:main.DeathWrapperEventsImplMixin from mod alltheleaks
[10May2026 17:32:53.068] [main/WARN] [mixin/]: Error loading class: betterdays/time/TimeService (java.lang.ClassNotFoundException: betterdays.time.TimeService)
[10May2026 17:32:53.068] [main/WARN] [mixin/]: @Mixin target betterdays.time.TimeService was not found smoothmovement.mixins.json:compat.BetterDaysServer from mod smoothmovement
[10May2026 17:32:53.140] [main/INFO] [com.cupboard.Cupboard/]: Loaded config for: structureessentials.json
[10May2026 17:32:53.254] [main/WARN] [mixin/]: Error loading class: net/minecraft/client/gui/screens/multiplayer/ServerSelectionList (java.lang.ClassNotFoundException: net.minecraft.client.gui.screens.multiplayer.ServerSelectionList)
[10May2026 17:32:53.254] [main/WARN] [mixin/]: @Mixin target net.minecraft.client.gui.screens.multiplayer.ServerSelectionList was not found serverbrowser.mixins.json:ServerSelectionMixin from mod serverbrowser
[10May2026 17:32:53.286] [main/WARN] [mixin/]: Error loading class: me/jellysquid/mods/lithium/common/ai/pathing/PathNodeDefaults (java.lang.ClassNotFoundException: me.jellysquid.mods.lithium.common.ai.pathing.PathNodeDefaults)
[10May2026 17:32:53.462] [main/INFO] [bmcpalegardenpatcher/]: Loaded biomeswevegone remapping (fixing skyrise_vale typo), detected version 2.5.5
[10May2026 17:32:53.462] [main/INFO] [bmcpalegardenpatcher/]: Loaded wetland_whimsy remapping (1.x → 2.0 migration), detected version 2.0.3-1.21.1
[10May2026 17:32:53.463] [main/INFO] [bmcpalegardenpatcher/]: Loading Pale Garden Remapper mixin: dev.muon.bmcpalegardenpatcher.mixin.ResourceLocationMixin
[10May2026 17:32:53.547] [main/WARN] [mixin/]: Error loading class: jeresources/api/util/BiomeHelper (java.lang.ClassNotFoundException: jeresources.api.util.BiomeHelper)
[10May2026 17:32:53.549] [main/WARN] [mixin/]: Error loading class: yalter/mousetweaks/Main (java.lang.ClassNotFoundException: yalter.mousetweaks.Main)
[10May2026 17:32:53.593] [main/WARN] [mixin/]: Error loading class: dev/emi/emi/screen/RecipeScreen (java.lang.ClassNotFoundException: dev.emi.emi.screen.RecipeScreen)
[10May2026 17:32:53.593] [main/WARN] [mixin/]: @Mixin target dev.emi.emi.screen.RecipeScreen was not found ali.emi.mixins.json:MixinRecipeScreen from mod ali
[10May2026 17:32:53.598] [main/WARN] [mixin/]: Error loading class: com/almostreliable/lootjs/loot/condition/CustomParamPredicate (java.lang.ClassNotFoundException: com.almostreliable.lootjs.loot.condition.CustomParamPredicate)
[10May2026 17:32:53.598] [main/WARN] [mixin/]: @Mixin target com.almostreliable.lootjs.loot.condition.CustomParamPredicate was not found ali.lootjs.mixins.json:MixinCustomParamPredicate from mod ali
[10May2026 17:32:53.601] [main/WARN] [mixin/]: Error loading class: com/almostreliable/lootjs/LootModificationsAPI (java.lang.ClassNotFoundException: com.almostreliable.lootjs.LootModificationsAPI)
[10May2026 17:32:53.601] [main/WARN] [mixin/]: @Mixin target com.almostreliable.lootjs.LootModificationsAPI was not found ali.lootjs.mixins.json:MixinLootModificationsAPI from mod ali
[10May2026 17:32:53.692] [main/WARN] [mixin/]: Error loading class: dev/ftb/mods/ftbchunks/data/ClaimedChunkManagerImpl (java.lang.ClassNotFoundException: dev.ftb.mods.ftbchunks.data.ClaimedChunkManagerImpl)
[10May2026 17:32:53.692] [main/WARN] [mixin/]: @Mixin target dev.ftb.mods.ftbchunks.data.ClaimedChunkManagerImpl was not found mixins.does_it_tick.json:ClaimedChunkManagerAccessor from mod does_it_tick
[10May2026 17:32:53.762] [main/WARN] [com.recipeessentials.RecipeEssentials/]: Disabling fastItemComparison feature, due to the Owo mod's faulty implementation breaking it
[10May2026 17:32:53.764] [main/INFO] [com.cupboard.Cupboard/]: Loaded config for: recipeessentials.json
[10May2026 17:32:53.765] [main/WARN] [com.recipeessentials.RecipeEssentials/]: Disabling fastItemComparison feature, due to the Owo mod's faulty implementation breaking it
[10May2026 17:32:53.765] [main/WARN] [com.recipeessentials.RecipeEssentials/]: Disabling fastItemComparison feature, due to the Owo mod's faulty implementation breaking it
[10May2026 17:32:53.766] [main/WARN] [com.recipeessentials.RecipeEssentials/]: Disabling fastItemComparison feature, due to the Owo mod's faulty implementation breaking it
[10May2026 17:32:53.766] [main/WARN] [com.recipeessentials.RecipeEssentials/]: Disabling fastItemComparison feature, due to the Owo mod's faulty implementation breaking it
[10May2026 17:32:54.010] [main/WARN] [mixin/]: Error loading class: net/minecraft/client/OptionInstance (java.lang.ClassNotFoundException: net.minecraft.client.OptionInstance)
[10May2026 17:32:54.010] [main/WARN] [mixin/]: @Mixin target net.minecraft.client.OptionInstance was not found c2me-client-uncapvd.mixins.json:ISimpleOption from mod c2me_client_uncapvd
[10May2026 17:32:54.012] [main/ERROR] [net.neoforged.fml.common.asm.RuntimeDistCleaner/DISTXFORM]: Attempted to load class net/minecraft/client/Options for invalid dist DEDICATED_SERVER
[10May2026 17:32:54.013] [main/WARN] [mixin/]: Error loading class: net/minecraft/client/Options (java.lang.RuntimeException: Attempted to load class net/minecraft/client/Options for invalid dist DEDICATED_SERVER)
[10May2026 17:32:54.013] [main/WARN] [mixin/]: @Mixin target net.minecraft.client.Options was not found c2me-client-uncapvd.mixins.json:MixinGameOptions from mod c2me_client_uncapvd
[10May2026 17:32:54.015] [main/WARN] [mixin/]: Error loading class: me/jellysquid/mods/sodium/client/gui/SodiumGameOptionPages (java.lang.ClassNotFoundException: me.jellysquid.mods.sodium.client.gui.SodiumGameOptionPages)
[10May2026 17:32:54.016] [main/WARN] [mixin/]: Error loading class: net/caffeinemc/sodium/config/user/UserConfigCategories (java.lang.ClassNotFoundException: net.caffeinemc.sodium.config.user.UserConfigCategories)
[10May2026 17:32:54.018] [main/WARN] [mixin/]: Error loading class: net/caffeinemc/mods/sodium/client/gui/SodiumGameOptionPages (java.lang.ClassNotFoundException: net.caffeinemc.mods.sodium.client.gui.SodiumGameOptionPages)
[10May2026 17:32:54.020] [main/WARN] [mixin/]: Error loading class: net/vulkanmod/config/option/Options (java.lang.ClassNotFoundException: net.vulkanmod.config.option.Options)
[10May2026 17:32:54.172] [main/ERROR] [net.neoforged.fml.common.asm.RuntimeDistCleaner/DISTXFORM]: Attempted to load class net/minecraft/client/renderer/block/BlockRenderDispatcher for invalid dist DEDICATED_SERVER
[10May2026 17:32:54.172] [main/WARN] [mixin/]: Error loading class: net/minecraft/client/renderer/block/BlockRenderDispatcher (java.lang.RuntimeException: Attempted to load class net/minecraft/client/renderer/block/BlockRenderDispatcher for invalid dist DEDICATED_SERVER)
[10May2026 17:32:54.172] [main/WARN] [mixin/]: @Mixin target net.minecraft.client.renderer.block.BlockRenderDispatcher was not found colorwheel.neoforge.mixins.json:mc.BlockRenderDispatcherMixin from mod colorwheel
[10May2026 17:32:54.174] [main/ERROR] [net.neoforged.fml.common.asm.RuntimeDistCleaner/DISTXFORM]: Attempted to load class net/minecraft/client/renderer/block/ModelBlockRenderer for invalid dist DEDICATED_SERVER
[10May2026 17:32:54.174] [main/WARN] [mixin/]: Error loading class: net/minecraft/client/renderer/block/ModelBlockRenderer (java.lang.RuntimeException: Attempted to load class net/minecraft/client/renderer/block/ModelBlockRenderer for invalid dist DEDICATED_SERVER)
[10May2026 17:32:54.174] [main/WARN] [mixin/]: @Mixin target net.minecraft.client.renderer.block.ModelBlockRenderer was not found colorwheel.neoforge.mixins.json:mc.ModelBlockRendererMixin from mod colorwheel
[10May2026 17:32:54.932] [main/WARN] [mixin/]: Error loading class: com/mojang/blaze3d/vertex/MeshData$DrawState (java.lang.ClassNotFoundException: com.mojang.blaze3d.vertex.MeshData$DrawState)
[10May2026 17:32:54.934] [main/ERROR] [net.neoforged.fml.common.asm.RuntimeDistCleaner/DISTXFORM]: Attempted to load class com/mojang/blaze3d/vertex/PoseStack$Pose for invalid dist DEDICATED_SERVER
[10May2026 17:32:54.934] [main/WARN] [mixin/]: Error loading class: com/mojang/blaze3d/vertex/PoseStack$Pose (java.lang.RuntimeException: Attempted to load class com/mojang/blaze3d/vertex/PoseStack$Pose for invalid dist DEDICATED_SERVER)
[10May2026 17:32:54.936] [main/WARN] [mixin/]: Error loading class: org/jetbrains/annotations/ApiStatus$ScheduledForRemoval (java.lang.ClassNotFoundException: org.jetbrains.annotations.ApiStatus$ScheduledForRemoval)
[10May2026 17:32:55.088] [main/INFO] [MixinExtras|Service/]: Initializing MixinExtras via com.llamalad7.mixinextras.service.MixinExtrasServiceImpl(version=0.5.3).
[10May2026 17:32:55.863] [main/INFO] [net.minecraft.server.Bootstrap/]: ModernFix reached bootstrap stage (51.04 s after launch)
[10May2026 17:32:55.865] [main/INFO] [configurable-loader/]: Loading Generated Config Loaders...
[10May2026 17:32:55.912] [main/INFO] [configurable-loader/]: Loaded 'neruina'
[10May2026 17:32:57.008] [main/WARN] [mixinsquared-canceller/]: Cancelled mixin top.theillusivec4.curios.mixin.core.MixinLivingEntity. Check debug logs for more information.
[10May2026 17:32:57.651] [main/INFO] [ModernFix/]: Injecting BlockStateBase cache population hook into getOpacityIfCached from ca.spottedleaf.starlight.mixin.common.blockstate.BlockStateBaseMixin
[10May2026 17:32:57.651] [main/INFO] [ModernFix/]: Injecting BlockStateBase cache population hook into isConditionallyFullOpaque from ca.spottedleaf.starlight.mixin.common.blockstate.BlockStateBaseMixin
[10May2026 17:32:57.652] [main/INFO] [ModernFix/]: Injecting BlockStateBase cache population hook into scalablelux$actuallyDynamicLightEmission from ca.spottedleaf.starlight.mixin.common.blockstate.BlockStateBaseMixin
[10May2026 17:32:59.090] [main/INFO] [fzzy_config/]: Loaded config accessorify:config in 929ms
[10May2026 17:32:59.512] [main/WARN] [mixin/]: @Redirect conflict. Skipping mixins.redirected_neoforge_1.21.1.json:net.minecraft.world.level.block.piston.PistonBaseBlockMixin from mod redirected->@Redirect::redirectDirections()[Lnet/minecraft/core/Direction; with priority 10, already redirected by lithium.mixins.json:alloc.enum_values.piston_block.PistonBaseBlockMixin from mod lithium->@Redirect::removeAllocation()[Lnet/minecraft/core/Direction; with priority 1000
[10May2026 17:32:59.513] [main/WARN] [mixin/]: @Redirect conflict. Skipping mixins.redirected_neoforge_1.21.1.json:net.minecraft.world.level.block.piston.PistonBaseBlockMixin from mod redirected->@Redirect::redirectDirections()[Lnet/minecraft/core/Direction; with priority 10, already redirected by lithium.mixins.json:alloc.enum_values.piston_block.PistonBaseBlockMixin from mod lithium->@Redirect::removeAllocation()[Lnet/minecraft/core/Direction; with priority 1000
[10May2026 17:32:59.613] [main/WARN] [mixin/]: @Redirect conflict. Skipping mixins.redirected_neoforge_1.21.1.json:net.minecraft.world.level.block.RedStoneWireBlockMixin from mod redirected->@Redirect::redirectDirections()[Lnet/minecraft/core/Direction; with priority 10, already redirected by lithium.mixins.json:alloc.enum_values.redstone_wire.RedStoneWireBlockMixin from mod lithium->@Redirect::removeAllocation1()[Lnet/minecraft/core/Direction; with priority 1000
[10May2026 17:32:59.613] [main/WARN] [mixin/]: @Redirect conflict. Skipping mixins.redirected_neoforge_1.21.1.json:net.minecraft.world.level.block.RedStoneWireBlockMixin from mod redirected->@Redirect::redirectDirections()[Lnet/minecraft/core/Direction; with priority 10, already redirected by lithium.mixins.json:alloc.enum_values.redstone_wire.RedStoneWireBlockMixin from mod lithium->@Redirect::removeAllocation2()[Lnet/minecraft/core/Direction; with priority 1000
[10May2026 17:32:59.924] [main/WARN] [mixinsquared-canceller/]: Cancelled mixin top.theillusivec4.curios.mixin.core.MixinPowderSnowBlock. Check debug logs for more information.
[10May2026 17:33:00.560] [main/WARN] [mixin/]: Static binding violation: PRIVATE @Overwrite method getTemperature in modernfix-common.mixins.json:perf.remove_biome_temperature_cache.BiomeMixin from mod modernfix cannot reduce visibiliy of PUBLIC target method, visibility will be upgraded.
[10May2026 17:33:00.562] [main/WARN] [mixin/]: Method overwrite conflict for getTemperature in lithium.mixins.json:world.temperature_cache.BiomeMixin from mod lithium, previously written by org.embeddedt.modernfix.common.mixin.perf.remove_biome_temperature_cache.BiomeMixin. Skipping method.
[10May2026 17:33:01.413] [main/WARN] [mixin/]: Method overwrite conflict for scheduleRandomTick in ohthetreesyoullgrow.mixins.json:chunk.MixinChunkAccess from mod ohthetreesyoullgrow, previously written by corgitaco.corgilib.mixin.chunk.MixinChunkAccess. Skipping method.
[10May2026 17:33:01.413] [main/WARN] [mixin/]: Method overwrite conflict for getScheduledRandomTicks in ohthetreesyoullgrow.mixins.json:chunk.MixinChunkAccess from mod ohthetreesyoullgrow, previously written by corgitaco.corgilib.mixin.chunk.MixinChunkAccess. Skipping method.
[10May2026 17:33:03.502] [main/INFO] [fzzy_config/]: Loaded config misctweaks:config in 178ms
[10May2026 17:33:03.658] [main/WARN] [mixinsquared-canceller/]: Cancelled mixin top.theillusivec4.curios.mixin.core.MixinInventory. Check debug logs for more information.
[10May2026 17:33:03.899] [main/WARN] [mixinsquared-canceller/]: Cancelled mixin top.theillusivec4.curios.mixin.core.MixinEnchantedCountIncreaseFunction. Check debug logs for more information.
[10May2026 17:33:03.962] [main/WARN] [mixinsquared-canceller/]: Cancelled mixin top.theillusivec4.curios.mixin.core.MixinApplyBonusCount. Check debug logs for more information.
[10May2026 17:33:04.472] [main/INFO] [fzzy_config/]: Loaded config rewithered:config in 32ms
[10May2026 17:33:05.133] [main/INFO] [net.minecraft.server.Bootstrap/]: Vanilla bootstrap took 9268 milliseconds
[10May2026 17:33:05.430] [modloading-worker-0/INFO] [ModSharedBootstrap/]: KryptonFNP is now accelerating your Minecraft server's networking stack 🚀
[10May2026 17:33:05.435] [modloading-worker-0/INFO] [net.neoforged.neoforge.common.NeoForgeMod/NEOFORGE-MOD]: NeoForge mod loading, version 21.1.228, for MC 1.21.1
[10May2026 17:33:05.448] [modloading-worker-0/INFO] [biolith/]: Biolith for NeoForge is initializing...
[10May2026 17:33:05.453] [modloading-worker-0/INFO] [biolith/]: Enabling Biolith's TerraBlender compatibility layer.
[10May2026 17:33:05.505] [modloading-worker-0/INFO] [ModSharedBootstrap/]: Compression will use libdeflate (Linux x86_64), encryption will use OpenSSL 3.x.x (Linux x86_64)
[10May2026 17:33:05.510] [modloading-worker-0/INFO] [snownee.snow.SnowRealMagic/]: SereneSeasons detected. Overriding weather behavior.
[10May2026 17:33:05.584] [modloading-worker-0/WARN] [mixin/]: @ModifyConstant conflict. Skipping connectivity.mixins.json:ClientBoundCustomPayloadPacketLMixin from mod connectivity->@ModifyConstant::modifyLimit(I)I with priority 1, already redirected by packetfixer.v1_20_5.neoforge.mixins.json:v1_20_5_neoforge.ClientboundCustomPayloadPacketMixin from mod packetfixer->@ModifyConstant::packetfixer$newSize$2(I)I with priority 1000
[10May2026 17:33:05.584] [modloading-worker-0/WARN] [mixin/]: @ModifyConstant conflict. Skipping connectivity.mixins.json:ClientBoundCustomPayloadPacketLMixin from mod connectivity->@ModifyConstant::modifyLimit2(I)I with priority 1, already redirected by packetfixer.v1_20_5.neoforge.mixins.json:v1_20_5_neoforge.ClientboundCustomPayloadPacketMixin from mod packetfixer->@ModifyConstant::packetfixer$newSize(I)I with priority 1000
[10May2026 17:33:05.900] [modloading-worker-0/INFO] [Moonlight/]: Sending changed configs to client
[10May2026 17:33:05.905] [modloading-worker-0/INFO] [Moonlight/]: Sending changed configs to client
[10May2026 17:33:05.940] [modloading-worker-0/INFO] [dev.wuffs.bcc.BetterCompatibilityChecker/]: Better Compatibility Checker starting
[10May2026 17:33:05.940] [modloading-worker-0/INFO] [dev.wuffs.bcc.neoforge.BetterCompatibilityCheckerNeoForge/]: Better Compatibility Checker starting
[10May2026 17:33:05.943] [modloading-worker-0/INFO] [Puzzles Lib/]: Constructing common components for climaterivers:main
[10May2026 17:33:05.981] [modloading-worker-0/INFO] [com.autovw.advancednetherite.AdvancedNetherite/]: Initializing platform helper for Advanced Netherite!
[10May2026 17:33:06.028] [modloading-worker-0/INFO] [Puzzles Lib/]: Constructing common components for netherchested:main
[10May2026 17:33:06.217] [modloading-worker-0/INFO] [accessories_compat_layer/]: Setting up compat modules for Accessories!
[10May2026 17:33:06.230] [modloading-worker-0/INFO] [Puzzles Lib/]: Constructing common components for visualworkbench:main
[10May2026 17:33:06.302] [modloading-worker-0/INFO] [AdventureDungeons/]: Hello NeoForge world!
[10May2026 17:33:06.304] [modloading-worker-0/INFO] [AdventureDungeons/]: Hello from Common init on NeoForge! we are currently in a production environment!
[10May2026 17:33:06.307] [modloading-worker-0/INFO] [AdventureDungeons/]: The ID for diamonds is minecraft:diamond
[10May2026 17:33:06.308] [modloading-worker-0/INFO] [AdventureDungeons/]: Hello to adventuredungeons
[10May2026 17:33:06.317] [modloading-worker-0/INFO] [morevillagers/]: More Villagers blocks registered: DeferredHolder{ResourceKey[minecraft:block / morevillagers:oceanography_table]},DeferredHolder{ResourceKey[minecraft:block / morevillagers:woodworking_table]},DeferredHolder{ResourceKey[minecraft:block / morevillagers:decayed_workbench]},DeferredHolder{ResourceKey[minecraft:block / morevillagers:purpur_altar]},DeferredHolder{ResourceKey[minecraft:block / morevillagers:blueprint_table]},DeferredHolder{ResourceKey[minecraft:block / morevillagers:gardening_table]},DeferredHolder{ResourceKey[minecraft:block / morevillagers:hunting_post]},DeferredHolder{ResourceKey[minecraft:block / morevillagers:mining_bench]},DeferredHolder{ResourceKey[minecraft:block / morevillagers:gilded_station]},DeferredHolder{ResourceKey[minecraft:block / morevillagers:chiller]},DeferredHolder{ResourceKey[minecraft:block / morevillagers:xmas_chest]}
[10May2026 17:33:06.318] [modloading-worker-0/INFO] [morevillagers/]: More Villagers block entities registered: DeferredHolder{ResourceKey[minecraft:block_entity_type / morevillagers:xmas_chest]}
[10May2026 17:33:06.362] [modloading-worker-0/INFO] [villagerapi/]: Early initialization - skipping validation (will validate during content registration)
[10May2026 17:33:06.486] [modloading-worker-0/INFO] [villagerapi/]: Loaded config for villagerpack 'More Villagers' (namespace: morevillagers)
[10May2026 17:33:06.520] [modloading-worker-0/INFO] [snownee.kiwi.Kiwi/INIT]: Processing 9 KiwiModule annotations
[10May2026 17:33:06.580] [modloading-worker-0/INFO] [disconnect-packet-fix/]: Disconnect Packet Fix has started.
[10May2026 17:33:06.771] [modloading-worker-0/INFO] [villagerapi/]: Registered creative tab for villagerpack 'More Villagers' (namespace: morevillagers)
[10May2026 17:33:06.780] [modloading-worker-0/INFO] [Puzzles Lib/]: Constructing common components for illagerinvasion:main
[10May2026 17:33:06.824] [modloading-worker-0/INFO] [Collective/]: [Collective] JSON file 'entity_names.json' generation requested by mod 'villagernames'.
[10May2026 17:33:06.842] [modloading-worker-0/INFO] [villagerapi/]: Loaded config for villagerpack 'More Villagers' (namespace: morevillagers)
[10May2026 17:33:07.046] [modloading-worker-0/INFO] [villagerapi/]: Found 1 villager pack(s): 0 from villagerpacks/, 1 from mods/
[10May2026 17:33:07.046] [modloading-worker-0/INFO] [villagerapi/]: Loading mod JAR 'More Villagers' (namespace: morevillagers)
[10May2026 17:33:07.089] [modloading-worker-0/INFO] [YetAnotherConfigLib/]: Deserializing ItTakesPillageConfig from 'config/takesapillage.json'
[10May2026 17:33:07.098] [modloading-worker-0/INFO] [villagerapi/]: Early pack initialization complete
[10May2026 17:33:07.100] [modloading-worker-0/INFO] [villagerapi/]: === Starting VillagerPack Validation ===
[10May2026 17:33:07.166] [modloading-worker-0/WARN] [de.keksuccino.melody.Melody/]: [MELODY] Disabling Melody since it's loaded server-side.
[10May2026 17:33:07.197] [modloading-worker-0/INFO] [Puzzles Lib/]: Constructing common components for diagonalwalls:main
[10May2026 17:33:07.201] [modloading-worker-0/INFO] [de.keksuccino.konkrete.Konkrete/]: [KONKRETE] Loading v1.9.9 in server-side mode on NEOFORGE!
[10May2026 17:33:07.201] [modloading-worker-0/INFO] [de.keksuccino.konkrete.Konkrete/]: ---------------------------
[10May2026 17:33:07.206] [modloading-worker-0/INFO] [de.keksuccino.konkrete.Konkrete/]: KONKRETE SHIPS AND USES THE FOLLOWING LIBRARIES:
[10May2026 17:33:07.206] [modloading-worker-0/INFO] [de.keksuccino.konkrete.Konkrete/]:  
[10May2026 17:33:07.206] [modloading-worker-0/INFO] [de.keksuccino.konkrete.Konkrete/]: Open Imaging Copyright © 2014 Dhyan Blum.
[10May2026 17:33:07.206] [modloading-worker-0/INFO] [de.keksuccino.konkrete.Konkrete/]: Open Imaging is licensed under Apache-2.0.
[10May2026 17:33:07.206] [modloading-worker-0/INFO] [de.keksuccino.konkrete.Konkrete/]:  
[10May2026 17:33:07.206] [modloading-worker-0/INFO] [de.keksuccino.konkrete.Konkrete/]: JsonPath Copyright © 2017 Jayway.
[10May2026 17:33:07.206] [modloading-worker-0/INFO] [de.keksuccino.konkrete.Konkrete/]: JsonPath is licensed under Apache-2.0.
[10May2026 17:33:07.207] [modloading-worker-0/INFO] [de.keksuccino.konkrete.Konkrete/]:  
[10May2026 17:33:07.207] [modloading-worker-0/INFO] [villagerapi/]: Loaded config for villagerpack 'More Villagers' (namespace: morevillagers)
[10May2026 17:33:07.207] [modloading-worker-0/INFO] [de.keksuccino.konkrete.Konkrete/]: Json-smart Copyright © netplex.
[10May2026 17:33:07.208] [modloading-worker-0/INFO] [de.keksuccino.konkrete.Konkrete/]: Json-smart is licensed under Apache-2.0.
[10May2026 17:33:07.208] [modloading-worker-0/INFO] [de.keksuccino.konkrete.Konkrete/]:  
[10May2026 17:33:07.208] [modloading-worker-0/INFO] [de.keksuccino.konkrete.Konkrete/]: Exp4j Copyright © Frank Asseg.
[10May2026 17:33:07.209] [modloading-worker-0/INFO] [de.keksuccino.konkrete.Konkrete/]: Exp4j is licensed under Apache-2.0. https://github.com/fasseg/exp4j
[10May2026 17:33:07.209] [modloading-worker-0/INFO] [de.keksuccino.konkrete.Konkrete/]: ---------------------------
[10May2026 17:33:07.209] [modloading-worker-0/INFO] [de.keksuccino.konkrete.Konkrete/]: [KONKRETE] Server-side modules initialized and ready to use!
[10May2026 17:33:07.210] [modloading-worker-0/INFO] [Puzzles Lib/]: Constructing common components for diagonalblocks:main
[10May2026 17:33:07.270] [modloading-worker-0/INFO] [STDOUT/]: [com.jab125.mpuc.config.MpucConfig:readSchemaV9:438]: found type, is TWO
[10May2026 17:33:07.277] [modloading-worker-0/INFO] [STDOUT/]: [com.jab125.mpuc.Mpuc:onInitialize:75]: [Modpack Update Checker] Loaded configuration file.
[10May2026 17:33:07.399] [modloading-worker-0/INFO] [com.cupboard.Cupboard/]: Loaded config for: memorysettings.json
[10May2026 17:33:07.400] [modloading-worker-0/WARN] [com.memorysettings.config.CommonConfiguration/]: You have more more memory allocated than recommended for your system, the recommended amount for your system is: 5998 mb.

[10May2026 17:33:07.486] [modloading-worker-0/INFO] [villagerapi/]: Validating pack: morevillagers
[10May2026 17:33:07.488] [modloading-worker-0/INFO] [villagerapi/]: Loaded config for villagerpack 'More Villagers' (namespace: morevillagers)
[10May2026 17:33:07.498] [modloading-worker-0/INFO] [villagerapi/]: Pack 'morevillagers' validation completed - Pack will load
[10May2026 17:33:07.498] [modloading-worker-0/INFO] [villagerapi/]:   - Display Name: More Villagers
[10May2026 17:33:07.498] [modloading-worker-0/INFO] [villagerapi/]:   - Description: Adds new villager professions, types, workstations and trades
[10May2026 17:33:07.498] [modloading-worker-0/INFO] [villagerapi/]:   - Author: frikinjay
[10May2026 17:33:07.499] [modloading-worker-0/INFO] [villagerapi/]:   - Version: 7.1.0
[10May2026 17:33:07.500] [modloading-worker-0/INFO] [villagerapi/]:   - Has villagers folder: true
[10May2026 17:33:07.500] [modloading-worker-0/INFO] [villagerapi/]:   - Namespace: morevillagers
[10May2026 17:33:07.500] [modloading-worker-0/INFO] [villagerapi/]:   - Has assets folder: true
[10May2026 17:33:07.500] [modloading-worker-0/INFO] [villagerapi/]:   - Asset namespaces: morevillagers, minecraft
[10May2026 17:33:07.500] [modloading-worker-0/INFO] [villagerapi/]:   - Has data folder: true
[10May2026 17:33:07.500] [modloading-worker-0/INFO] [villagerapi/]:   - Data namespaces: neoforge, morevillagers, minecraft
[10May2026 17:33:07.500] [modloading-worker-0/INFO] [villagerapi/]:   - Pack format: 48
[10May2026 17:33:07.501] [modloading-worker-0/INFO] [villagerapi/]:   - Biome Mappings: 1
[10May2026 17:33:07.501] [modloading-worker-0/INFO] [villagerapi/]:   - Biome Trades: 0
[10May2026 17:33:07.503] [modloading-worker-0/INFO] [villagerapi/]:   - Gifts: 10
[10May2026 17:33:07.503] [modloading-worker-0/INFO] [villagerapi/]:   - Language files in morevillagers: 7
[10May2026 17:33:07.503] [modloading-worker-0/INFO] [villagerapi/]:   - Models in morevillagers: 22
[10May2026 17:33:07.503] [modloading-worker-0/INFO] [villagerapi/]:   - POI Types: 10
[10May2026 17:33:07.503] [modloading-worker-0/INFO] [villagerapi/]:   - Professions: 10
[10May2026 17:33:07.503] [modloading-worker-0/INFO] [villagerapi/]:   - Structure Tags: 8
[10May2026 17:33:07.503] [modloading-worker-0/INFO] [villagerapi/]:   - Structure tags in morevillagers: 8
[10May2026 17:33:07.504] [modloading-worker-0/INFO] [villagerapi/]:   - Textures in morevillagers: 73
[10May2026 17:33:07.504] [modloading-worker-0/INFO] [villagerapi/]:   - Trades: 10
[10May2026 17:33:07.504] [modloading-worker-0/INFO] [villagerapi/]:   - Villager Types: 1
[10May2026 17:33:07.504] [modloading-worker-0/INFO] [villagerapi/]:   - Workstations: 0
[10May2026 17:33:07.504] [modloading-worker-0/INFO] [villagerapi/]: ---
[10May2026 17:33:07.504] [modloading-worker-0/INFO] [villagerapi/]: === Validation Complete ===
[10May2026 17:33:07.504] [modloading-worker-0/INFO] [villagerapi/]: Total packs identified: 1, Valid: 1, Invalid: 0, Critical failures: 0
[10May2026 17:33:07.504] [modloading-worker-0/INFO] [villagerapi/]: Registering 1 villager types from packs
[10May2026 17:33:07.509] [modloading-worker-0/INFO] [villagerapi/]: Registered villager type from pack: badlands
[10May2026 17:33:07.509] [modloading-worker-0/INFO] [villagerapi/]: Registering 8 map decoration types from packs
[10May2026 17:33:07.510] [modloading-worker-0/INFO] [villagerapi/]: Registered map decoration type from pack: swamp_hut_decoration -> swamp_hut_decoration (keys: morevillagers:swamp_hut_decoration, swamp_hut_decoration)
[10May2026 17:33:07.510] [modloading-worker-0/INFO] [villagerapi/]: Registered map decoration type from pack: pillager_outpost_decoration -> pillager_outpost_decoration (keys: morevillagers:pillager_outpost_decoration, pillager_outpost_decoration)
[10May2026 17:33:07.514] [modloading-worker-0/INFO] [villagerapi/]: Registered map decoration type from pack: mineshaft_decoration -> mineshaft_decoration (keys: morevillagers:mineshaft_decoration, mineshaft_decoration)
[10May2026 17:33:07.515] [modloading-worker-0/INFO] [villagerapi/]: Registered map decoration type from pack: jungle_temple_decoration -> jungle_temple_decoration (keys: morevillagers:jungle_temple_decoration, jungle_temple_decoration)
[10May2026 17:33:07.515] [modloading-worker-0/INFO] [villagerapi/]: Registered map decoration type from pack: fortress_decoration -> fortress_decoration (keys: morevillagers:fortress_decoration, fortress_decoration)
[10May2026 17:33:07.515] [modloading-worker-0/INFO] [villagerapi/]: Registered map decoration type from pack: end_city_decoration -> end_city_decoration (keys: morevillagers:end_city_decoration, end_city_decoration)
[10May2026 17:33:07.515] [modloading-worker-0/INFO] [villagerapi/]: Registered map decoration type from pack: bastion_remnant_decoration -> bastion_remnant_decoration (keys: morevillagers:bastion_remnant_decoration, bastion_remnant_decoration)
[10May2026 17:33:07.515] [modloading-worker-0/INFO] [villagerapi/]: Registered map decoration type from pack: ancient_city_decoration -> ancient_city_decoration (keys: morevillagers:ancient_city_decoration, ancient_city_decoration)
[10May2026 17:33:07.515] [modloading-worker-0/INFO] [villagerapi/]: Creating 8 structure tags from packs
[10May2026 17:33:07.516] [modloading-worker-0/INFO] [villagerapi/]: Created structure tag from pack: TagKey[minecraft:worldgen/structure / morevillagers:on_swamp_hut_explorer_maps]
[10May2026 17:33:07.517] [modloading-worker-0/INFO] [villagerapi/]: Created structure tag from pack: TagKey[minecraft:worldgen/structure / morevillagers:on_pillager_outpost_explorer_maps]
[10May2026 17:33:07.517] [modloading-worker-0/INFO] [villagerapi/]: Created structure tag from pack: TagKey[minecraft:worldgen/structure / morevillagers:on_mineshaft_explorer_maps]
[10May2026 17:33:07.518] [modloading-worker-0/INFO] [villagerapi/]: Created structure tag from pack: TagKey[minecraft:worldgen/structure / morevillagers:on_jungle_temple_explorer_maps]
[10May2026 17:33:07.518] [modloading-worker-0/INFO] [villagerapi/]: Created structure tag from pack: TagKey[minecraft:worldgen/structure / morevillagers:on_fortress_explorer_maps]
[10May2026 17:33:07.521] [modloading-worker-0/INFO] [villagerapi/]: Created structure tag from pack: TagKey[minecraft:worldgen/structure / morevillagers:on_end_city_explorer_maps]
[10May2026 17:33:07.521] [modloading-worker-0/INFO] [villagerapi/]: Created structure tag from pack: TagKey[minecraft:worldgen/structure / morevillagers:on_bastion_remnant_explorer_maps]
[10May2026 17:33:07.521] [modloading-worker-0/INFO] [villagerapi/]: Created structure tag from pack: TagKey[minecraft:worldgen/structure / morevillagers:on_ancient_city_maps]
[10May2026 17:33:07.521] [modloading-worker-0/INFO] [villagerapi/]: Registering 10 POI types from packs
[10May2026 17:33:07.523] [modloading-worker-0/INFO] [villagerapi/]: Registered POI type from pack: woodworker with namespace: morevillagers
[10May2026 17:33:07.523] [modloading-worker-0/INFO] [villagerapi/]: Registered POI type from pack: oceanographer with namespace: morevillagers
[10May2026 17:33:07.523] [modloading-worker-0/INFO] [villagerapi/]: Registered POI type from pack: netherian with namespace: morevillagers
[10May2026 17:33:07.523] [modloading-worker-0/INFO] [villagerapi/]: Registered POI type from pack: miner with namespace: morevillagers
[10May2026 17:33:07.523] [modloading-worker-0/INFO] [villagerapi/]: Registered POI type from pack: iceman with namespace: morevillagers
[10May2026 17:33:07.523] [modloading-worker-0/INFO] [villagerapi/]: Registered POI type from pack: hunter with namespace: morevillagers
[10May2026 17:33:07.524] [modloading-worker-0/INFO] [villagerapi/]: Registered POI type from pack: florist with namespace: morevillagers
[10May2026 17:33:07.524] [modloading-worker-0/INFO] [villagerapi/]: Registered POI type from pack: explorer with namespace: morevillagers
[10May2026 17:33:07.524] [modloading-worker-0/INFO] [villagerapi/]: Registered POI type from pack: engineer with namespace: morevillagers
[10May2026 17:33:07.524] [modloading-worker-0/INFO] [villagerapi/]: Registered POI type from pack: enderian with namespace: morevillagers
[10May2026 17:33:07.526] [modloading-worker-0/INFO] [villagerapi/]: Registering 10 professions from packs
[10May2026 17:33:07.527] [modloading-worker-0/INFO] [villagerapi/]: Registered profession from pack: woodworker
[10May2026 17:33:07.527] [modloading-worker-0/INFO] [villagerapi/]: Registered profession from pack: oceanographer
[10May2026 17:33:07.527] [modloading-worker-0/INFO] [villagerapi/]: Registered profession from pack: netherian
[10May2026 17:33:07.527] [modloading-worker-0/INFO] [villagerapi/]: Registered profession from pack: miner
[10May2026 17:33:07.527] [modloading-worker-0/INFO] [villagerapi/]: Registered profession from pack: iceman
[10May2026 17:33:07.527] [modloading-worker-0/INFO] [villagerapi/]: Registered profession from pack: hunter
[10May2026 17:33:07.527] [modloading-worker-0/INFO] [villagerapi/]: Registered profession from pack: florist
[10May2026 17:33:07.527] [modloading-worker-0/INFO] [villagerapi/]: Registered profession from pack: explorer
[10May2026 17:33:07.528] [modloading-worker-0/INFO] [villagerapi/]: Registered profession from pack: engineer
[10May2026 17:33:07.528] [modloading-worker-0/INFO] [villagerapi/]: Registered profession from pack: enderian
[10May2026 17:33:07.528] [modloading-worker-0/INFO] [villagerapi/]: Staging 10 gifts from packs
[10May2026 17:33:07.529] [modloading-worker-0/INFO] [villagerapi/]: Registered gift from pack: woodworker (will be applied lazily)
[10May2026 17:33:07.529] [modloading-worker-0/INFO] [villagerapi/]: Registered gift from pack: oceanographer (will be applied lazily)
[10May2026 17:33:07.530] [modloading-worker-0/INFO] [villagerapi/]: Registered gift from pack: netherian (will be applied lazily)
[10May2026 17:33:07.530] [modloading-worker-0/INFO] [villagerapi/]: Registered gift from pack: miner (will be applied lazily)
[10May2026 17:33:07.530] [modloading-worker-0/INFO] [villagerapi/]: Registered gift from pack: iceman (will be applied lazily)
[10May2026 17:33:07.531] [modloading-worker-0/INFO] [villagerapi/]: Registered gift from pack: hunter (will be applied lazily)
[10May2026 17:33:07.532] [modloading-worker-0/INFO] [villagerapi/]: Registered gift from pack: florist (will be applied lazily)
[10May2026 17:33:07.532] [modloading-worker-0/INFO] [villagerapi/]: Registered gift from pack: explorer (will be applied lazily)
[10May2026 17:33:07.532] [modloading-worker-0/INFO] [villagerapi/]: Registered gift from pack: engineer (will be applied lazily)
[10May2026 17:33:07.532] [modloading-worker-0/INFO] [villagerapi/]: Registered gift from pack: enderian (will be applied lazily)
[10May2026 17:33:07.533] [modloading-worker-0/INFO] [villagerapi/]: Content registration complete
[10May2026 17:33:07.619] [modloading-worker-0/INFO] [Puzzles Lib/]: Constructing common components for limitlesscontainers:main
[10May2026 17:33:07.637] [modloading-worker-0/INFO] [com.cupboard.Cupboard/]: Loaded config for: cupboard.json
[10May2026 17:33:07.657] [modloading-worker-0/WARN] [mixin/]: Discarding @Unique public method rotate in copycats-neoforge.mixins.json:foundation.copycat.CopycatBlockMixin from mod copycats because it already exists in com.copycatsplus.copycats.content.copycat.sliding_door.CopycatSlidingDoorBlock
[10May2026 17:33:07.657] [modloading-worker-0/WARN] [mixin/]: Discarding @Unique public method mirror in copycats-neoforge.mixins.json:foundation.copycat.CopycatBlockMixin from mod copycats because it already exists in com.copycatsplus.copycats.content.copycat.sliding_door.CopycatSlidingDoorBlock
[10May2026 17:33:07.658] [modloading-worker-0/WARN] [mixin/]: Discarding @Unique public method useItemOn in copycats-neoforge.mixins.json:foundation.copycat.CopycatBlockMixin from mod copycats because it already exists in com.copycatsplus.copycats.content.copycat.sliding_door.CopycatSlidingDoorBlock
[10May2026 17:33:07.658] [modloading-worker-0/WARN] [mixin/]: Discarding @Unique public method useWithoutItem in copycats-neoforge.mixins.json:foundation.copycat.CopycatBlockMixin from mod copycats because it already exists in com.copycatsplus.copycats.content.copycat.sliding_door.CopycatSlidingDoorBlock
[10May2026 17:33:07.680] [modloading-worker-0/WARN] [mixin/]: Discarding @Unique public method rotate in copycats-neoforge.mixins.json:foundation.copycat.CopycatBlockMixin from mod copycats because it already exists in com.copycatsplus.copycats.content.copycat.door.CopycatDoorBlock
[10May2026 17:33:07.680] [modloading-worker-0/WARN] [mixin/]: Discarding @Unique public method mirror in copycats-neoforge.mixins.json:foundation.copycat.CopycatBlockMixin from mod copycats because it already exists in com.copycatsplus.copycats.content.copycat.door.CopycatDoorBlock
[10May2026 17:33:07.681] [modloading-worker-0/WARN] [mixin/]: Discarding @Unique public method useItemOn in copycats-neoforge.mixins.json:foundation.copycat.CopycatBlockMixin from mod copycats because it already exists in com.copycatsplus.copycats.content.copycat.door.CopycatDoorBlock
[10May2026 17:33:07.681] [modloading-worker-0/WARN] [mixin/]: Discarding @Unique public method useWithoutItem in copycats-neoforge.mixins.json:foundation.copycat.CopycatBlockMixin from mod copycats because it already exists in com.copycatsplus.copycats.content.copycat.door.CopycatDoorBlock
[10May2026 17:33:07.703] [modloading-worker-0/WARN] [mixin/]: Discarding @Unique public method rotate in copycats-neoforge.mixins.json:foundation.copycat.CopycatBlockMixin from mod copycats because it already exists in com.copycatsplus.copycats.content.copycat.fluid_pipe.CopycatGlassFluidPipeBlock
[10May2026 17:33:07.703] [modloading-worker-0/WARN] [mixin/]: Discarding @Unique public method mirror in copycats-neoforge.mixins.json:foundation.copycat.CopycatBlockMixin from mod copycats because it already exists in com.copycatsplus.copycats.content.copycat.fluid_pipe.CopycatGlassFluidPipeBlock
[10May2026 17:33:07.703] [modloading-worker-0/WARN] [mixin/]: Discarding @Unique public method useItemOn in copycats-neoforge.mixins.json:foundation.copycat.CopycatBlockMixin from mod copycats because it already exists in com.copycatsplus.copycats.content.copycat.fluid_pipe.CopycatGlassFluidPipeBlock
[10May2026 17:33:07.703] [modloading-worker-0/WARN] [mixin/]: Discarding @Unique public method useWithoutItem in copycats-neoforge.mixins.json:foundation.copycat.CopycatBlockMixin from mod copycats because it already exists in com.copycatsplus.copycats.content.copycat.fluid_pipe.CopycatGlassFluidPipeBlock
[10May2026 17:33:07.734] [modloading-worker-0/WARN] [mixin/]: Discarding @Unique public method rotate in copycats-neoforge.mixins.json:foundation.copycat.multistate.MultiStateCopycatBlockMixin from mod copycats because it already exists in com.copycatsplus.copycats.foundation.copycat.multistate.MultiStateCopycatBlock
[10May2026 17:33:07.734] [modloading-worker-0/WARN] [mixin/]: Discarding @Unique public method mirror in copycats-neoforge.mixins.json:foundation.copycat.multistate.MultiStateCopycatBlockMixin from mod copycats because it already exists in com.copycatsplus.copycats.foundation.copycat.multistate.MultiStateCopycatBlock
[10May2026 17:33:07.734] [modloading-worker-0/WARN] [mixin/]: Discarding @Unique public method useItemOn in copycats-neoforge.mixins.json:foundation.copycat.multistate.MultiStateCopycatBlockMixin from mod copycats because it already exists in com.copycatsplus.copycats.foundation.copycat.multistate.MultiStateCopycatBlock
[10May2026 17:33:07.734] [modloading-worker-0/WARN] [mixin/]: Discarding @Unique public method useWithoutItem in copycats-neoforge.mixins.json:foundation.copycat.multistate.MultiStateCopycatBlockMixin from mod copycats because it already exists in com.copycatsplus.copycats.foundation.copycat.multistate.MultiStateCopycatBlock
[10May2026 17:33:07.805] [modloading-worker-0/INFO] [Puzzles Lib/]: Constructing common components for easymagic:main
[10May2026 17:33:07.878] [modloading-worker-0/WARN] [mixin/]: Discarding @Unique public method rotate in copycats-neoforge.mixins.json:foundation.copycat.CopycatBlockMixin from mod copycats because it already exists in com.copycatsplus.copycats.foundation.copycat.CCCopycatBlock
[10May2026 17:33:07.878] [modloading-worker-0/WARN] [mixin/]: Discarding @Unique public method mirror in copycats-neoforge.mixins.json:foundation.copycat.CopycatBlockMixin from mod copycats because it already exists in com.copycatsplus.copycats.foundation.copycat.CCCopycatBlock
[10May2026 17:33:07.878] [modloading-worker-0/WARN] [mixin/]: Discarding @Unique public method useItemOn in copycats-neoforge.mixins.json:foundation.copycat.CopycatBlockMixin from mod copycats because it already exists in com.copycatsplus.copycats.foundation.copycat.CCCopycatBlock
[10May2026 17:33:07.879] [modloading-worker-0/WARN] [mixin/]: Discarding @Unique public method useWithoutItem in copycats-neoforge.mixins.json:foundation.copycat.CopycatBlockMixin from mod copycats because it already exists in com.copycatsplus.copycats.foundation.copycat.CCCopycatBlock
[10May2026 17:33:07.950] [modloading-worker-0/WARN] [mixin/]: Discarding @Unique public method rotate in copycats-neoforge.mixins.json:foundation.copycat.CopycatBlockMixin from mod copycats because it already exists in com.copycatsplus.copycats.content.copycat.button.CopycatButtonBlock
[10May2026 17:33:07.950] [modloading-worker-0/WARN] [mixin/]: Discarding @Unique public method mirror in copycats-neoforge.mixins.json:foundation.copycat.CopycatBlockMixin from mod copycats because it already exists in com.copycatsplus.copycats.content.copycat.button.CopycatButtonBlock
[10May2026 17:33:07.950] [modloading-worker-0/WARN] [mixin/]: Discarding @Unique public method useItemOn in copycats-neoforge.mixins.json:foundation.copycat.CopycatBlockMixin from mod copycats because it already exists in com.copycatsplus.copycats.content.copycat.button.CopycatButtonBlock
[10May2026 17:33:07.950] [modloading-worker-0/WARN] [mixin/]: Discarding @Unique public method useWithoutItem in copycats-neoforge.mixins.json:foundation.copycat.CopycatBlockMixin from mod copycats because it already exists in com.copycatsplus.copycats.content.copycat.button.CopycatButtonBlock
[10May2026 17:33:07.977] [modloading-worker-0/INFO] [xaero.lib.XaeroLib/]: Registering common data for channel xaerolib:main!
[10May2026 17:33:07.979] [modloading-worker-0/WARN] [mixin/]: Discarding @Unique public method rotate in copycats-neoforge.mixins.json:foundation.copycat.CopycatBlockMixin from mod copycats because it already exists in com.copycatsplus.copycats.content.copycat.fence.CopycatFenceBlock
[10May2026 17:33:07.980] [modloading-worker-0/WARN] [mixin/]: Discarding @Unique public method mirror in copycats-neoforge.mixins.json:foundation.copycat.CopycatBlockMixin from mod copycats because it already exists in com.copycatsplus.copycats.content.copycat.fence.CopycatFenceBlock
[10May2026 17:33:07.980] [modloading-worker-0/WARN] [mixin/]: Discarding @Unique public method useItemOn in copycats-neoforge.mixins.json:foundation.copycat.CopycatBlockMixin from mod copycats because it already exists in com.copycatsplus.copycats.content.copycat.fence.CopycatFenceBlock
[10May2026 17:33:07.980] [modloading-worker-0/WARN] [mixin/]: Discarding @Unique public method useWithoutItem in copycats-neoforge.mixins.json:foundation.copycat.CopycatBlockMixin from mod copycats because it already exists in com.copycatsplus.copycats.content.copycat.fence.CopycatFenceBlock
[10May2026 17:33:08.003] [modloading-worker-0/WARN] [mixin/]: Discarding @Unique public method rotate in copycats-neoforge.mixins.json:foundation.copycat.CopycatBlockMixin from mod copycats because it already exists in com.copycatsplus.copycats.content.copycat.fence_gate.CopycatFenceGateBlock
[10May2026 17:33:08.004] [modloading-worker-0/WARN] [mixin/]: Discarding @Unique public method mirror in copycats-neoforge.mixins.json:foundation.copycat.CopycatBlockMixin from mod copycats because it already exists in com.copycatsplus.copycats.content.copycat.fence_gate.CopycatFenceGateBlock
[10May2026 17:33:08.004] [modloading-worker-0/WARN] [mixin/]: Discarding @Unique public method useItemOn in copycats-neoforge.mixins.json:foundation.copycat.CopycatBlockMixin from mod copycats because it already exists in com.copycatsplus.copycats.content.copycat.fence_gate.CopycatFenceGateBlock
[10May2026 17:33:08.004] [modloading-worker-0/WARN] [mixin/]: Discarding @Unique public method useWithoutItem in copycats-neoforge.mixins.json:foundation.copycat.CopycatBlockMixin from mod copycats because it already exists in com.copycatsplus.copycats.content.copycat.fence_gate.CopycatFenceGateBlock
[10May2026 17:33:08.018] [modloading-worker-0/INFO] [Puzzles Lib/]: Constructing common components for skeletonaifix:main
[10May2026 17:33:08.029] [modloading-worker-0/INFO] [xaero.lib.XaeroLib/]: Loading primary common config for channel xaerolib:main!
[10May2026 17:33:08.033] [modloading-worker-0/WARN] [mixin/]: Discarding @Unique public method rotate in copycats-neoforge.mixins.json:foundation.copycat.CopycatBlockMixin from mod copycats because it already exists in com.copycatsplus.copycats.content.copycat.ladder.CopycatLadderBlock
[10May2026 17:33:08.034] [modloading-worker-0/WARN] [mixin/]: Discarding @Unique public method mirror in copycats-neoforge.mixins.json:foundation.copycat.CopycatBlockMixin from mod copycats because it already exists in com.copycatsplus.copycats.content.copycat.ladder.CopycatLadderBlock
[10May2026 17:33:08.034] [modloading-worker-0/WARN] [mixin/]: Discarding @Unique public method useItemOn in copycats-neoforge.mixins.json:foundation.copycat.CopycatBlockMixin from mod copycats because it already exists in com.copycatsplus.copycats.content.copycat.ladder.CopycatLadderBlock
[10May2026 17:33:08.034] [modloading-worker-0/WARN] [mixin/]: Discarding @Unique public method useWithoutItem in copycats-neoforge.mixins.json:foundation.copycat.CopycatBlockMixin from mod copycats because it already exists in com.copycatsplus.copycats.content.copycat.ladder.CopycatLadderBlock
[10May2026 17:33:08.043] [modloading-worker-0/INFO] [xaero.lib.XaeroLib/]: Loading server config profiles for channel xaerolib:main!
[10May2026 17:33:08.046] [modloading-worker-0/WARN] [mixin/]: Discarding @Unique public method rotate in copycats-neoforge.mixins.json:foundation.copycat.CopycatBlockMixin from mod copycats because it already exists in com.copycatsplus.copycats.content.copycat.pressure_plate.CopycatPressurePlateBlock
[10May2026 17:33:08.046] [modloading-worker-0/WARN] [mixin/]: Discarding @Unique public method mirror in copycats-neoforge.mixins.json:foundation.copycat.CopycatBlockMixin from mod copycats because it already exists in com.copycatsplus.copycats.content.copycat.pressure_plate.CopycatPressurePlateBlock
[10May2026 17:33:08.047] [modloading-worker-0/WARN] [mixin/]: Discarding @Unique public method useItemOn in copycats-neoforge.mixins.json:foundation.copycat.CopycatBlockMixin from mod copycats because it already exists in com.copycatsplus.copycats.content.copycat.pressure_plate.CopycatPressurePlateBlock
[10May2026 17:33:08.047] [modloading-worker-0/WARN] [mixin/]: Discarding @Unique public method useWithoutItem in copycats-neoforge.mixins.json:foundation.copycat.CopycatBlockMixin from mod copycats because it already exists in com.copycatsplus.copycats.content.copycat.pressure_plate.CopycatPressurePlateBlock
[10May2026 17:33:08.053] [modloading-worker-0/WARN] [mixin/]: Discarding @Unique public method rotate in copycats-neoforge.mixins.json:foundation.copycat.CopycatBlockMixin from mod copycats because it already exists in com.copycatsplus.copycats.content.copycat.pressure_plate.CopycatWeightedPressurePlate
[10May2026 17:33:08.053] [modloading-worker-0/WARN] [mixin/]: Discarding @Unique public method mirror in copycats-neoforge.mixins.json:foundation.copycat.CopycatBlockMixin from mod copycats because it already exists in com.copycatsplus.copycats.content.copycat.pressure_plate.CopycatWeightedPressurePlate
[10May2026 17:33:08.053] [modloading-worker-0/WARN] [mixin/]: Discarding @Unique public method useItemOn in copycats-neoforge.mixins.json:foundation.copycat.CopycatBlockMixin from mod copycats because it already exists in com.copycatsplus.copycats.content.copycat.pressure_plate.CopycatWeightedPressurePlate
[10May2026 17:33:08.053] [modloading-worker-0/WARN] [mixin/]: Discarding @Unique public method useWithoutItem in copycats-neoforge.mixins.json:foundation.copycat.CopycatBlockMixin from mod copycats because it already exists in com.copycatsplus.copycats.content.copycat.pressure_plate.CopycatWeightedPressurePlate
[10May2026 17:33:08.071] [modloading-worker-0/WARN] [mixin/]: Discarding @Unique public method rotate in copycats-neoforge.mixins.json:foundation.copycat.CopycatBlockMixin from mod copycats because it already exists in com.copycatsplus.copycats.content.copycat.stairs.CopycatStairsBlock
[10May2026 17:33:08.071] [modloading-worker-0/WARN] [mixin/]: Discarding @Unique public method mirror in copycats-neoforge.mixins.json:foundation.copycat.CopycatBlockMixin from mod copycats because it already exists in com.copycatsplus.copycats.content.copycat.stairs.CopycatStairsBlock
[10May2026 17:33:08.071] [modloading-worker-0/WARN] [mixin/]: Discarding @Unique public method useItemOn in copycats-neoforge.mixins.json:foundation.copycat.CopycatBlockMixin from mod copycats because it already exists in com.copycatsplus.copycats.content.copycat.stairs.CopycatStairsBlock
[10May2026 17:33:08.071] [modloading-worker-0/WARN] [mixin/]: Discarding @Unique public method useWithoutItem in copycats-neoforge.mixins.json:foundation.copycat.CopycatBlockMixin from mod copycats because it already exists in com.copycatsplus.copycats.content.copycat.stairs.CopycatStairsBlock
[10May2026 17:33:08.081] [modloading-worker-0/WARN] [mixin/]: Discarding @Unique public method rotate in copycats-neoforge.mixins.json:foundation.copycat.CopycatBlockMixin from mod copycats because it already exists in com.copycatsplus.copycats.content.copycat.trapdoor.CopycatTrapdoorBlock
[10May2026 17:33:08.081] [modloading-worker-0/WARN] [mixin/]: Discarding @Unique public method mirror in copycats-neoforge.mixins.json:foundation.copycat.CopycatBlockMixin from mod copycats because it already exists in com.copycatsplus.copycats.content.copycat.trapdoor.CopycatTrapdoorBlock
[10May2026 17:33:08.081] [modloading-worker-0/WARN] [mixin/]: Discarding @Unique public method useItemOn in copycats-neoforge.mixins.json:foundation.copycat.CopycatBlockMixin from mod copycats because it already exists in com.copycatsplus.copycats.content.copycat.trapdoor.CopycatTrapdoorBlock
[10May2026 17:33:08.081] [modloading-worker-0/WARN] [mixin/]: Discarding @Unique public method useWithoutItem in copycats-neoforge.mixins.json:foundation.copycat.CopycatBlockMixin from mod copycats because it already exists in com.copycatsplus.copycats.content.copycat.trapdoor.CopycatTrapdoorBlock
[10May2026 17:33:08.092] [modloading-worker-0/WARN] [mixin/]: Discarding @Unique public method rotate in copycats-neoforge.mixins.json:foundation.copycat.CopycatBlockMixin from mod copycats because it already exists in com.copycatsplus.copycats.content.copycat.wall.CopycatWallBlock
[10May2026 17:33:08.092] [modloading-worker-0/WARN] [mixin/]: Discarding @Unique public method mirror in copycats-neoforge.mixins.json:foundation.copycat.CopycatBlockMixin from mod copycats because it already exists in com.copycatsplus.copycats.content.copycat.wall.CopycatWallBlock
[10May2026 17:33:08.092] [modloading-worker-0/WARN] [mixin/]: Discarding @Unique public method useItemOn in copycats-neoforge.mixins.json:foundation.copycat.CopycatBlockMixin from mod copycats because it already exists in com.copycatsplus.copycats.content.copycat.wall.CopycatWallBlock
[10May2026 17:33:08.092] [modloading-worker-0/WARN] [mixin/]: Discarding @Unique public method useWithoutItem in copycats-neoforge.mixins.json:foundation.copycat.CopycatBlockMixin from mod copycats because it already exists in com.copycatsplus.copycats.content.copycat.wall.CopycatWallBlock
[10May2026 17:33:08.112] [modloading-worker-0/WARN] [mixin/]: Discarding @Unique public method rotate in copycats-neoforge.mixins.json:foundation.copycat.CopycatBlockMixin from mod copycats because it already exists in com.copycatsplus.copycats.content.copycat.shaft.CopycatShaftBlock
[10May2026 17:33:08.113] [modloading-worker-0/WARN] [mixin/]: Discarding @Unique public method mirror in copycats-neoforge.mixins.json:foundation.copycat.CopycatBlockMixin from mod copycats because it already exists in com.copycatsplus.copycats.content.copycat.shaft.CopycatShaftBlock
[10May2026 17:33:08.113] [modloading-worker-0/WARN] [mixin/]: Discarding @Unique public method useItemOn in copycats-neoforge.mixins.json:foundation.copycat.CopycatBlockMixin from mod copycats because it already exists in com.copycatsplus.copycats.content.copycat.shaft.CopycatShaftBlock
[10May2026 17:33:08.113] [modloading-worker-0/WARN] [mixin/]: Discarding @Unique public method useWithoutItem in copycats-neoforge.mixins.json:foundation.copycat.CopycatBlockMixin from mod copycats because it already exists in com.copycatsplus.copycats.content.copycat.shaft.CopycatShaftBlock
[10May2026 17:33:08.132] [modloading-worker-0/WARN] [mixin/]: Discarding @Unique public method rotate in copycats-neoforge.mixins.json:foundation.copycat.multistate.MultiStateCopycatBlockMixin from mod copycats because it already exists in com.copycatsplus.copycats.content.copycat.cogwheel.CopycatCogWheelBlock
[10May2026 17:33:08.132] [modloading-worker-0/WARN] [mixin/]: Discarding @Unique public method mirror in copycats-neoforge.mixins.json:foundation.copycat.multistate.MultiStateCopycatBlockMixin from mod copycats because it already exists in com.copycatsplus.copycats.content.copycat.cogwheel.CopycatCogWheelBlock
[10May2026 17:33:08.132] [modloading-worker-0/WARN] [mixin/]: Discarding @Unique public method useItemOn in copycats-neoforge.mixins.json:foundation.copycat.multistate.MultiStateCopycatBlockMixin from mod copycats because it already exists in com.copycatsplus.copycats.content.copycat.cogwheel.CopycatCogWheelBlock
[10May2026 17:33:08.132] [modloading-worker-0/WARN] [mixin/]: Discarding @Unique public method useWithoutItem in copycats-neoforge.mixins.json:foundation.copycat.multistate.MultiStateCopycatBlockMixin from mod copycats because it already exists in com.copycatsplus.copycats.content.copycat.cogwheel.CopycatCogWheelBlock
[10May2026 17:33:08.141] [Thread-9/WARN] [Collective/]: [Update] Villager Names has an update available: 8.2 -> 8.4
[10May2026 17:33:08.169] [modloading-worker-0/WARN] [mixin/]: Discarding @Unique public method rotate in copycats-neoforge.mixins.json:foundation.copycat.CopycatBlockMixin from mod copycats because it already exists in com.copycatsplus.copycats.content.copycat.fluid_pipe.CopycatFluidPipeBlock
[10May2026 17:33:08.169] [modloading-worker-0/WARN] [mixin/]: Discarding @Unique public method mirror in copycats-neoforge.mixins.json:foundation.copycat.CopycatBlockMixin from mod copycats because it already exists in com.copycatsplus.copycats.content.copycat.fluid_pipe.CopycatFluidPipeBlock
[10May2026 17:33:08.169] [modloading-worker-0/WARN] [mixin/]: Discarding @Unique public method useItemOn in copycats-neoforge.mixins.json:foundation.copycat.CopycatBlockMixin from mod copycats because it already exists in com.copycatsplus.copycats.content.copycat.fluid_pipe.CopycatFluidPipeBlock
[10May2026 17:33:08.169] [modloading-worker-0/WARN] [mixin/]: Discarding @Unique public method useWithoutItem in copycats-neoforge.mixins.json:foundation.copycat.CopycatBlockMixin from mod copycats because it already exists in com.copycatsplus.copycats.content.copycat.fluid_pipe.CopycatFluidPipeBlock
[10May2026 17:33:08.178] [modloading-worker-0/INFO] [azurelib/FileWatching]: Registered azurelib config for auto-sync function
[10May2026 17:33:08.180] [modloading-worker-0/INFO] [Puzzles Lib/]: Constructing common components for diagonalfences:main
[10May2026 17:33:08.186] [modloading-worker-0/INFO] [Puzzles Lib/]: Constructing common components for eternalnether:main
[10May2026 17:33:08.191] [modloading-worker-0/WARN] [mixin/]: Discarding @Unique public method rotate in copycats-neoforge.mixins.json:foundation.copycat.CopycatBlockMixin from mod copycats because it already exists in com.copycatsplus.copycats.content.copycat.pane.CopycatPaneBlock
[10May2026 17:33:08.191] [modloading-worker-0/WARN] [mixin/]: Discarding @Unique public method mirror in copycats-neoforge.mixins.json:foundation.copycat.CopycatBlockMixin from mod copycats because it already exists in com.copycatsplus.copycats.content.copycat.pane.CopycatPaneBlock
[10May2026 17:33:08.191] [modloading-worker-0/WARN] [mixin/]: Discarding @Unique public method useItemOn in copycats-neoforge.mixins.json:foundation.copycat.CopycatBlockMixin from mod copycats because it already exists in com.copycatsplus.copycats.content.copycat.pane.CopycatPaneBlock
[10May2026 17:33:08.191] [modloading-worker-0/WARN] [mixin/]: Discarding @Unique public method useWithoutItem in copycats-neoforge.mixins.json:foundation.copycat.CopycatBlockMixin from mod copycats because it already exists in com.copycatsplus.copycats.content.copycat.pane.CopycatPaneBlock
[10May2026 17:33:08.214] [modloading-worker-0/WARN] [mixin/]: Discarding @Unique public method onLoad in copycats-neoforge.mixins.json:foundation.copycat.CopycatBlockEntityMixin from mod copycats because it already exists in com.copycatsplus.copycats.foundation.copycat.CCCopycatBlockEntity
[10May2026 17:33:08.227] [modloading-worker-0/WARN] [mixin/]: Discarding @Unique public method onLoad in copycats-neoforge.mixins.json:foundation.copycat.multistate.MultiStateCopycatBlockEntityMixin from mod copycats because it already exists in com.copycatsplus.copycats.foundation.copycat.multistate.MultiStateCopycatBlockEntity
[10May2026 17:33:08.231] [modloading-worker-0/WARN] [mixin/]: Discarding @Unique public method onLoad in copycats-neoforge.mixins.json:foundation.copycat.CopycatBlockEntityMixin from mod copycats because it already exists in com.copycatsplus.copycats.content.copycat.shaft.CopycatShaftBlockEntity
[10May2026 17:33:08.250] [modloading-worker-0/WARN] [mixin/]: Discarding @Unique public method onLoad in copycats-neoforge.mixins.json:foundation.copycat.multistate.MultiStateCopycatBlockEntityMixin from mod copycats because it already exists in com.copycatsplus.copycats.content.copycat.cogwheel.CopycatCogWheelBlockEntity
[10May2026 17:33:08.252] [modloading-worker-0/WARN] [mixin/]: Discarding @Unique public method onLoad in copycats-neoforge.mixins.json:foundation.copycat.CopycatBlockEntityMixin from mod copycats because it already exists in com.copycatsplus.copycats.content.copycat.fluid_pipe.CopycatFluidPipeBlockEntity
[10May2026 17:33:08.258] [modloading-worker-0/WARN] [mixin/]: Discarding @Unique public method onLoad in copycats-neoforge.mixins.json:foundation.copycat.CopycatBlockEntityMixin from mod copycats because it already exists in com.copycatsplus.copycats.content.copycat.fluid_pipe.CopycatStraightPipeBlockEntity
[10May2026 17:33:08.261] [modloading-worker-0/WARN] [mixin/]: Discarding @Unique public method onLoad in copycats-neoforge.mixins.json:foundation.copycat.CopycatBlockEntityMixin from mod copycats because it already exists in com.copycatsplus.copycats.content.copycat.sliding_door.CopycatSlidingDoorBlockEntity
[10May2026 17:33:08.278] [modloading-worker-0/INFO] [YetAnotherConfigLib/]: Deserializing VariantsAndVenturesConfig from 'config/variantsandventures.json'
[10May2026 17:33:08.282] [modloading-worker-0/INFO] [Puzzles Lib/]: Constructing common components for easyanvils:main
[10May2026 17:33:08.301] [modloading-worker-0/INFO] [bmcpalegardenpatcher/]: BMC Pale Garden Patcher initialized with 2 active namespace(s)
[10May2026 17:33:08.349] [modloading-worker-0/INFO] [Puzzles Lib/]: Constructing common components for leavesbegone:main
[10May2026 17:33:08.352] [modloading-worker-0/INFO] [dev.su5ed.sinytra.connectorextras.terrablenderbridge.TerraBlenderBridge/]: Injecting TerraBlender API classes
[10May2026 17:33:08.527] [modloading-worker-0/INFO] [Puzzles Lib/]: Constructing common components for dyedflames:main
[10May2026 17:33:08.621] [modloading-worker-0/WARN] [mixin/]: @ModifyConstant conflict. Skipping packetfixer.v1_20_5.neoforge.mixins.json:v1_20_5_neoforge.ServerCommonPacketListenerImplMixin from mod packetfixer->@ModifyConstant::packetfixer$tick$1(J)J with priority 1000, already redirected by connectivity.mixins.json:ServerPlayNetHandlerMixin from mod connectivity->@ModifyConstant::playTimeout(J)J with priority 1001
[10May2026 17:33:08.635] [modloading-worker-0/INFO] [Puzzles Lib/]: Constructing common components for convenienteffects:main
[10May2026 17:33:08.692] [modloading-worker-0/INFO] [Puzzles Lib/]: Constructing common components for stoneworks:main
[10May2026 17:33:08.740] [modloading-worker-0/INFO] [STDOUT/]: [toni.lib.config.ConfigBase:registerAll:27]: [toni.immersivetips.foundation.config.CCommon] All values is empty! This config file contains nothing!
[10May2026 17:33:08.741] [modloading-worker-0/INFO] [STDOUT/]: [toni.lib.config.ConfigBase:registerAll:27]: [toni.immersivetips.foundation.config.CServer] All values is empty! This config file contains nothing!
[10May2026 17:33:08.839] [modloading-worker-0/INFO] [glitchcore/]: Registered synced config with path sereneseasons/fertility.toml
[10May2026 17:33:08.839] [modloading-worker-0/INFO] [glitchcore/]: Registered synced config with path sereneseasons/seasons.toml
[10May2026 17:33:08.898] [modloading-worker-0/INFO] [thedarkcolour.kotlinforforge.neoforge.test.KotlinForForge/]: Kotlin For Forge Enabled!
[10May2026 17:33:08.932] [modloading-worker-0/INFO] [net.potionstudios.biomeswevegone.BiomesWeveGone/]: Registering Oh The Biomes We've Gone data components
[10May2026 17:33:08.940] [modloading-worker-0/INFO] [xaero.common.HudMod/]: Registering common data for channel xaerominimap:main!
[10May2026 17:33:08.969] [modloading-worker-0/INFO] [net.potionstudios.biomeswevegone.BiomesWeveGone/]: Registering Oh The Biomes We've Gone items
[10May2026 17:33:08.978] [modloading-worker-0/INFO] [xaero.common.HudMod/]: Loading primary common config for channel xaerominimap:main!
[10May2026 17:33:08.982] [modloading-worker-0/INFO] [xaero.common.HudMod/]: Loading server config profiles for channel xaerominimap:main!
[10May2026 17:33:09.046] [modloading-worker-0/INFO] [Puzzles Lib/]: Constructing common components for puzzleslib:main
[10May2026 17:33:09.072] [modloading-worker-0/INFO] [net.potionstudios.biomeswevegone.BiomesWeveGone/]: Registering Oh The Biomes We've Gone Blocks
[10May2026 17:33:09.113] [modloading-worker-0/WARN] [mixin/]: @Redirect conflict. Skipping recipeessentials.mixins.json:RecipeManagerMixin from mod recipeessentials->@Redirect::logErrorOnce(Lorg/slf4j/Logger;Ljava/lang/String;Ljava/lang/Object;Ljava/lang/Object;)V with priority 200, already redirected by modernfix-neoforge.mixins.json:perf.datapack_reload_exceptions.RecipeManagerMixin from mod modernfix->@Redirect::silenceException(Lorg/slf4j/Logger;Ljava/lang/String;Ljava/lang/Object;Ljava/lang/Object;)V with priority 2000
[10May2026 17:33:09.125] [modloading-worker-0/INFO] [Leaderboards/]: Leaderboards registered (9 entries + 73 vanilla stats)
[10May2026 17:33:09.130] [modloading-worker-0/INFO] [net.potionstudios.biomeswevegone.BiomesWeveGone/]: Registering Oh The Biomes We've Gone Wood
[10May2026 17:33:09.131] [modloading-worker-0/INFO] [net.potionstudios.biomeswevegone.BiomesWeveGone/]: Registering Oh The Biomes We've Gone Block Entities
[10May2026 17:33:09.132] [modloading-worker-0/INFO] [net.potionstudios.biomeswevegone.BiomesWeveGone/]: Registering Oh The Biomes We've Gone Entities
[10May2026 17:33:09.135] [modloading-worker-0/INFO] [net.potionstudios.biomeswevegone.BiomesWeveGone/]: Registering Oh The Biomes We've Gone Creative Tabs
[10May2026 17:33:09.138] [modloading-worker-0/INFO] [net.potionstudios.biomeswevegone.BiomesWeveGone/]: Registering Oh The Biomes We've Gone Sounds
[10May2026 17:33:09.139] [modloading-worker-0/INFO] [net.potionstudios.biomeswevegone.BiomesWeveGone/]: Registering Oh The Biomes We've Gone Block Predicate
[10May2026 17:33:09.143] [modloading-worker-0/INFO] [net.potionstudios.biomeswevegone.BiomesWeveGone/]: Registering Oh The Biomes We've Gone State Providers
[10May2026 17:33:09.145] [modloading-worker-0/INFO] [net.potionstudios.biomeswevegone.BiomesWeveGone/]: Registering Oh The Biomes We've Gone Tree Decorators
[10May2026 17:33:09.153] [modloading-worker-0/WARN] [Cristel Lib/]: Mod with id: explorify only has an old path for subPath: data/cristellib/structure_config. New Path for Cristel Lib >=2.0.1 is missing! Maybe contact the mod author to let them know.
[10May2026 17:33:09.165] [modloading-worker-0/INFO] [net.potionstudios.biomeswevegone.BiomesWeveGone/]: Registering Oh The Biomes We've Gone Custom Features
[10May2026 17:33:09.169] [modloading-worker-0/INFO] [net.potionstudios.biomeswevegone.BiomesWeveGone/]: Registering Oh The Biomes We've Gone Structure Pieces
[10May2026 17:33:09.172] [modloading-worker-0/INFO] [net.potionstudios.biomeswevegone.BiomesWeveGone/]: Registering Oh The Biomes We've Gone Custom Structure Types
[10May2026 17:33:09.175] [modloading-worker-0/INFO] [net.potionstudios.biomeswevegone.BiomesWeveGone/]: Registering Oh The Biomes We've Gone Configured Features
[10May2026 17:33:09.177] [modloading-worker-0/INFO] [net.blay09.mods.balm.neoforge.config.NeoForgeBalmConfig/]: Registering config for kleeslabs:common (COMMON) with 3 properties.
[10May2026 17:33:09.190] [modloading-worker-0/INFO] [net.potionstudios.biomeswevegone.BiomesWeveGone/]: Creating and Registering Overworld Vegetation Configured Features
[10May2026 17:33:09.256] [modloading-worker-0/INFO] [xaero.map.WorldMap/]: Registering common data for channel xaeroworldmap:main!
[10May2026 17:33:09.263] [modloading-worker-0/INFO] [xaero.map.WorldMap/]: Loading primary common config for channel xaeroworldmap:main!
[10May2026 17:33:09.266] [modloading-worker-0/INFO] [net.potionstudios.biomeswevegone.BiomesWeveGone/]: Registering Oh The Biomes We've Gone Tree Configured Features
[10May2026 17:33:09.267] [modloading-worker-0/INFO] [net.potionstudios.biomeswevegone.BiomesWeveGone/]: Creating and Registering Vanilla Configured Features
[10May2026 17:33:09.271] [modloading-worker-0/INFO] [net.potionstudios.biomeswevegone.BiomesWeveGone/]: Registering Oh The Biomes You'll Go Overworld Configured Features
[10May2026 17:33:09.275] [modloading-worker-0/INFO] [net.potionstudios.biomeswevegone.BiomesWeveGone/]: Registering Oh The Biomes We've Gone Placed Features
[10May2026 17:33:09.277] [modloading-worker-0/INFO] [xaero.map.WorldMap/]: Loading server config profiles for channel xaeroworldmap:main!
[10May2026 17:33:09.286] [modloading-worker-0/INFO] [net.potionstudios.biomeswevegone.BiomesWeveGone/]: Creating and Registering Overworld Tree Placed Features
[10May2026 17:33:09.298] [modloading-worker-0/INFO] [net.potionstudios.biomeswevegone.BiomesWeveGone/]: Creating and Registering Overworld Vegetation Placed Features
[10May2026 17:33:09.299] [modloading-worker-0/INFO] [net.potionstudios.biomeswevegone.BiomesWeveGone/]: Creating and Registering Vanilla Placed Features
[10May2026 17:33:09.300] [modloading-worker-0/INFO] [net.potionstudios.biomeswevegone.BiomesWeveGone/]: Registering Oh The Biomes We've Gone Custom Surface Rules
[10May2026 17:33:09.309] [modloading-worker-0/INFO] [net.potionstudios.biomeswevegone.BiomesWeveGone/]: Registering Oh The Biomes We've Gone Template Pools
[10May2026 17:33:09.322] [modloading-worker-0/INFO] [net.potionstudios.biomeswevegone.BiomesWeveGone/]: Registering Oh The Biome's We've Gone Village Template Pools
[10May2026 17:33:09.323] [modloading-worker-0/INFO] [net.potionstudios.biomeswevegone.BiomesWeveGone/]: Registering Oh The Biomes We've Gone Poi Types
[10May2026 17:33:09.324] [modloading-worker-0/INFO] [net.potionstudios.biomeswevegone.BiomesWeveGone/]: Registering Oh The Biomes We've Gone Villager Professions
[10May2026 17:33:09.325] [modloading-worker-0/INFO] [net.potionstudios.biomeswevegone.BiomesWeveGone/]: Registering Oh The Biomes We've Gone Custom Structure Processors
[10May2026 17:33:09.325] [modloading-worker-0/INFO] [net.potionstudios.biomeswevegone.BiomesWeveGone/]: Registering Oh The Biomes We've Gone villager types
[10May2026 17:33:09.326] [modloading-worker-0/INFO] [net.potionstudios.biomeswevegone.BiomesWeveGone/]: Registering Oh The Biomes We've Gone Schedules
[10May2026 17:33:09.327] [modloading-worker-0/INFO] [net.potionstudios.biomeswevegone.BiomesWeveGone/]: Registering Oh The Biomes We've Gone Memory Module Types
[10May2026 17:33:09.328] [modloading-worker-0/INFO] [net.potionstudios.biomeswevegone.BiomesWeveGone/]: Registering Oh The Biomes We've Gone Sensor Types
[10May2026 17:33:09.330] [modloading-worker-0/INFO] [net.potionstudios.biomeswevegone.BiomesWeveGone/]: Registering Oh The Biomes We've Gone Map Decoration Types
[10May2026 17:33:09.339] [modloading-worker-0/INFO] [net.potionstudios.biomeswevegone.BiomesWeveGone/]: Registering Oh The Biomes We've Gone Entity SubPredicates
[10May2026 17:33:09.363] [modloading-worker-0/INFO] [io.github.razordevs.deep_aether.DeepAether/]: Deep Aether: Registering Protect Your Moa compat items
[10May2026 17:33:09.363] [modloading-worker-0/INFO] [io.github.razordevs.deep_aether.DeepAether/]: Deep Aether: Registering Treasure Reforging compat items
[10May2026 17:33:09.378] [modloading-worker-0/INFO] [Puzzles Lib/]: Constructing common components for fastitemframes:main
[10May2026 17:33:09.460] [modloading-worker-0/INFO] [twilightforest.beanification.BeanContext/]: Starting Bean Context
[10May2026 17:33:09.470] [modloading-worker-0/ERROR] [Cristel Lib/]: village_dark_forest is not included in: mmv:villages for mod with path: /workspaces/regret/servidor_minecraft/config/mmv/structure_toggle_config.json5
[10May2026 17:33:09.741] [modloading-worker-0/ERROR] [Cristel Lib/]: dark_oak_mansion_medium_1 is not included in: adorabuild_structures:rare_overworld_structures for mod with path: /workspaces/regret/servidor_minecraft/config/adorabuild_structures/structure_toggle_config.json5
[10May2026 17:33:09.742] [modloading-worker-0/ERROR] [Cristel Lib/]: bamboo_house_small_2 is not included in: adorabuild_structures:overworld_structures for mod with path: /workspaces/regret/servidor_minecraft/config/adorabuild_structures/structure_toggle_config.json5
[10May2026 17:33:09.742] [modloading-worker-0/ERROR] [Cristel Lib/]: blackstone_bastion_medium_3 is not included in: adorabuild_structures:nether_structures for mod with path: /workspaces/regret/servidor_minecraft/config/adorabuild_structures/structure_toggle_config.json5
[10May2026 17:33:09.743] [modloading-worker-0/ERROR] [Cristel Lib/]: mangrove_ship_1 is not included in: adorabuild_structures:floating_structures for mod with path: /workspaces/regret/servidor_minecraft/config/adorabuild_structures/structure_toggle_config.json5
[10May2026 17:33:09.743] [modloading-worker-0/ERROR] [Cristel Lib/]: ancient_palace_3 is not included in: adorabuild_structures:end_structures for mod with path: /workspaces/regret/servidor_minecraft/config/adorabuild_structures/structure_toggle_config.json5
[10May2026 17:33:09.883] [modloading-worker-0/ERROR] [Cristel Lib/]: mining_complex is not included in: dungeons_arise:major_structures for mod with path: /workspaces/regret/servidor_minecraft/config/dungeons_arise/structure_toggle_config.json5
[10May2026 17:33:09.938] [modloading-worker-0/INFO] [com.loadingprotection.LoadingProtectionMod/]: [LoadingProtection] Starting mod initialization...
[10May2026 17:33:09.939] [modloading-worker-0/INFO] [com.loadingprotection.LoadingProtectionMod/]: [LoadingProtection] Config registered
[10May2026 17:33:09.951] [modloading-worker-0/INFO] [com.loadingprotection.LoadingProtectionMod/]: [LoadingProtection] Event handler registered: com.loadingprotection.handler.ProtectionHandler
[10May2026 17:33:09.952] [modloading-worker-0/INFO] [com.loadingprotection.LoadingProtectionMod/]: [LoadingProtection] Mod initialized successfully!
[10May2026 17:33:09.975] [modloading-worker-0/INFO] [Collective/]: Loading Collective version 8.20.
[10May2026 17:33:10.512] [modloading-worker-0/INFO] [Puzzles Lib/]: Constructing common components for tradingpost:main
[10May2026 17:33:10.554] [modloading-worker-0/INFO] [owo/]: Jello was 126 years old when we added this line
[10May2026 17:33:10.588] [modloading-worker-0/INFO] [twilightforest.beanification.BeanContext/]: Bean Context loaded in 1128 ms
[10May2026 17:33:10.600] [modloading-worker-0/INFO] [Moonlight/]: Sending changed configs to client
[10May2026 17:33:10.651] [modloading-worker-0/INFO] [uwu.juni.wetland_whimsy.WetlandWhimsy/]: Whimsical
[10May2026 17:33:10.737] [modloading-worker-0/INFO] [pingwheel/]: [Ping-Wheel] Init
[10May2026 17:33:10.762] [modloading-worker-0/INFO] [pingwheel/]: [Ping-Wheel] Loaded ServerConfig(defaultChannelMode=auto, playerTrackingEnabled=true, msToRegenerate=1000, rateLimit=5)
[10May2026 17:33:10.850] [modloading-worker-0/INFO] [Puzzles Lib/]: Constructing common components for cutthrough:main
[10May2026 17:33:10.860] [modloading-worker-0/INFO] [net.blay09.mods.balm.neoforge.config.NeoForgeBalmConfig/]: Registering config for waystones:common (COMMON) with 34 properties.
[10May2026 17:33:10.863] [modloading-worker-0/INFO] [Moonlight/]: Sending changed configs to client
[10May2026 17:33:10.949] [modloading-worker-0/INFO] [Puzzles Lib/]: Constructing common components for magnumtorch:main
[10May2026 17:33:11.020] [modloading-worker-0/INFO] [Puzzles Lib/]: Constructing common components for barteringstation:main
[10May2026 17:33:11.057] [modloading-worker-0/INFO] [coroutil/]: neo forge loader environment detected
[10May2026 17:33:11.100] [modloading-worker-0/INFO] [YetAnotherConfigLib/]: Deserializing YACLConfig from '/workspaces/regret/servidor_minecraft/config/yacl.json5'
[10May2026 17:33:11.160] [modloading-worker-0/INFO] [com.simibubi.create.Create/]: Create 6.0.10 initializing! Commit hash: ac0c444d9828da3453ae8cc65338e8de063286fb
[10May2026 17:33:11.179] [modloading-worker-0/INFO] [JamLib/]: Initializing JamLib on NeoForge
[10May2026 17:33:11.197] [modloading-worker-0/INFO] [JamLib/]: Updated config file at /workspaces/regret/servidor_minecraft/config/rightclickharvest.json5
[10May2026 17:33:11.200] [modloading-worker-0/INFO] [Right Click Harvest/]: Initializing Right Click Harvest on NEOFORGE
[10May2026 17:33:11.714] [modloading-worker-0/WARN] [mixin/]: Discarding @Unique public method useItemOn in copycats-common.mixins.json:copycat.step.CopycatStepBlockMixin from mod copycats because it already exists in com.simibubi.create.content.decoration.copycat.CopycatStepBlock
[10May2026 17:33:11.720] [modloading-worker-0/WARN] [mixin/]: Discarding @Unique public method onLoad in copycats-common.mixins.json:foundation.copycat.CopycatBlockEntityMixin from mod copycats because it already exists in com.simibubi.create.content.decoration.copycat.CopycatBlockEntity
[10May2026 17:33:11.724] [modloading-worker-0/WARN] [mixin/]: Discarding @Unique public method useItemOn in copycats-common.mixins.json:copycat.panel.CopycatPanelBlockMixin from mod copycats because it already exists in com.simibubi.create.content.decoration.copycat.CopycatPanelBlock
[10May2026 17:33:11.725] [modloading-worker-0/WARN] [mixin/]: Discarding @Unique public method mirror in copycats-common.mixins.json:copycat.panel.CopycatPanelBlockMixin from mod copycats because it already exists in com.simibubi.create.content.decoration.copycat.CopycatPanelBlock
[10May2026 17:33:11.725] [modloading-worker-0/WARN] [mixin/]: Discarding @Unique public method rotate in copycats-common.mixins.json:copycat.panel.CopycatPanelBlockMixin from mod copycats because it already exists in com.simibubi.create.content.decoration.copycat.CopycatPanelBlock
[10May2026 17:33:13.106] [modloading-sync-worker/INFO] [Diagonal Blocks/]: Constructing shapes for SnowDiagonalFenceBlock[NodeWidth=2.0,ExtensionWidth=2.0,NodeTop=24.0,ExtensionBottom=0.0,ExtensionTop=24.0] took 68ms
[10May2026 17:33:13.160] [modloading-sync-worker/INFO] [Diagonal Blocks/]: Constructing shapes for SnowDiagonalFenceBlock[NodeWidth=2.0,ExtensionWidth=2.0,NodeTop=16.0,ExtensionBottom=0.0,ExtensionTop=16.0] took 49ms
[10May2026 17:33:13.296] [modloading-sync-worker/INFO] [Diagonal Blocks/]: Constructing shapes for SnowDiagonalFenceBlock[NodeWidth=2.0,ExtensionWidth=1.0,NodeTop=16.0,ExtensionBottom=6.0,ExtensionTop=15.0] took 115ms
[10May2026 17:33:13.345] [modloading-sync-worker/INFO] [Diagonal Blocks/]: Constructing shapes for SnowDiagonalWallBlock[NodeWidth=0.0,ExtensionWidth=3.0,NodeTop=24.0,ExtensionBottom=0.0,ExtensionTop=24.0] took 15ms
[10May2026 17:33:13.396] [modloading-sync-worker/INFO] [Diagonal Blocks/]: Constructing shapes for SnowDiagonalWallBlock[NodeWidth=0.0,ExtensionWidth=3.0,NodeTop=0.0,ExtensionBottom=0.0,ExtensionTop=14.0] took 50ms
[10May2026 17:33:13.479] [modloading-sync-worker/INFO] [Diagonal Blocks/]: Constructing shapes for SnowDiagonalWallBlock[NodeWidth=4.0,ExtensionWidth=3.0,NodeTop=16.0,ExtensionBottom=0.0,ExtensionTop=14.0] took 74ms
[10May2026 17:33:13.503] [modloading-sync-worker/INFO] [Diagonal Blocks/]: Constructing shapes for SnowDiagonalWallBlock[NodeWidth=4.0,ExtensionWidth=3.0,NodeTop=24.0,ExtensionBottom=0.0,ExtensionTop=24.0] took 23ms
[10May2026 17:33:13.504] [modloading-sync-worker/INFO] [snownee.kiwi.Kiwi/INIT]: Module [snowrealmagic:diagonalfences] initialized
[10May2026 17:33:13.504] [modloading-sync-worker/INFO] [snownee.kiwi.Kiwi/INIT]: Module [snowrealmagic:core] initialized
[10May2026 17:33:13.504] [modloading-sync-worker/INFO] [snownee.kiwi.Kiwi/INIT]: 		block: 11, block_entity_type: 2, loot_pool_entry_type: 1
[10May2026 17:33:13.505] [modloading-sync-worker/INFO] [snownee.kiwi.Kiwi/INIT]: Module [snowrealmagic:diagonalwalls] initialized
[10May2026 17:33:13.505] [modloading-sync-worker/INFO] [snownee.kiwi.Kiwi/INIT]: Module [kiwi:data] initialized
[10May2026 17:33:13.505] [modloading-sync-worker/INFO] [snownee.kiwi.Kiwi/INIT]: 		recipe_serializer: 2, neoforge:condition_codecs: 2
[10May2026 17:33:13.551] [modloading-sync-worker/INFO] [fzzy_config/]: Loaded config misctweaks:client_config in 10ms
[10May2026 17:33:13.592] [modloading-sync-worker/INFO] [fzzy_config/]: Loaded config zombieimprovements:config in 10ms
[10May2026 17:33:18.337] [modloading-sync-worker/INFO] [Moonlight/]: Initialized block sets in 53ms
[10May2026 17:33:21.796] [modloading-sync-worker/INFO] [villagerapi/]: Registered creative tab for villagerpack 'More Villagers' with 0 items
[10May2026 17:33:25.849] [modloading-sync-worker/INFO] [Moonlight/]: Sending changed configs to client
[10May2026 17:33:25.853] [modloading-sync-worker/INFO] [Moonlight/]: Sending changed configs to client
[10May2026 17:33:25.857] [modloading-sync-worker/INFO] [com.tom.storagemod.StorageMod/]: Loaded Tom's Simple Storage config file toms_storage-common.toml
[10May2026 17:33:25.859] [modloading-sync-worker/INFO] [Puzzles Lib/]: Dispatching loading event for config visualworkbench-common.toml
[10May2026 17:33:25.868] [modloading-sync-worker/INFO] [Puzzles Lib/]: Dispatching loading event for config easymagic-common.toml
[10May2026 17:33:25.880] [modloading-sync-worker/INFO] [Puzzles Lib/]: Dispatching loading event for config easyanvils-common.toml
[10May2026 17:33:25.887] [modloading-sync-worker/INFO] [Puzzles Lib/]: Dispatching loading event for config convenienteffects-common.toml
[10May2026 17:33:25.887] [modloading-sync-worker/INFO] [Puzzles Lib/]: Dispatching loading event for config stoneworks-common.toml
[10May2026 17:33:25.962] [modloading-sync-worker/INFO] [Moonlight/]: Sending changed configs to client
[10May2026 17:33:25.965] [modloading-sync-worker/INFO] [Moonlight/]: Sending changed configs to client
[10May2026 17:33:25.976] [modloading-worker-0/INFO] [xaero.pac.OpenPartiesAndClaims/]: Loading Open Parties and Claims!
[10May2026 17:33:25.983] [modloading-worker-0/INFO] [dev.wuffs.bcc.BetterCompatibilityChecker/]: Better Compatibility Checker setup
[10May2026 17:33:25.983] [NeoForge Version Check/INFO] [net.neoforged.fml.VersionChecker/]: Global NeoForge version check system disabled, no further processing.
[10May2026 17:33:25.985] [modloading-worker-0/INFO] [dev.wuffs.bcc.neoforge.BetterCompatibilityCheckerNeoForge/]: Loaded BetterCompatibilityChecker - Modpack: Better MC [NEOFORGE] 1.21.1 | Version: v50
[10May2026 17:33:25.987] [modloading-worker-0/INFO] [com.tom.storagemod.StorageMod/]: Tom's Storage Setup starting
[10May2026 17:33:26.018] [modloading-worker-0/INFO] [com.structureessentials.StructureEssentials/]: structureessentials mod initialized
[10May2026 17:33:26.018] [modloading-worker-0/INFO] [com.lootintegrations.LootintegrationsMod/]: lootintegrations mod initialized
[10May2026 17:33:26.021] [modloading-worker-0/INFO] [xaero.lib.XaeroLib/]: Loading XaeroLib common 1/2!
[10May2026 17:33:26.071] [modloading-worker-0/INFO] [terrablender/]: Registered region minecraft:overworld to index 0 for type OVERWORLD
[10May2026 17:33:26.072] [modloading-worker-0/INFO] [terrablender/]: Registered region minecraft:nether to index 0 for type NETHER
[10May2026 17:33:26.072] [modloading-worker-0/INFO] [terrablender/]: Registered region aether:the_aether to index 0 for type THE_AETHER
[10May2026 17:33:26.072] [modloading-worker-0/INFO] [terrablender/]: Registered region vanillabackport:overworld to index 1 for type OVERWORLD
[10May2026 17:33:26.114] [modloading-worker-0/INFO] [com.yanny.ali.neoforge.platform.NeoForgePlatformHelper/]: Registered ALI plugin [supplementaries] com.yanny.ali.plugin.mods.supplementaries.Plugin
[10May2026 17:33:26.115] [modloading-worker-0/INFO] [com.chunksending.ChunkSending/]: chunksending mod initialized
[10May2026 17:33:26.115] [modloading-worker-0/INFO] [com.yanny.ali.neoforge.platform.NeoForgePlatformHelper/]: Registered ALI plugin [snowrealmagic] com.yanny.ali.plugin.mods.snow_real_magic.Plugin
[10May2026 17:33:26.116] [modloading-worker-0/INFO] [com.yanny.ali.neoforge.platform.NeoForgePlatformHelper/]: Registered ALI plugin [sawmill] com.yanny.ali.plugin.mods.sawmill.Plugin
[10May2026 17:33:26.116] [modloading-worker-0/INFO] [com.yanny.ali.neoforge.platform.NeoForgePlatformHelper/]: Registered ALI plugin [repurposed_structures] com.yanny.ali.plugin.mods.repurposed_structures.Plugin
[10May2026 17:33:26.117] [modloading-worker-0/INFO] [com.yanny.ali.neoforge.platform.NeoForgePlatformHelper/]: Registered ALI plugin [moonlight] com.yanny.ali.plugin.mods.moonlight.Plugin
[10May2026 17:33:26.121] [modloading-worker-0/INFO] [com.yanny.ali.neoforge.platform.NeoForgePlatformHelper/]: Registered ALI plugin [deeperdarker] com.yanny.ali.plugin.mods.deeper_and_darker.Plugin
[10May2026 17:33:26.121] [modloading-worker-0/INFO] [com.connectivity.Connectivity/]: Connectivity initialized
[10May2026 17:33:26.126] [modloading-worker-0/INFO] [com.yanny.ali.neoforge.platform.NeoForgePlatformHelper/]: Registered ALI plugin [aether] com.yanny.ali.plugin.mods.aether.Plugin
[10May2026 17:33:26.134] [modloading-worker-0/INFO] [com.yanny.ali.neoforge.platform.NeoForgePlatformHelper/]: Registered ALI plugin [ali] com.yanny.ali.plugin.Plugin
[10May2026 17:33:26.138] [modloading-worker-0/INFO] [com.yanny.ali.neoforge.platform.NeoForgePlatformHelper/]: Registered ALI plugin [farmersdelight] com.yanny.ali.neoforge.plugin.mods.farmers_delight.Plugin
[10May2026 17:33:26.142] [modloading-worker-0/INFO] [com.yanny.ali.neoforge.platform.NeoForgePlatformHelper/]: Registered ALI plugin [neoforge] com.yanny.ali.neoforge.plugin.NeoForgePlugin
[10May2026 17:33:26.153] [modloading-worker-0/INFO] [com.yanny.ali.neoforge.platform.NeoForgePlatformHelper/]: Found 10 plugin(s)
[10May2026 17:33:26.155] [modloading-worker-0/INFO] [com.yanny.aci.manager.CorePluginManager/]: Registering common plugin data...
[10May2026 17:33:26.157] [modloading-worker-0/INFO] [com.yanny.ali.configuration.ConfigUtils/]: Loading configuration file /workspaces/regret/servidor_minecraft/config/ali/ali_common.json
[10May2026 17:33:26.180] [modloading-worker-0/INFO] [FTB XMod Compat/]: Chose [Entity Tags] as the active game stages implementation
[10May2026 17:33:26.184] [modloading-worker-0/INFO] [FTB XMod Compat/]: Chose [FALLBACK] as the active permissions implementation
[10May2026 17:33:26.185] [modloading-worker-0/INFO] [FTB Library/]: Setting permissions currency implementation to: <NONE>
[10May2026 17:33:26.188] [modloading-worker-0/INFO] [FTB XMod Compat/]: Chose [<NONE>] as the active currency implementation
[10May2026 17:33:26.190] [modloading-worker-0/INFO] [FTB XMod Compat/]: [FTB Quests] recipe helper provider is [JEI]
[10May2026 17:33:26.192] [modloading-worker-0/INFO] [com.yanny.aci.manager.ManagedRegistry/]: Registered 1 entity variants
[10May2026 17:33:26.192] [modloading-worker-0/INFO] [com.yanny.aci.manager.CorePluginManager/]: Registering common plugin data finished
[10May2026 17:33:26.194] [modloading-worker-0/INFO] [FTB XMod Compat/]: [FTB Quests] Enabled FTB Filter System integration
[10May2026 17:33:26.300] [modloading-sync-worker/INFO] [Supplementaries/]: Finished mod setup in: [1, 0, 2, 0, 0, 0] ms
[10May2026 17:33:26.423] [modloading-sync-worker/INFO] [terrablender/]: Registered region biomeswevegone:region_0 to index 2 for type OVERWORLD
[10May2026 17:33:26.424] [modloading-sync-worker/INFO] [terrablender/]: Registered region biomeswevegone:region_1 to index 3 for type OVERWORLD
[10May2026 17:33:26.424] [modloading-sync-worker/INFO] [terrablender/]: Registered region biomeswevegone:region_2 to index 4 for type OVERWORLD
[10May2026 17:33:26.448] [modloading-sync-worker/INFO] [Framework/SYNCED_ENTITY_DATA]: Registered synced data key backpacked:unlock_tracker for minecraft:player
[10May2026 17:33:26.448] [modloading-sync-worker/INFO] [Framework/SYNCED_ENTITY_DATA]: Registered synced data key backpacked:trader_pickpocketing for minecraft:wandering_trader
[10May2026 17:33:26.523] [modloading-sync-worker/WARN] [io.wispforest.accessories.api.AccessoriesAPI/]: [AccessoriesAPI]: A SlotBasedPredicate attempted to be registered but a duplicate entry existed already! [Id: inmis:backpack]
[10May2026 17:33:26.529] [modloading-sync-worker/INFO] [terrablender/]: Registered region deep_aether:deep_aether to index 1 for type THE_AETHER
[10May2026 17:33:26.529] [modloading-sync-worker/INFO] [terrablender/]: Registered region deep_aether:rare to index 2 for type THE_AETHER
[10May2026 17:33:26.675] [modloading-sync-worker/INFO] [Moonlight/]: Initialized color sets in 77ms
[10May2026 17:33:26.676] [modloading-sync-worker/ERROR] [Moonlight/]: Fabric API detected! This is not a Fabric mod, so please don't report related issues to MoonlightLib or its dependent(s). This can usually happen when using Connector, or when using a mod that does NOT have a native Neoforge implementation. This can easily lead to poor compatibility and other bizarre issues. Proceed at your own risk. 
 Mods that bundle Fabric API: [forgified-fabric-api-0.116.7+2.2.4+1.21.1.jar]
[10May2026 17:33:26.677] [modloading-sync-worker/INFO] [terrablender/]: Registered region gardens_of_the_dead:nether to index 1 for type NETHER
[10May2026 17:33:26.698] [modloading-worker-0/INFO] [Hybrid Aquatic/]: Server starting...
[10May2026 17:33:26.698] [modloading-worker-0/INFO] [xaero.lib.XaeroLib/]: Loading XaeroLib server 1/2!
[10May2026 17:33:26.700] [modloading-worker-0/INFO] [xaero.minimap.XaeroMinimap/]: Loading Xaero's Minimap - Stage 1/2 (Server)
[10May2026 17:33:26.700] [modloading-worker-0/INFO] [xaero.map.server.WorldMapServer/]: Loading Xaero's World Map - Stage 1/2 (Server)
[10May2026 17:33:26.702] [modloading-sync-worker/INFO] [xaero.lib.XaeroLib/]: Loading XaeroLib common 2/2!
[10May2026 17:33:26.702] [modloading-sync-worker/INFO] [xaero.lib.XaeroLib/]: Loading XaeroLib server 2/2!
[10May2026 17:33:26.703] [modloading-sync-worker/INFO] [xaero.minimap.XaeroMinimap/]: Loading Xaero's Minimap - Stage 2/2 (Server)
[10May2026 17:33:26.703] [modloading-sync-worker/INFO] [xaero.map.server.WorldMapServer/]: Loading Xaero's World Map - Stage 2/2 (Server)
[10May2026 17:33:26.843] [modloading-sync-worker/WARN] [mixin/]: @Redirect conflict. Skipping mixins.redirected_neoforge_1.21.1.json:net.minecraft.world.level.block.state.CacheMixin from mod redirected->@Redirect::redirectSupportTypes()[Lnet/minecraft/world/level/block/SupportType; with priority 10, already redirected by modernfix-common.mixins.json:perf.cache_blockstate_cache_arrays.AbstractBlockStateCacheMixin from mod modernfix->@Redirect::getVoxelShapeValues()[Lnet/minecraft/world/level/block/SupportType; with priority 1000
[10May2026 17:33:26.851] [modloading-sync-worker/WARN] [mixin/]: @Redirect conflict. Skipping mixins.redirected_neoforge_1.21.1.json:net.minecraft.world.level.block.piston.PistonStructureResolverMixin from mod redirected->@Redirect::redirectDirections()[Lnet/minecraft/core/Direction; with priority 10, already redirected by lithium.mixins.json:alloc.enum_values.piston_handler.PistonStructureResolverMixin from mod lithium->@Redirect::removeAllocation()[Lnet/minecraft/core/Direction; with priority 1000
[10May2026 17:33:26.976] [modloading-sync-worker/WARN] [mixin/]: Static binding violation: PRIVATE @Overwrite method readChunk in c2me-rewrites-chunk-system.mixins.json:async_serialization.MixinThreadedAnvilChunkStorage from mod c2me_rewrites_chunk_system cannot reduce visibiliy of PUBLIC target method, visibility will be upgraded.
[10May2026 17:33:26.990] [modloading-sync-worker/WARN] [mixin/]: @Redirect conflict. Skipping smoothchunk.mixins.json:ChunkMapSlowUnload from mod smoothchunk->@Redirect::getSize(Ljava/util/Queue;)I with priority 1000, already redirected by c2me-opts-scheduling.mixins.json:general_overheads.MixinThreadedAnvilChunkStorage from mod c2me_opts_scheduling->@Redirect::redirectUnloadSize(Ljava/util/Queue;)I with priority 1100
[10May2026 17:33:27.290] [modloading-sync-worker/INFO] [com.cupboard.Cupboard/]: Loaded config for: connectivity.json
[10May2026 17:33:27.307] [modloading-worker-0/INFO] [com.mrh0.createaddition.CreateAddition/]: Create Crafts & Additions Initialized!
[10May2026 17:33:27.316] [modloading-worker-0/WARN] [villagerapi/]: PLAINS villager type not found in EmeraldsForVillagerTypeItem trade map, cannot add fallbacks
[10May2026 17:33:27.354] [modloading-worker-0/INFO] [snownee.jade.Jade/]: Start loading plugin from snownee.snow.compat.jade.JadeCompat
[10May2026 17:33:27.363] [modloading-worker-0/INFO] [snownee.jade.Jade/]: Start loading plugin from net.mehvahdjukaar.supplementaries.integration.JadeCompat
[10May2026 17:33:27.364] [modloading-worker-0/INFO] [snownee.jade.Jade/]: Start loading plugin from com.tom.storagemod.jade.JadePlugin
[10May2026 17:33:27.366] [modloading-worker-0/INFO] [snownee.jade.Jade/]: Start loading plugin from snownee.kiwi.customization.compat.jade.JadeCompat
[10May2026 17:33:27.366] [modloading-worker-0/INFO] [snownee.jade.Jade/]: Start loading plugin from net.blay09.mods.balm.neoforge.compat.hudinfo.NeoForgeJadeModCompat
[10May2026 17:33:27.367] [modloading-worker-0/INFO] [snownee.jade.Jade/]: Start loading plugin from snownee.jade.addon.JadeAddonsBase
[10May2026 17:33:27.372] [modloading-worker-0/INFO] [snownee.jade.Jade/]: Start loading plugin from com.dooji.underlay.client.jade.UnderlayJadePlugin
[10May2026 17:33:27.372] [modloading-worker-0/INFO] [snownee.jade.Jade/]: Start loading plugin from com.aetherteam.aether.integration.jade.AetherJadePlugin
[10May2026 17:33:27.373] [modloading-worker-0/INFO] [snownee.jade.Jade/]: Start loading plugin from twilightforest.compat.jade.JadeCompat
[10May2026 17:33:27.373] [modloading-worker-0/INFO] [snownee.jade.Jade/]: Start loading plugin from dev.ftb.mods.ftbxmodcompat.generic.jade.JadePlugin
[10May2026 17:33:27.374] [modloading-worker-0/INFO] [snownee.jade.Jade/]: Start loading plugin from net.blay09.mods.waystones.compat.JadeIntegration
[10May2026 17:33:27.374] [modloading-worker-0/INFO] [snownee.jade.Jade/]: Start loading plugin from snownee.jade.addon.vanilla.VanillaPlugin
[10May2026 17:33:27.386] [modloading-worker-0/INFO] [snownee.jade.Jade/]: Start loading plugin from snownee.jade.addon.universal.UniversalPlugin
[10May2026 17:33:27.390] [modloading-worker-0/INFO] [snownee.jade.Jade/]: Start loading plugin from snownee.jade.addon.debug.DebugPlugin
[10May2026 17:33:27.390] [modloading-worker-0/INFO] [snownee.jade.Jade/]: Start loading plugin from snownee.jade.addon.core.CorePlugin
[10May2026 17:33:27.391] [modloading-worker-0/INFO] [snownee.jade.Jade/]: Start loading plugin from snownee.jade.addon.access.AccessibilityPlugin
[10May2026 17:33:27.527] [modloading-sync-worker/INFO] [CorgiLib/]: Initializing network...
[10May2026 17:33:27.535] [modloading-sync-worker/INFO] [CorgiLib/]: Initialized network!
[10May2026 17:33:27.849] [main/INFO] [com.mojang.authlib.yggdrasil.YggdrasilAuthenticationService/]: Environment: Environment[sessionHost=https://sessionserver.mojang.com, servicesHost=https://api.minecraftservices.com, name=PROD]
[10May2026 17:33:28.014] [main/WARN] [net.minecraft.server.packs.VanillaPackResourcesBuilder/]: Assets URL 'union:/workspaces/regret/servidor_minecraft/libraries/net/minecraft/server/1.21.1-20240808.144430/server-1.21.1-20240808.144430-srg.jar%23413!/assets/.mcassetsroot' uses unexpected schema
[10May2026 17:33:28.014] [main/WARN] [net.minecraft.server.packs.VanillaPackResourcesBuilder/]: Assets URL 'union:/workspaces/regret/servidor_minecraft/libraries/net/minecraft/server/1.21.1-20240808.144430/server-1.21.1-20240808.144430-srg.jar%23413!/data/.mcassetsroot' uses unexpected schema
[10May2026 17:33:28.444] [main/INFO] [com.simibubi.create.Create/]: Created 791 recipes which will be injected into the game
[10May2026 17:33:28.461] [main/INFO] [com.simibubi.create.Create/]: Created 18 tags which will be injected into the game
[10May2026 17:33:28.553] [main/ERROR] [net.minecraft.server.packs.PathPackResources/]: Invalid path : Invalid path ''
[10May2026 17:33:28.553] [main/ERROR] [net.minecraft.server.packs.PathPackResources/]: Invalid path : Invalid path ''
[10May2026 17:33:28.553] [main/ERROR] [net.minecraft.server.packs.PathPackResources/]: Invalid path : Invalid path ''
[10May2026 17:33:28.554] [main/ERROR] [net.minecraft.server.packs.PathPackResources/]: Invalid path : Invalid path ''
[10May2026 17:33:28.555] [main/ERROR] [net.minecraft.server.packs.PathPackResources/]: Invalid path : Invalid path ''
[10May2026 17:33:28.555] [main/ERROR] [net.minecraft.server.packs.PathPackResources/]: Invalid path : Invalid path ''
[10May2026 17:33:28.555] [main/ERROR] [net.minecraft.server.packs.PathPackResources/]: Invalid path : Invalid path ''
[10May2026 17:33:28.556] [main/ERROR] [net.minecraft.server.packs.PathPackResources/]: Invalid path : Invalid path ''
[10May2026 17:33:28.556] [main/ERROR] [net.minecraft.server.packs.PathPackResources/]: Invalid path : Invalid path ''
[10May2026 17:33:28.557] [main/ERROR] [net.minecraft.server.packs.PathPackResources/]: Invalid path : Invalid path ''
[10May2026 17:33:28.558] [main/ERROR] [net.minecraft.server.packs.PathPackResources/]: Invalid path : Invalid path ''
[10May2026 17:33:28.558] [main/ERROR] [net.minecraft.server.packs.PathPackResources/]: Invalid path : Invalid path ''
[10May2026 17:33:28.558] [main/ERROR] [net.minecraft.server.packs.PathPackResources/]: Invalid path : Invalid path ''
[10May2026 17:33:28.558] [main/ERROR] [net.minecraft.server.packs.PathPackResources/]: Invalid path : Invalid path ''
[10May2026 17:33:28.559] [main/ERROR] [net.minecraft.server.packs.PathPackResources/]: Invalid path : Invalid path ''
[10May2026 17:33:28.559] [main/ERROR] [net.minecraft.server.packs.PathPackResources/]: Invalid path : Invalid path ''
[10May2026 17:33:28.559] [main/ERROR] [net.minecraft.server.packs.PathPackResources/]: Invalid path : Invalid path ''
[10May2026 17:33:28.559] [main/ERROR] [net.minecraft.server.packs.PathPackResources/]: Invalid path : Invalid path ''
[10May2026 17:33:28.560] [main/ERROR] [net.minecraft.server.packs.PathPackResources/]: Invalid path : Invalid path ''
[10May2026 17:33:28.560] [main/ERROR] [net.minecraft.server.packs.PathPackResources/]: Invalid path : Invalid path ''
[10May2026 17:33:28.561] [main/ERROR] [net.minecraft.server.packs.PathPackResources/]: Invalid path : Invalid path ''
[10May2026 17:33:28.561] [main/ERROR] [net.minecraft.server.packs.PathPackResources/]: Invalid path : Invalid path ''
[10May2026 17:33:28.562] [main/ERROR] [net.minecraft.server.packs.PathPackResources/]: Invalid path : Invalid path ''
[10May2026 17:33:28.562] [main/ERROR] [net.minecraft.server.packs.PathPackResources/]: Invalid path : Invalid path ''
[10May2026 17:33:28.562] [main/ERROR] [net.minecraft.server.packs.PathPackResources/]: Invalid path : Invalid path ''
[10May2026 17:33:28.563] [main/ERROR] [net.minecraft.server.packs.PathPackResources/]: Invalid path : Invalid path ''
[10May2026 17:33:28.563] [main/ERROR] [net.minecraft.server.packs.PathPackResources/]: Invalid path : Invalid path ''
[10May2026 17:33:28.563] [main/ERROR] [net.minecraft.server.packs.PathPackResources/]: Invalid path : Invalid path ''
[10May2026 17:33:28.563] [main/ERROR] [net.minecraft.server.packs.PathPackResources/]: Invalid path : Invalid path ''
[10May2026 17:33:28.564] [main/ERROR] [net.minecraft.server.packs.PathPackResources/]: Invalid path : Invalid path ''
[10May2026 17:33:28.564] [main/ERROR] [net.minecraft.server.packs.PathPackResources/]: Invalid path : Invalid path ''
[10May2026 17:33:28.565] [main/ERROR] [net.minecraft.server.packs.PathPackResources/]: Invalid path : Invalid path ''
[10May2026 17:33:28.565] [main/ERROR] [net.minecraft.server.packs.PathPackResources/]: Invalid path : Invalid path ''
[10May2026 17:33:28.566] [main/ERROR] [net.minecraft.server.packs.PathPackResources/]: Invalid path : Invalid path ''
[10May2026 17:33:28.566] [main/ERROR] [net.minecraft.server.packs.PathPackResources/]: Invalid path : Invalid path ''
[10May2026 17:33:28.566] [main/ERROR] [net.minecraft.server.packs.PathPackResources/]: Invalid path : Invalid path ''
[10May2026 17:33:28.566] [main/ERROR] [net.minecraft.server.packs.PathPackResources/]: Invalid path : Invalid path ''
[10May2026 17:33:28.567] [main/ERROR] [net.minecraft.server.packs.PathPackResources/]: Invalid path : Invalid path ''
[10May2026 17:33:28.567] [main/ERROR] [net.minecraft.server.packs.PathPackResources/]: Invalid path : Invalid path ''
[10May2026 17:33:28.567] [main/ERROR] [net.minecraft.server.packs.PathPackResources/]: Invalid path : Invalid path ''
[10May2026 17:33:28.568] [main/ERROR] [net.minecraft.server.packs.PathPackResources/]: Invalid path : Invalid path ''
[10May2026 17:33:28.568] [main/ERROR] [net.minecraft.server.packs.PathPackResources/]: Invalid path : Invalid path ''
[10May2026 17:33:28.569] [main/ERROR] [net.minecraft.server.packs.PathPackResources/]: Invalid path : Invalid path ''
[10May2026 17:33:28.569] [main/ERROR] [net.minecraft.server.packs.PathPackResources/]: Invalid path : Invalid path ''
[10May2026 17:33:28.569] [main/ERROR] [net.minecraft.server.packs.PathPackResources/]: Invalid path : Invalid path ''
[10May2026 17:33:28.572] [main/ERROR] [net.minecraft.server.packs.PathPackResources/]: Invalid path : Invalid path ''
[10May2026 17:33:28.572] [main/ERROR] [net.minecraft.server.packs.PathPackResources/]: Invalid path : Invalid path ''
[10May2026 17:33:28.572] [main/ERROR] [net.minecraft.server.packs.PathPackResources/]: Invalid path : Invalid path ''
[10May2026 17:33:28.572] [main/ERROR] [net.minecraft.server.packs.PathPackResources/]: Invalid path : Invalid path ''
[10May2026 17:33:28.573] [main/ERROR] [net.minecraft.server.packs.PathPackResources/]: Invalid path : Invalid path ''
[10May2026 17:33:28.574] [main/ERROR] [net.minecraft.server.packs.PathPackResources/]: Invalid path : Invalid path ''
[10May2026 17:33:28.574] [main/ERROR] [net.minecraft.server.packs.PathPackResources/]: Invalid path : Invalid path ''
[10May2026 17:33:28.574] [main/ERROR] [net.minecraft.server.packs.PathPackResources/]: Invalid path : Invalid path ''
[10May2026 17:33:28.575] [main/ERROR] [net.minecraft.server.packs.PathPackResources/]: Invalid path : Invalid path ''
[10May2026 17:33:28.575] [main/ERROR] [net.minecraft.server.packs.PathPackResources/]: Invalid path : Invalid path ''
[10May2026 17:33:28.577] [main/ERROR] [net.minecraft.server.packs.PathPackResources/]: Invalid path : Invalid path ''
[10May2026 17:33:28.577] [main/ERROR] [net.minecraft.server.packs.PathPackResources/]: Invalid path : Invalid path ''
[10May2026 17:33:28.578] [main/ERROR] [net.minecraft.server.packs.PathPackResources/]: Invalid path : Invalid path ''
[10May2026 17:33:28.578] [main/ERROR] [net.minecraft.server.packs.PathPackResources/]: Invalid path : Invalid path ''
[10May2026 17:33:28.578] [main/ERROR] [net.minecraft.server.packs.PathPackResources/]: Invalid path : Invalid path ''
[10May2026 17:33:28.579] [main/ERROR] [net.minecraft.server.packs.PathPackResources/]: Invalid path : Invalid path ''
[10May2026 17:33:28.579] [main/ERROR] [net.minecraft.server.packs.PathPackResources/]: Invalid path : Invalid path ''
[10May2026 17:33:28.579] [main/ERROR] [net.minecraft.server.packs.PathPackResources/]: Invalid path : Invalid path ''
[10May2026 17:33:28.580] [main/ERROR] [net.minecraft.server.packs.PathPackResources/]: Invalid path : Invalid path ''
[10May2026 17:33:28.580] [main/ERROR] [net.minecraft.server.packs.PathPackResources/]: Invalid path : Invalid path ''
[10May2026 17:33:28.580] [main/ERROR] [net.minecraft.server.packs.PathPackResources/]: Invalid path : Invalid path ''
[10May2026 17:33:28.581] [main/ERROR] [net.minecraft.server.packs.PathPackResources/]: Invalid path : Invalid path ''
[10May2026 17:33:28.582] [main/ERROR] [net.minecraft.server.packs.PathPackResources/]: Invalid path : Invalid path ''
[10May2026 17:33:28.582] [main/ERROR] [net.minecraft.server.packs.PathPackResources/]: Invalid path : Invalid path ''
[10May2026 17:33:28.582] [main/ERROR] [net.minecraft.server.packs.PathPackResources/]: Invalid path : Invalid path ''
[10May2026 17:33:28.583] [main/ERROR] [net.minecraft.server.packs.PathPackResources/]: Invalid path : Invalid path ''
[10May2026 17:33:28.583] [main/ERROR] [net.minecraft.server.packs.PathPackResources/]: Invalid path : Invalid path ''
[10May2026 17:33:28.584] [main/ERROR] [net.minecraft.server.packs.PathPackResources/]: Invalid path : Invalid path ''
[10May2026 17:33:28.584] [main/ERROR] [net.minecraft.server.packs.PathPackResources/]: Invalid path : Invalid path ''
[10May2026 17:33:28.585] [main/ERROR] [net.minecraft.server.packs.PathPackResources/]: Invalid path : Invalid path ''
[10May2026 17:33:28.585] [main/ERROR] [net.minecraft.server.packs.PathPackResources/]: Invalid path : Invalid path ''
[10May2026 17:33:28.585] [main/ERROR] [net.minecraft.server.packs.PathPackResources/]: Invalid path : Invalid path ''
[10May2026 17:33:28.586] [main/ERROR] [net.minecraft.server.packs.PathPackResources/]: Invalid path : Invalid path ''
[10May2026 17:33:28.586] [main/ERROR] [net.minecraft.server.packs.PathPackResources/]: Invalid path : Invalid path ''
[10May2026 17:33:28.586] [main/ERROR] [net.minecraft.server.packs.PathPackResources/]: Invalid path : Invalid path ''
[10May2026 17:33:28.587] [main/ERROR] [net.minecraft.server.packs.PathPackResources/]: Invalid path : Invalid path ''
[10May2026 17:33:28.587] [main/ERROR] [net.minecraft.server.packs.PathPackResources/]: Invalid path : Invalid path ''
[10May2026 17:33:28.587] [main/ERROR] [net.minecraft.server.packs.PathPackResources/]: Invalid path : Invalid path ''
[10May2026 17:33:28.588] [main/ERROR] [net.minecraft.server.packs.PathPackResources/]: Invalid path : Invalid path ''
[10May2026 17:33:28.588] [main/ERROR] [net.minecraft.server.packs.PathPackResources/]: Invalid path : Invalid path ''
[10May2026 17:33:28.588] [main/ERROR] [net.minecraft.server.packs.PathPackResources/]: Invalid path : Invalid path ''
[10May2026 17:33:28.588] [main/ERROR] [net.minecraft.server.packs.PathPackResources/]: Invalid path : Invalid path ''
[10May2026 17:33:28.588] [main/ERROR] [net.minecraft.server.packs.PathPackResources/]: Invalid path : Invalid path ''
[10May2026 17:33:28.589] [main/ERROR] [net.minecraft.server.packs.PathPackResources/]: Invalid path : Invalid path ''
[10May2026 17:33:28.589] [main/ERROR] [net.minecraft.server.packs.PathPackResources/]: Invalid path : Invalid path ''
[10May2026 17:33:28.590] [main/ERROR] [net.minecraft.server.packs.PathPackResources/]: Invalid path : Invalid path ''
[10May2026 17:33:28.590] [main/ERROR] [net.minecraft.server.packs.PathPackResources/]: Invalid path : Invalid path ''
[10May2026 17:33:28.590] [main/ERROR] [net.minecraft.server.packs.PathPackResources/]: Invalid path : Invalid path ''
[10May2026 17:33:28.590] [main/ERROR] [net.minecraft.server.packs.PathPackResources/]: Invalid path : Invalid path ''
[10May2026 17:33:28.590] [main/ERROR] [net.minecraft.server.packs.PathPackResources/]: Invalid path : Invalid path ''
[10May2026 17:33:28.591] [main/ERROR] [net.minecraft.server.packs.PathPackResources/]: Invalid path : Invalid path ''
[10May2026 17:33:28.591] [main/ERROR] [net.minecraft.server.packs.PathPackResources/]: Invalid path : Invalid path ''
[10May2026 17:33:28.592] [main/ERROR] [net.minecraft.server.packs.PathPackResources/]: Invalid path : Invalid path ''
[10May2026 17:33:28.592] [main/ERROR] [net.minecraft.server.packs.PathPackResources/]: Invalid path : Invalid path ''
[10May2026 17:33:28.592] [main/ERROR] [net.minecraft.server.packs.PathPackResources/]: Invalid path : Invalid path ''
[10May2026 17:33:28.592] [main/ERROR] [net.minecraft.server.packs.PathPackResources/]: Invalid path : Invalid path ''
[10May2026 17:33:28.593] [main/ERROR] [net.minecraft.server.packs.PathPackResources/]: Invalid path : Invalid path ''
[10May2026 17:33:28.593] [main/ERROR] [net.minecraft.server.packs.PathPackResources/]: Invalid path : Invalid path ''
[10May2026 17:33:28.593] [main/ERROR] [net.minecraft.server.packs.PathPackResources/]: Invalid path : Invalid path ''
[10May2026 17:33:28.594] [main/ERROR] [net.minecraft.server.packs.PathPackResources/]: Invalid path : Invalid path ''
[10May2026 17:33:28.594] [main/ERROR] [net.minecraft.server.packs.PathPackResources/]: Invalid path : Invalid path ''
[10May2026 17:33:28.594] [main/ERROR] [net.minecraft.server.packs.PathPackResources/]: Invalid path : Invalid path ''
[10May2026 17:33:28.594] [main/ERROR] [net.minecraft.server.packs.PathPackResources/]: Invalid path : Invalid path ''
[10May2026 17:33:28.595] [main/ERROR] [net.minecraft.server.packs.PathPackResources/]: Invalid path : Invalid path ''
[10May2026 17:33:28.596] [main/ERROR] [net.minecraft.server.packs.PathPackResources/]: Invalid path : Invalid path ''
[10May2026 17:33:28.598] [main/ERROR] [net.minecraft.server.packs.PathPackResources/]: Invalid path : Invalid path ''
[10May2026 17:33:28.598] [main/ERROR] [net.minecraft.server.packs.PathPackResources/]: Invalid path : Invalid path ''
[10May2026 17:33:28.598] [main/ERROR] [net.minecraft.server.packs.PathPackResources/]: Invalid path : Invalid path ''
[10May2026 17:33:28.598] [main/ERROR] [net.minecraft.server.packs.PathPackResources/]: Invalid path : Invalid path ''
[10May2026 17:33:28.599] [main/ERROR] [net.minecraft.server.packs.PathPackResources/]: Invalid path : Invalid path ''
[10May2026 17:33:28.599] [main/ERROR] [net.minecraft.server.packs.PathPackResources/]: Invalid path : Invalid path ''
[10May2026 17:33:28.599] [main/ERROR] [net.minecraft.server.packs.PathPackResources/]: Invalid path : Invalid path ''
[10May2026 17:33:28.600] [main/ERROR] [net.minecraft.server.packs.PathPackResources/]: Invalid path : Invalid path ''
[10May2026 17:33:28.600] [main/ERROR] [net.minecraft.server.packs.PathPackResources/]: Invalid path : Invalid path ''
[10May2026 17:33:28.600] [main/ERROR] [net.minecraft.server.packs.PathPackResources/]: Invalid path : Invalid path ''
[10May2026 17:33:28.600] [main/ERROR] [net.minecraft.server.packs.PathPackResources/]: Invalid path : Invalid path ''
[10May2026 17:33:28.601] [main/ERROR] [net.minecraft.server.packs.PathPackResources/]: Invalid path : Invalid path ''
[10May2026 17:33:28.602] [main/ERROR] [net.minecraft.server.packs.PathPackResources/]: Invalid path : Invalid path ''
[10May2026 17:33:28.603] [main/ERROR] [net.minecraft.server.packs.PathPackResources/]: Invalid path : Invalid path ''
[10May2026 17:33:28.604] [main/ERROR] [net.minecraft.server.packs.PathPackResources/]: Invalid path : Invalid path ''
[10May2026 17:33:28.604] [main/ERROR] [net.minecraft.server.packs.PathPackResources/]: Invalid path : Invalid path ''
[10May2026 17:33:28.604] [main/ERROR] [net.minecraft.server.packs.PathPackResources/]: Invalid path : Invalid path ''
[10May2026 17:33:28.605] [main/ERROR] [net.minecraft.server.packs.PathPackResources/]: Invalid path : Invalid path ''
[10May2026 17:33:28.605] [main/ERROR] [net.minecraft.server.packs.PathPackResources/]: Invalid path : Invalid path ''
[10May2026 17:33:28.605] [main/ERROR] [net.minecraft.server.packs.PathPackResources/]: Invalid path : Invalid path ''
[10May2026 17:33:28.606] [main/ERROR] [net.minecraft.server.packs.PathPackResources/]: Invalid path : Invalid path ''
[10May2026 17:33:28.606] [main/ERROR] [net.minecraft.server.packs.PathPackResources/]: Invalid path : Invalid path ''
[10May2026 17:33:28.606] [main/ERROR] [net.minecraft.server.packs.PathPackResources/]: Invalid path : Invalid path ''
[10May2026 17:33:28.607] [main/ERROR] [net.minecraft.server.packs.PathPackResources/]: Invalid path : Invalid path ''
[10May2026 17:33:28.607] [main/ERROR] [net.minecraft.server.packs.PathPackResources/]: Invalid path : Invalid path ''
[10May2026 17:33:28.607] [main/ERROR] [net.minecraft.server.packs.PathPackResources/]: Invalid path : Invalid path ''
[10May2026 17:33:28.608] [main/ERROR] [net.minecraft.server.packs.PathPackResources/]: Invalid path : Invalid path ''
[10May2026 17:33:28.608] [main/ERROR] [net.minecraft.server.packs.PathPackResources/]: Invalid path : Invalid path ''
[10May2026 17:33:28.608] [main/ERROR] [net.minecraft.server.packs.PathPackResources/]: Invalid path : Invalid path ''
[10May2026 17:33:28.609] [main/ERROR] [net.minecraft.server.packs.PathPackResources/]: Invalid path : Invalid path ''
[10May2026 17:33:28.609] [main/ERROR] [net.minecraft.server.packs.PathPackResources/]: Invalid path : Invalid path ''
[10May2026 17:33:28.609] [main/ERROR] [net.minecraft.server.packs.PathPackResources/]: Invalid path : Invalid path ''
[10May2026 17:33:28.609] [main/ERROR] [net.minecraft.server.packs.PathPackResources/]: Invalid path : Invalid path ''
[10May2026 17:33:28.610] [main/ERROR] [net.minecraft.server.packs.PathPackResources/]: Invalid path : Invalid path ''
[10May2026 17:33:28.610] [main/ERROR] [net.minecraft.server.packs.PathPackResources/]: Invalid path : Invalid path ''
[10May2026 17:33:28.610] [main/ERROR] [net.minecraft.server.packs.PathPackResources/]: Invalid path : Invalid path ''
[10May2026 17:33:28.610] [main/ERROR] [net.minecraft.server.packs.PathPackResources/]: Invalid path : Invalid path ''
[10May2026 17:33:28.611] [main/ERROR] [net.minecraft.server.packs.PathPackResources/]: Invalid path : Invalid path ''
[10May2026 17:33:28.611] [main/ERROR] [net.minecraft.server.packs.PathPackResources/]: Invalid path : Invalid path ''
[10May2026 17:33:28.611] [main/ERROR] [net.minecraft.server.packs.PathPackResources/]: Invalid path : Invalid path ''
[10May2026 17:33:28.611] [main/ERROR] [net.minecraft.server.packs.PathPackResources/]: Invalid path : Invalid path ''
[10May2026 17:33:28.612] [main/ERROR] [net.minecraft.server.packs.PathPackResources/]: Invalid path : Invalid path ''
[10May2026 17:33:28.612] [main/ERROR] [net.minecraft.server.packs.PathPackResources/]: Invalid path : Invalid path ''
[10May2026 17:33:28.612] [main/ERROR] [net.minecraft.server.packs.PathPackResources/]: Invalid path : Invalid path ''
[10May2026 17:33:28.613] [main/ERROR] [net.minecraft.server.packs.PathPackResources/]: Invalid path : Invalid path ''
[10May2026 17:33:28.613] [main/ERROR] [net.minecraft.server.packs.PathPackResources/]: Invalid path : Invalid path ''
[10May2026 17:33:28.614] [main/ERROR] [net.minecraft.server.packs.PathPackResources/]: Invalid path : Invalid path ''
[10May2026 17:33:28.614] [main/ERROR] [net.minecraft.server.packs.PathPackResources/]: Invalid path : Invalid path ''
[10May2026 17:33:28.614] [main/ERROR] [net.minecraft.server.packs.PathPackResources/]: Invalid path : Invalid path ''
[10May2026 17:33:28.614] [main/ERROR] [net.minecraft.server.packs.PathPackResources/]: Invalid path : Invalid path ''
[10May2026 17:33:28.614] [main/ERROR] [net.minecraft.server.packs.PathPackResources/]: Invalid path : Invalid path ''
[10May2026 17:33:28.615] [main/ERROR] [net.minecraft.server.packs.PathPackResources/]: Invalid path : Invalid path ''
[10May2026 17:33:28.615] [main/ERROR] [net.minecraft.server.packs.PathPackResources/]: Invalid path : Invalid path ''
[10May2026 17:33:28.615] [main/ERROR] [net.minecraft.server.packs.PathPackResources/]: Invalid path : Invalid path ''
[10May2026 17:33:28.615] [main/ERROR] [net.minecraft.server.packs.PathPackResources/]: Invalid path : Invalid path ''
[10May2026 17:33:28.615] [main/ERROR] [net.minecraft.server.packs.PathPackResources/]: Invalid path : Invalid path ''
[10May2026 17:33:28.616] [main/ERROR] [net.minecraft.server.packs.PathPackResources/]: Invalid path : Invalid path ''
[10May2026 17:33:28.616] [main/ERROR] [net.minecraft.server.packs.PathPackResources/]: Invalid path : Invalid path ''
[10May2026 17:33:28.616] [main/ERROR] [net.minecraft.server.packs.PathPackResources/]: Invalid path : Invalid path ''
[10May2026 17:33:28.616] [main/ERROR] [net.minecraft.server.packs.PathPackResources/]: Invalid path : Invalid path ''
[10May2026 17:33:28.617] [main/ERROR] [net.minecraft.server.packs.PathPackResources/]: Invalid path : Invalid path ''
[10May2026 17:33:28.617] [main/ERROR] [net.minecraft.server.packs.PathPackResources/]: Invalid path : Invalid path ''
[10May2026 17:33:28.617] [main/ERROR] [net.minecraft.server.packs.PathPackResources/]: Invalid path : Invalid path ''
[10May2026 17:33:28.618] [main/ERROR] [net.minecraft.server.packs.PathPackResources/]: Invalid path : Invalid path ''
[10May2026 17:33:28.618] [main/ERROR] [net.minecraft.server.packs.PathPackResources/]: Invalid path : Invalid path ''
[10May2026 17:33:28.618] [main/ERROR] [net.minecraft.server.packs.PathPackResources/]: Invalid path : Invalid path ''
[10May2026 17:33:28.618] [main/ERROR] [net.minecraft.server.packs.PathPackResources/]: Invalid path : Invalid path ''
[10May2026 17:33:28.619] [main/ERROR] [net.minecraft.server.packs.PathPackResources/]: Invalid path : Invalid path ''
[10May2026 17:33:28.619] [main/ERROR] [net.minecraft.server.packs.PathPackResources/]: Invalid path : Invalid path ''
[10May2026 17:33:28.619] [main/ERROR] [net.minecraft.server.packs.PathPackResources/]: Invalid path : Invalid path ''
[10May2026 17:33:28.620] [main/ERROR] [net.minecraft.server.packs.PathPackResources/]: Invalid path : Invalid path ''
[10May2026 17:33:28.620] [main/ERROR] [net.minecraft.server.packs.PathPackResources/]: Invalid path : Invalid path ''
[10May2026 17:33:28.621] [main/ERROR] [net.minecraft.server.packs.PathPackResources/]: Invalid path : Invalid path ''
[10May2026 17:33:28.621] [main/ERROR] [net.minecraft.server.packs.PathPackResources/]: Invalid path : Invalid path ''
[10May2026 17:33:28.621] [main/ERROR] [net.minecraft.server.packs.PathPackResources/]: Invalid path : Invalid path ''
[10May2026 17:33:28.622] [main/ERROR] [net.minecraft.server.packs.PathPackResources/]: Invalid path : Invalid path ''
[10May2026 17:33:28.622] [main/ERROR] [net.minecraft.server.packs.PathPackResources/]: Invalid path : Invalid path ''
[10May2026 17:33:28.622] [main/ERROR] [net.minecraft.server.packs.PathPackResources/]: Invalid path : Invalid path ''
[10May2026 17:33:28.622] [main/ERROR] [net.minecraft.server.packs.PathPackResources/]: Invalid path : Invalid path ''
[10May2026 17:33:28.623] [main/ERROR] [net.minecraft.server.packs.PathPackResources/]: Invalid path : Invalid path ''
[10May2026 17:33:28.623] [main/ERROR] [net.minecraft.server.packs.PathPackResources/]: Invalid path : Invalid path ''
[10May2026 17:33:28.623] [main/ERROR] [net.minecraft.server.packs.PathPackResources/]: Invalid path : Invalid path ''
[10May2026 17:33:28.623] [main/ERROR] [net.minecraft.server.packs.PathPackResources/]: Invalid path : Invalid path ''
[10May2026 17:33:28.624] [main/ERROR] [net.minecraft.server.packs.PathPackResources/]: Invalid path : Invalid path ''
[10May2026 17:33:28.624] [main/ERROR] [net.minecraft.server.packs.PathPackResources/]: Invalid path : Invalid path ''
[10May2026 17:33:28.624] [main/ERROR] [net.minecraft.server.packs.PathPackResources/]: Invalid path : Invalid path ''
[10May2026 17:33:28.625] [main/ERROR] [net.minecraft.server.packs.PathPackResources/]: Invalid path : Invalid path ''
[10May2026 17:33:28.625] [main/ERROR] [net.minecraft.server.packs.PathPackResources/]: Invalid path : Invalid path ''
[10May2026 17:33:28.625] [main/ERROR] [net.minecraft.server.packs.PathPackResources/]: Invalid path : Invalid path ''
[10May2026 17:33:28.625] [main/ERROR] [net.minecraft.server.packs.PathPackResources/]: Invalid path : Invalid path ''
[10May2026 17:33:28.626] [main/ERROR] [net.minecraft.server.packs.PathPackResources/]: Invalid path : Invalid path ''
[10May2026 17:33:28.626] [main/ERROR] [net.minecraft.server.packs.PathPackResources/]: Invalid path : Invalid path ''
[10May2026 17:33:28.626] [main/ERROR] [net.minecraft.server.packs.PathPackResources/]: Invalid path : Invalid path ''
[10May2026 17:33:28.627] [main/ERROR] [net.minecraft.server.packs.PathPackResources/]: Invalid path : Invalid path ''
[10May2026 17:33:28.627] [main/ERROR] [net.minecraft.server.packs.PathPackResources/]: Invalid path : Invalid path ''
[10May2026 17:33:28.628] [main/ERROR] [net.minecraft.server.packs.PathPackResources/]: Invalid path : Invalid path ''
[10May2026 17:33:28.628] [main/ERROR] [net.minecraft.server.packs.PathPackResources/]: Invalid path : Invalid path ''
[10May2026 17:33:28.628] [main/ERROR] [net.minecraft.server.packs.PathPackResources/]: Invalid path : Invalid path ''
[10May2026 17:33:28.628] [main/ERROR] [net.minecraft.server.packs.PathPackResources/]: Invalid path : Invalid path ''
[10May2026 17:33:28.629] [main/ERROR] [net.minecraft.server.packs.PathPackResources/]: Invalid path : Invalid path ''
[10May2026 17:33:28.629] [main/ERROR] [net.minecraft.server.packs.PathPackResources/]: Invalid path : Invalid path ''
[10May2026 17:33:28.629] [main/ERROR] [net.minecraft.server.packs.PathPackResources/]: Invalid path : Invalid path ''
[10May2026 17:33:28.630] [main/ERROR] [net.minecraft.server.packs.PathPackResources/]: Invalid path : Invalid path ''
[10May2026 17:33:28.630] [main/ERROR] [net.minecraft.server.packs.PathPackResources/]: Invalid path : Invalid path ''
[10May2026 17:33:28.631] [main/ERROR] [net.minecraft.server.packs.PathPackResources/]: Invalid path : Invalid path ''
[10May2026 17:33:28.631] [main/ERROR] [net.minecraft.server.packs.PathPackResources/]: Invalid path : Invalid path ''
[10May2026 17:33:28.631] [main/ERROR] [net.minecraft.server.packs.PathPackResources/]: Invalid path : Invalid path ''
[10May2026 17:33:28.631] [main/ERROR] [net.minecraft.server.packs.PathPackResources/]: Invalid path : Invalid path ''
[10May2026 17:33:28.632] [main/ERROR] [net.minecraft.server.packs.PathPackResources/]: Invalid path : Invalid path ''
[10May2026 17:33:28.632] [main/ERROR] [net.minecraft.server.packs.PathPackResources/]: Invalid path : Invalid path ''
[10May2026 17:33:28.632] [main/ERROR] [net.minecraft.server.packs.PathPackResources/]: Invalid path : Invalid path ''
[10May2026 17:33:28.632] [main/ERROR] [net.minecraft.server.packs.PathPackResources/]: Invalid path : Invalid path ''
[10May2026 17:33:28.780] [main/INFO] [net.minecraft.server.MinecraftServer/]: Found new data pack builtin/extinguishing_recipe_override, loading it automatically
[10May2026 17:33:28.780] [main/INFO] [net.minecraft.server.MinecraftServer/]: Found new data pack builtin/aether_accessories_override, loading it automatically
[10May2026 17:33:28.837] [main/INFO] [Moonlight/]: Resource cache state for SERVER_DATA: up to date
[10May2026 17:33:28.870] [main/INFO] [Moonlight/]: Populated search tree for pack at /workspaces/regret/servidor_minecraft/dynamic-data-pack-cache/sawmill-sawmill_recipes in 30.47 ms
[10May2026 17:33:28.871] [main/INFO] [Moonlight/]: Populated search tree for pack at /workspaces/regret/servidor_minecraft/dynamic-data-pack-cache/supplementaries-generated_pack in 1.238 ms
[10May2026 17:33:28.872] [main/INFO] [Moonlight/]: Starting runtime resource generation for pack type SERVER_DATA with generators [sawmill:sawmill_recipes, supplementaries:generated_pack]
[10May2026 17:33:28.883] [main/INFO] [Moonlight/]: Skipping regeneration for Dynamic SERVER_DATA Resources Provider [sawmill:sawmill_recipes] (cache up-to-date)
[10May2026 17:33:28.883] [main/INFO] [Moonlight/]: Skipping regeneration for Dynamic SERVER_DATA Resources Provider [supplementaries:generated_pack] (cache up-to-date)
[10May2026 17:33:28.883] [main/INFO] [Moonlight/]: Finished runtime resources generation for 2 packs in a total of 11.15 ms 
[10May2026 17:33:32.645] [Worker-Main-1/WARN] [net.minecraft.server.ReloadableServerRegistries/]: Found loot table element validation problem in {minecraft:loot_table:repurposed_structures:chests/outposts/giant_tree_taiga}.pools[7].entries[0]: Unknown loot table called supplementaries:inject/pillager_quiver
[10May2026 17:33:32.645] [Worker-Main-1/WARN] [net.minecraft.server.ReloadableServerRegistries/]: Found loot table element validation problem in {minecraft:loot_table:repurposed_structures:chests/outposts/warped}.pools[4].entries[0]: Unknown loot table called supplementaries:inject/pillager_quiver
[10May2026 17:33:32.645] [Worker-Main-1/WARN] [net.minecraft.server.ReloadableServerRegistries/]: Found loot table element validation problem in {minecraft:loot_table:repurposed_structures:chests/outposts/ocean}.pools[7].entries[0]: Unknown loot table called supplementaries:inject/pillager_quiver
[10May2026 17:33:32.646] [Worker-Main-1/WARN] [net.minecraft.server.ReloadableServerRegistries/]: Found loot table element validation problem in {minecraft:loot_table:dungeons_arise:chests/illager_campsite/illager_campsite_map}.pools[7].entries[0]->{minecraft:chests/pillager_outpost}.pools[6].entries[0]: Unknown loot table called supplementaries:inject/pillager_quiver
[10May2026 17:33:32.646] [Worker-Main-1/WARN] [net.minecraft.server.ReloadableServerRegistries/]: Found loot table element validation problem in {minecraft:loot_table:repurposed_structures:chests/outposts/jungle}.pools[7].entries[0]: Unknown loot table called supplementaries:inject/pillager_quiver
[10May2026 17:33:32.646] [Worker-Main-1/WARN] [net.minecraft.server.ReloadableServerRegistries/]: Found loot table element validation problem in {minecraft:loot_table:repurposed_structures:chests/outposts/mangrove}.pools[7].entries[0]: Unknown loot table called supplementaries:inject/pillager_quiver
[10May2026 17:33:32.646] [Worker-Main-1/WARN] [net.minecraft.server.ReloadableServerRegistries/]: Found loot table element validation problem in {minecraft:loot_table:repurposed_structures:chests/outposts/desert}.pools[7].entries[0]: Unknown loot table called supplementaries:inject/pillager_quiver
[10May2026 17:33:32.646] [Worker-Main-1/WARN] [net.minecraft.server.ReloadableServerRegistries/]: Found loot table element validation problem in {minecraft:loot_table:repurposed_structures:chests/outposts/soul}.pools[4].entries[0]: Unknown loot table called supplementaries:inject/pillager_quiver
[10May2026 17:33:32.646] [Worker-Main-1/WARN] [net.minecraft.server.ReloadableServerRegistries/]: Found loot table element validation problem in {minecraft:loot_table:minecraft:chests/pillager_outpost}.pools[6].entries[0]: Unknown loot table called supplementaries:inject/pillager_quiver
[10May2026 17:33:32.646] [Worker-Main-1/WARN] [net.minecraft.server.ReloadableServerRegistries/]: Found loot table element validation problem in {minecraft:loot_table:repurposed_structures:chests/outposts/badlands}.pools[7].entries[0]: Unknown loot table called supplementaries:inject/pillager_quiver
[10May2026 17:33:32.646] [Worker-Main-1/WARN] [net.minecraft.server.ReloadableServerRegistries/]: Found loot table element validation problem in {minecraft:loot_table:dungeons_arise:chests/illager_campsite/illager_campsite_tent}.pools[5].entries[0]->{minecraft:chests/pillager_outpost}.pools[6].entries[0]: Unknown loot table called supplementaries:inject/pillager_quiver
[10May2026 17:33:32.647] [Worker-Main-1/WARN] [net.minecraft.server.ReloadableServerRegistries/]: Found loot table element validation problem in {minecraft:loot_table:repurposed_structures:chests/outposts/savanna}.pools[7].entries[0]: Unknown loot table called supplementaries:inject/pillager_quiver
[10May2026 17:33:32.647] [Worker-Main-1/WARN] [net.minecraft.server.ReloadableServerRegistries/]: Found loot table element validation problem in {minecraft:loot_table:repurposed_structures:chests/outposts/taiga}.pools[7].entries[0]: Unknown loot table called supplementaries:inject/pillager_quiver
[10May2026 17:33:32.647] [Worker-Main-1/WARN] [net.minecraft.server.ReloadableServerRegistries/]: Found loot table element validation problem in {minecraft:loot_table:supplementaries:loot/galleon/safe}.pools[0].entries[3]: Unreachable entry!
[10May2026 17:33:32.647] [Worker-Main-1/WARN] [net.minecraft.server.ReloadableServerRegistries/]: Found loot table element validation problem in {minecraft:loot_table:repurposed_structures:chests/outposts/icy}.pools[7].entries[0]: Unknown loot table called supplementaries:inject/pillager_quiver
[10May2026 17:33:32.647] [Worker-Main-1/WARN] [net.minecraft.server.ReloadableServerRegistries/]: Found loot table element validation problem in {minecraft:loot_table:repurposed_structures:chests/outposts/crimson}.pools[4].entries[0]: Unknown loot table called supplementaries:inject/pillager_quiver
[10May2026 17:33:32.647] [Worker-Main-1/WARN] [net.minecraft.server.ReloadableServerRegistries/]: Found loot table element validation problem in {minecraft:loot_table:repurposed_structures:chests/outposts/oak}.pools[8].entries[0]: Unknown loot table called supplementaries:inject/pillager_quiver
[10May2026 17:33:32.647] [Worker-Main-1/WARN] [net.minecraft.server.ReloadableServerRegistries/]: Found loot table element validation problem in {minecraft:loot_table:repurposed_structures:chests/outposts/nether_brick}.pools[4].entries[0]: Unknown loot table called supplementaries:inject/pillager_quiver
[10May2026 17:33:32.647] [Worker-Main-1/WARN] [net.minecraft.server.ReloadableServerRegistries/]: Found loot table element validation problem in {minecraft:loot_table:repurposed_structures:chests/outposts/birch}.pools[7].entries[0]: Unknown loot table called supplementaries:inject/pillager_quiver
[10May2026 17:33:32.648] [Worker-Main-1/WARN] [net.minecraft.server.ReloadableServerRegistries/]: Found loot table element validation problem in {minecraft:loot_table:repurposed_structures:chests/outposts/snowy}.pools[7].entries[0]: Unknown loot table called supplementaries:inject/pillager_quiver
[10May2026 17:33:32.648] [Worker-Main-1/WARN] [net.minecraft.server.ReloadableServerRegistries/]: Found loot table element validation problem in {minecraft:loot_table:repurposed_structures:chests/outposts/basalt}.pools[4].entries[0]: Unknown loot table called supplementaries:inject/pillager_quiver
[10May2026 17:33:32.648] [Worker-Main-1/WARN] [net.minecraft.server.ReloadableServerRegistries/]: Found loot table element validation problem in {minecraft:loot_table:supplementaries:loot/galleon/safe}.pools[2].entries[1]: Unreachable entry!
[10May2026 17:33:33.128] [Worker-Main-1/INFO] [com.github.alexthe666.alexsmobs.AlexsMobs/]: Adding datapack listener capsid_recipes
[10May2026 17:33:33.156] [Worker-Main-3/INFO] [io.wispforest.lmft.LMFTCommon/]: [Load My F***ing Tags]: Loaded Config File!
[10May2026 17:33:33.314] [Worker-Main-3/WARN] [io.wispforest.lmft.LMFTCommon/]: [Load My F***ing Tags]: Couldn't load certain entries within the tag aether_villages:collections/ancient_aether_biomes: #ancient_aether:is_ancient_aether_biome (from mod/aether_villages)
[10May2026 17:33:33.314] [Worker-Main-3/WARN] [io.wispforest.lmft.LMFTCommon/]: [Load My F***ing Tags]: Couldn't load certain entries within the tag aether_villages:collections/aether_redux_biomes: aether_redux:skyfields (from mod/aether_villages), aether_redux:gilded_groves (from mod/aether_villages), aether_redux:cloudcaps (from mod/aether_villages), aether_redux:frosted_forests (from mod/aether_villages), aether_redux:glacial_tundra (from mod/aether_villages)
[10May2026 17:33:33.406] [Worker-Main-1/INFO] [io.wispforest.accessories_compat.api.tags.RuntimeTagModifier/]: All Tags to be dealt with: [accessories:wrist, accessories:any, accessories:waist, accessories:rings, accessories:charm, accessories:cape, accessories:talisman, accessories:all, accessories:belt, accessories:hand, accessories:ring, accessories:hat, accessories:shulker, accessories:shoes, accessories:back, accessories:necklace]
[10May2026 17:33:33.408] [Worker-Main-1/WARN] [io.wispforest.accessories_compat.api.tags.RuntimeTagModifier/]: [RuntimeTagModification] Adding Entries from [accessories:wrist] to [curios:bracelet]: 
     [minecraft:clock (from mod/accessorify:resourcepacks/1_21_1/default/clock)]
[10May2026 17:33:33.408] [Worker-Main-1/WARN] [io.wispforest.accessories_compat.api.tags.RuntimeTagModifier/]: [RuntimeTagModification] Adding Entries from [accessories:any] to [curios:curio]: 
     [#accessories:all (from mod/accessories)]
[10May2026 17:33:33.409] [Worker-Main-1/WARN] [io.wispforest.accessories_compat.api.tags.RuntimeTagModifier/]: [RuntimeTagModification] Adding Entries from [curios:waist] to [accessories:waist]: 
     [cataclysm:belt_of_beginner (from mod/cataclysm), cataclysm:belt_of_monstrosity (from mod/cataclysm)]
[10May2026 17:33:33.409] [Worker-Main-1/WARN] [io.wispforest.accessories_compat.api.tags.RuntimeTagModifier/]: [RuntimeTagModification] Adding Entries from [curios:rings] to [accessories:rings]: 
     [cataclysm:ring_of_grudged (from mod/cataclysm)]
[10May2026 17:33:33.409] [Worker-Main-1/WARN] [io.wispforest.accessories_compat.api.tags.RuntimeTagModifier/]: [RuntimeTagModification] Adding Entries from [curios:charm] to [accessories:charm]: 
     [#friendsandfoes:totems (from mod/friendsandfoes), minecraft:totem_of_undying (from mod/friendsandfoes), biomemakeover:enchanted_totem? (from mod/friendsandfoes), voidtotem:totem_of_void_undying? (from mod/friendsandfoes), #voidtotem:additional_totems? (from mod/friendsandfoes), fwaystones:void_totem? (from mod/friendsandfoes), netheriteextras:totem_of_neverdying? (from mod/friendsandfoes), twilightforest:charm_of_life_1 (from mod/twilightforest), twilightforest:charm_of_life_2 (from mod/twilightforest), twilightforest:charm_of_keeping_1 (from mod/twilightforest), twilightforest:charm_of_keeping_2 (from mod/twilightforest), twilightforest:charm_of_keeping_3 (from mod/twilightforest)]
[10May2026 17:33:33.409] [Worker-Main-1/WARN] [io.wispforest.accessories_compat.api.tags.RuntimeTagModifier/]: [RuntimeTagModification] Adding Entries from [accessories:charm] to [curios:charm]: 
     [#accessorify:totems (from mod/accessorify:resourcepacks/1_21_1/default/totem), sereneseasons:calendar (from mod/accessorify:resourcepacks/1_21_1/default/sscalendar), #aether:accessories_miscellaneous (from builtin/aether_accessories_override)]
[10May2026 17:33:33.410] [Worker-Main-1/WARN] [io.wispforest.accessories_compat.api.tags.RuntimeTagModifier/]: [RuntimeTagModification] Adding Entries from [accessories:cape] to [curios:body]: 
     [minecraft:elytra (from mod/accessorify:resourcepacks/1_21_1/default/elytra), #aether:accessories_capes (from builtin/aether_accessories_override)]
[10May2026 17:33:33.410] [Worker-Main-1/WARN] [io.wispforest.accessories_compat.api.tags.RuntimeTagModifier/]: [RuntimeTagModification] Adding Entries from [curios:talisman] to [accessories:talisman]: 
     [cataclysm:unbreakable_skull (from mod/cataclysm)]
[10May2026 17:33:33.410] [Worker-Main-1/WARN] [io.wispforest.accessories_compat.api.tags.RuntimeTagModifier/]: [RuntimeTagModification] Adding Entries from [curios:belt] to [accessories:belt]: 
     [supplementaries:quiver (from mod/supplementaries), #supplementaries:keys (from mod/supplementaries), toms_storage:adv_wireless_terminal (from mod/toms_storage), minecraft:lantern (from mod/immersivelanterns), minecraft:soul_lantern (from mod/immersivelanterns)]
[10May2026 17:33:33.410] [Worker-Main-1/WARN] [io.wispforest.accessories_compat.api.tags.RuntimeTagModifier/]: [RuntimeTagModification] Adding Entries from [accessories:belt] to [curios:belt]: 
     [minecraft:lantern (from mod/immersivelanterns), minecraft:soul_lantern (from mod/immersivelanterns), minecraft:spyglass (from mod/accessorify:resourcepacks/1_21_1/default/spyglass)]
[10May2026 17:33:33.410] [Worker-Main-1/WARN] [io.wispforest.accessories_compat.api.tags.RuntimeTagModifier/]: [RuntimeTagModification] Adding Entries from [curios:hands] to [accessories:hand]: 
     [cataclysm:sticky_gloves (from mod/cataclysm), cataclysm:blazing_grips (from mod/cataclysm), cataclysm:chitin_claw (from mod/cataclysm)]
[10May2026 17:33:33.411] [Worker-Main-1/WARN] [io.wispforest.accessories_compat.api.tags.RuntimeTagModifier/]: [RuntimeTagModification] Adding Entries from [accessories:hand] to [curios:hands]: 
     [#aether:accessories_gloves (from builtin/aether_accessories_override)]
[10May2026 17:33:33.411] [Worker-Main-1/WARN] [io.wispforest.accessories_compat.api.tags.RuntimeTagModifier/]: [RuntimeTagModification] Adding Entries from [accessories:ring] to [curios:ring]: 
     [#aether:accessories_rings (from builtin/aether_accessories_override)]
[10May2026 17:33:33.411] [Worker-Main-1/WARN] [io.wispforest.accessories_compat.api.tags.RuntimeTagModifier/]: [RuntimeTagModification] Adding Entries from [curios:head] to [accessories:hat]: 
     [cataclysm:kobolediator_skull (from mod/cataclysm), cataclysm:aptrgangr_head (from mod/cataclysm), cataclysm:draugr_head (from mod/cataclysm), twilightforest:naga_trophy (from mod/twilightforest), twilightforest:lich_trophy (from mod/twilightforest), twilightforest:minoshroom_trophy (from mod/twilightforest), twilightforest:hydra_trophy (from mod/twilightforest), twilightforest:knight_phantom_trophy (from mod/twilightforest), twilightforest:ur_ghast_trophy (from mod/twilightforest), twilightforest:alpha_yeti_trophy (from mod/twilightforest), twilightforest:snow_queen_trophy (from mod/twilightforest), twilightforest:quest_ram_trophy (from mod/twilightforest), twilightforest:cicada (from mod/twilightforest), twilightforest:firefly (from mod/twilightforest), twilightforest:moonworm (from mod/twilightforest), twilightforest:creeper_skull_candle (from mod/twilightforest), twilightforest:piglin_skull_candle (from mod/twilightforest), twilightforest:player_skull_candle (from mod/twilightforest), twilightforest:skeleton_skull_candle (from mod/twilightforest), twilightforest:wither_skeleton_skull_candle (from mod/twilightforest), twilightforest:zombie_skull_candle (from mod/twilightforest), create:goggles (from mod/create)]
[10May2026 17:33:33.411] [Worker-Main-1/WARN] [io.wispforest.accessories_compat.api.tags.RuntimeTagModifier/]: [RuntimeTagModification] Adding Entries from [accessories:shulker] to [curios:shulker]: 
     [#accessorify:shulker_boxes (from mod/accessorify:resourcepacks/1_21_1/default/shulkerbox)]
[10May2026 17:33:33.412] [Worker-Main-1/WARN] [io.wispforest.accessories_compat.api.tags.RuntimeTagModifier/]: [RuntimeTagModification] Adding Entries from [curios:feet] to [accessories:shoes]: 
     [cataclysm:sturdy_boots (from mod/cataclysm)]
[10May2026 17:33:33.412] [Worker-Main-1/WARN] [io.wispforest.accessories_compat.api.tags.RuntimeTagModifier/]: [RuntimeTagModification] Adding Entries from [accessories:back] to [curios:back]: 
     [backpacked:backpack (from mod/backpacked), minecraft:ender_chest (from mod/accessorify:resourcepacks/1_21_1/default/enderchest), #aether:accessories_shields (from builtin/aether_accessories_override)]
[10May2026 17:33:33.412] [Worker-Main-1/WARN] [io.wispforest.accessories_compat.api.tags.RuntimeTagModifier/]: [RuntimeTagModification] Adding Entries from [curios:necklace] to [accessories:necklace]: 
     [cataclysm:vitality_ankh (from mod/cataclysm), cataclysm:berserker_soul_amulet (from mod/cataclysm)]
[10May2026 17:33:33.412] [Worker-Main-1/WARN] [io.wispforest.accessories_compat.api.tags.RuntimeTagModifier/]: [RuntimeTagModification] Adding Entries from [accessories:necklace] to [curios:necklace]: 
     [#aether:accessories_pendants (from builtin/aether_accessories_override)]
[10May2026 17:33:33.689] [Worker-Main-2/ERROR] [Mixson/]: Failed to interact with .json file 'minecraft:advancement/recipes/decorations/lodestone.json' with event 'misctweaks:modify_lodestone_recipe_unlock_condition'

java.lang.NullPointerException: Cannot invoke "com.google.gson.JsonObject.getAsJsonObject(String)" because the return value of "com.google.gson.JsonObject.getAsJsonObject(String)" is null
	at TRANSFORMER/misctweaks@1.3.0/me.pajic.misctweaks.mixson.ResourceModifications.lambda$init$5(ResourceModifications.java:90) ~[misctweaks-1.3.0+1.21.1-neoforge.jar%23589!/:?]
	at TRANSFORMER/mixson@1.4.0/net.ramixin.mixson.inline.Mixson.processContext(Mixson.java:400) ~[mixson-neoforge-v1.4.0.jar%231051!/:?]
	at TRANSFORMER/mixson@1.4.0/net.ramixin.mixson.inline.Mixson.processStandardEvent(Mixson.java:369) ~[mixson-neoforge-v1.4.0.jar%231051!/:?]
	at TRANSFORMER/mixson@1.4.0/net.ramixin.mixson.inline.Mixson.beginEventProcessing(Mixson.java:274) ~[mixson-neoforge-v1.4.0.jar%231051!/:?]
	at TRANSFORMER/mixson@1.4.0/net.ramixin.mixson.inline.Mixson.runStandardEvents(Mixson.java:159) ~[mixson-neoforge-v1.4.0.jar%231051!/:?]
	at TRANSFORMER/minecraft@1.21.1/net.minecraft.server.packs.resources.MultiPackResourceManager.modifyReturnValue$cna000$mixson$runMixsonEvents(MultiPackResourceManager.java:1020) ~[server-1.21.1-20240808.144430-srg.jar%23413!/:?]
	at TRANSFORMER/minecraft@1.21.1/net.minecraft.server.packs.resources.MultiPackResourceManager.listResources(MultiPackResourceManager.java:97) ~[server-1.21.1-20240808.144430-srg.jar%23413!/:?]
	at TRANSFORMER/minecraft@1.21.1/net.minecraft.resources.FileToIdConverter.listMatchingResources(FileToIdConverter.java:31) ~[server-1.21.1-20240808.144430-srg.jar%23413!/:?]
	at TRANSFORMER/minecraft@1.21.1/net.minecraft.server.packs.resources.SimpleJsonResourceReloadListener.scanDirectory(SimpleJsonResourceReloadListener.java:37) ~[server-1.21.1-20240808.144430-srg.jar%23413!/:?]
	at TRANSFORMER/minecraft@1.21.1/net.minecraft.server.packs.resources.SimpleJsonResourceReloadListener.prepare(SimpleJsonResourceReloadListener.java:30) ~[server-1.21.1-20240808.144430-srg.jar%23413!/:?]
	at TRANSFORMER/minecraft@1.21.1/net.minecraft.server.packs.resources.SimpleJsonResourceReloadListener.prepare(SimpleJsonResourceReloadListener.java:18) ~[server-1.21.1-20240808.144430-srg.jar%23413!/:?]
	at TRANSFORMER/minecraft@1.21.1/net.minecraft.server.packs.resources.SimplePreparableReloadListener.lambda$reload$0(SimplePreparableReloadListener.java:17) ~[server-1.21.1-20240808.144430-srg.jar%23413!/:?]
	at java.base/java.util.concurrent.CompletableFuture$AsyncSupply.run(CompletableFuture.java:1768) [?:?]
	at java.base/java.util.concurrent.CompletableFuture$AsyncSupply.exec(CompletableFuture.java:1760) [?:?]
	at java.base/java.util.concurrent.ForkJoinTask.doExec(ForkJoinTask.java:387) [?:?]
	at java.base/java.util.concurrent.ForkJoinPool$WorkQueue.topLevelExec(ForkJoinPool.java:1312) [?:?]
	at java.base/java.util.concurrent.ForkJoinPool.scan(ForkJoinPool.java:1843) [?:?]
	at java.base/java.util.concurrent.ForkJoinPool.runWorker(ForkJoinPool.java:1808) [?:?]
	at java.base/java.util.concurrent.ForkJoinWorkerThread.run(ForkJoinWorkerThread.java:188) [?:?]
[10May2026 17:33:33.864] [Worker-Main-3/WARN] [net.neoforged.neoforge.registries.DataMapLoader/]: Found data map file for non-existent data map type 'minersdelight:cup_variant' on registry 'minecraft:item'.
[10May2026 17:33:34.111] [Worker-Main-3/INFO] [AllTheLeaks/]: Cleared 0 ingredients from Ingredient Dedupe Cache
[10May2026 17:33:35.746] [main/ERROR] [net.minecraft.world.item.crafting.RecipeManager/]: Parsing error loading recipe piglinproliferation:end_stone_fire_ring: com.google.gson.JsonParseException: Input does not contain a key [type]: MapLike[{}]
[10May2026 17:33:35.785] [main/ERROR] [net.minecraft.world.item.crafting.RecipeManager/]: Parsing error loading recipe piglinproliferation:netherrack_soul_fire_ring: com.google.gson.JsonParseException: Input does not contain a key [type]: MapLike[{}]
[10May2026 17:33:35.795] [main/ERROR] [net.minecraft.world.item.crafting.RecipeManager/]: Parsing error loading recipe piglinproliferation:end_stone_soul_fire_ring: com.google.gson.JsonParseException: Input does not contain a key [type]: MapLike[{}]
[10May2026 17:33:35.863] [main/ERROR] [net.minecraft.world.item.crafting.RecipeManager/]: Parsing error loading recipe piglinproliferation:blackstone_fire_ring: com.google.gson.JsonParseException: Input does not contain a key [type]: MapLike[{}]
[10May2026 17:33:35.879] [main/ERROR] [net.minecraft.world.item.crafting.RecipeManager/]: Parsing error loading recipe piglinproliferation:netherrack_fire_ring: com.google.gson.JsonParseException: Input does not contain a key [type]: MapLike[{}]
[10May2026 17:33:35.911] [main/ERROR] [net.minecraft.world.item.crafting.RecipeManager/]: Parsing error loading recipe piglinproliferation:deepslate_soul_fire_ring: com.google.gson.JsonParseException: Input does not contain a key [type]: MapLike[{}]
[10May2026 17:33:35.981] [main/ERROR] [net.minecraft.world.item.crafting.RecipeManager/]: Parsing error loading recipe piglinproliferation:deepslate_fire_ring: com.google.gson.JsonParseException: Input does not contain a key [type]: MapLike[{}]
[10May2026 17:33:35.996] [main/ERROR] [net.minecraft.world.item.crafting.RecipeManager/]: Parsing error loading recipe brewinandchewin:fermenting/ghast_sourdough: com.google.gson.JsonParseException: Unknown registry key in ResourceKey[minecraft:root / minecraft:recipe_serializer]: brewinandchewin:fermenting
[10May2026 17:33:36.041] [main/ERROR] [net.minecraft.world.item.crafting.RecipeManager/]: Parsing error loading recipe piglinproliferation:stone_soul_fire_ring: com.google.gson.JsonParseException: Input does not contain a key [type]: MapLike[{}]
[10May2026 17:33:36.056] [main/ERROR] [net.minecraft.world.item.crafting.RecipeManager/]: Parsing error loading recipe minecraft:lodestone: com.google.gson.JsonParseException: Map entry '#' : Both alternatives read successfully, cannot pick the correct one; first: Left[ItemValue[item=1 minecraft:iron_ingot]] second: Right[TagValue[tag=TagKey[minecraft:item / c:ingots/iron]]]
[10May2026 17:33:36.078] [main/ERROR] [net.minecraft.world.item.crafting.RecipeManager/]: Parsing error loading recipe piglinproliferation:blackstone_soul_fire_ring: com.google.gson.JsonParseException: Input does not contain a key [type]: MapLike[{}]
[10May2026 17:33:36.131] [main/ERROR] [net.minecraft.world.item.crafting.RecipeManager/]: Parsing error loading recipe endersdelight:chorus_pie_slice: com.google.gson.JsonParseException: No key item in MapLike[{"id":"endersdelight:chorus_pie_slice","count":4}]
[10May2026 17:33:36.154] [main/INFO] [Sawmill/]: Processing Sawmill Recipes into Recipe Manager
[10May2026 17:33:36.154] [main/INFO] [Sawmill/]: Skipping Sawmill recipe generation as packs didn't change
[10May2026 17:33:36.162] [main/INFO] [net.minecraft.world.item.crafting.RecipeManager/]: Loaded 12240 recipes
[10May2026 17:33:36.689] [main/ERROR] [net.minecraft.advancements.AdvancementTree/]: Couldn't load advancements: [dungeons_arise:find_thornborn_towers, dungeons_arise:find_fishing_hut]
[10May2026 17:33:36.689] [main/INFO] [net.minecraft.advancements.AdvancementTree/]: Loaded 7663 advancements
[10May2026 17:33:36.705] [main/ERROR] [Fabric Resource Conditions/]: Failed to parse resource conditions for file of type rs_pieces_spawn_counts with id sawmill:village_giant_taiga, skipping: Unknown resource condition key: sawmill:flag
[10May2026 17:33:36.705] [main/ERROR] [Fabric Resource Conditions/]: Failed to parse resource conditions for file of type rs_pieces_spawn_counts with id sawmill:village_mountains, skipping: Unknown resource condition key: sawmill:flag
[10May2026 17:33:36.705] [main/ERROR] [Fabric Resource Conditions/]: Failed to parse resource conditions for file of type rs_pieces_spawn_counts with id sawmill:village_birch, skipping: Unknown resource condition key: sawmill:flag
[10May2026 17:33:36.705] [main/ERROR] [Fabric Resource Conditions/]: Failed to parse resource conditions for file of type rs_pieces_spawn_counts with id sawmill:village_mushroom, skipping: Unknown resource condition key: sawmill:flag
[10May2026 17:33:36.705] [main/ERROR] [Fabric Resource Conditions/]: Failed to parse resource conditions for file of type rs_pieces_spawn_counts with id sawmill:village_cherry, skipping: Unknown resource condition key: sawmill:flag
[10May2026 17:33:36.706] [main/ERROR] [Fabric Resource Conditions/]: Failed to parse resource conditions for file of type rs_pieces_spawn_counts with id sawmill:village_oak, skipping: Unknown resource condition key: sawmill:flag
[10May2026 17:33:36.706] [main/ERROR] [Fabric Resource Conditions/]: Failed to parse resource conditions for file of type rs_pieces_spawn_counts with id sawmill:village_crimson, skipping: Unknown resource condition key: sawmill:flag
[10May2026 17:33:36.706] [main/ERROR] [Fabric Resource Conditions/]: Failed to parse resource conditions for file of type rs_pieces_spawn_counts with id sawmill:village_dark_forest, skipping: Unknown resource condition key: sawmill:flag
[10May2026 17:33:36.706] [main/ERROR] [Fabric Resource Conditions/]: Failed to parse resource conditions for file of type rs_pieces_spawn_counts with id sawmill:village_swamp, skipping: Unknown resource condition key: sawmill:flag
[10May2026 17:33:36.706] [main/ERROR] [Fabric Resource Conditions/]: Failed to parse resource conditions for file of type rs_pieces_spawn_counts with id sawmill:village_badlands, skipping: Unknown resource condition key: sawmill:flag
[10May2026 17:33:36.706] [main/ERROR] [Fabric Resource Conditions/]: Failed to parse resource conditions for file of type rs_pieces_spawn_counts with id sawmill:village_ocean, skipping: Unknown resource condition key: sawmill:flag
[10May2026 17:33:36.706] [main/ERROR] [Fabric Resource Conditions/]: Failed to parse resource conditions for file of type rs_pieces_spawn_counts with id sawmill:village_bamboo, skipping: Unknown resource condition key: sawmill:flag
[10May2026 17:33:36.706] [main/ERROR] [Fabric Resource Conditions/]: Failed to parse resource conditions for file of type rs_pieces_spawn_counts with id sawmill:village_warped, skipping: Unknown resource condition key: sawmill:flag
[10May2026 17:33:36.707] [main/ERROR] [Fabric Resource Conditions/]: Failed to parse resource conditions for file of type rs_pieces_spawn_counts with id sawmill:village_jungle, skipping: Unknown resource condition key: sawmill:flag
[10May2026 17:33:36.710] [main/ERROR] [Fabric Resource Conditions/]: Failed to parse resource conditions for file of type rs_pool_additions with id sawmill:villages/cherry/houses, skipping: Unknown resource condition key: sawmill:flag
[10May2026 17:33:36.710] [main/ERROR] [Fabric Resource Conditions/]: Failed to parse resource conditions for file of type rs_pool_additions with id sawmill:villages/dark_forest/houses, skipping: Unknown resource condition key: sawmill:flag
[10May2026 17:33:36.710] [main/ERROR] [Fabric Resource Conditions/]: Failed to parse resource conditions for file of type rs_pool_additions with id sawmill:villages/jungle/houses, skipping: Unknown resource condition key: sawmill:flag
[10May2026 17:33:36.710] [main/ERROR] [Fabric Resource Conditions/]: Failed to parse resource conditions for file of type rs_pool_additions with id sawmill:villages/ocean/houses, skipping: Unknown resource condition key: sawmill:flag
[10May2026 17:33:36.710] [main/ERROR] [Fabric Resource Conditions/]: Failed to parse resource conditions for file of type rs_pool_additions with id sawmill:villages/oak/houses, skipping: Unknown resource condition key: sawmill:flag
[10May2026 17:33:36.710] [main/ERROR] [Fabric Resource Conditions/]: Failed to parse resource conditions for file of type rs_pool_additions with id sawmill:villages/swamp/houses, skipping: Unknown resource condition key: sawmill:flag
[10May2026 17:33:36.711] [main/ERROR] [Fabric Resource Conditions/]: Failed to parse resource conditions for file of type rs_pool_additions with id sawmill:villages/birch/houses, skipping: Unknown resource condition key: sawmill:flag
[10May2026 17:33:36.711] [main/ERROR] [Fabric Resource Conditions/]: Failed to parse resource conditions for file of type rs_pool_additions with id sawmill:villages/badlands/houses, skipping: Unknown resource condition key: sawmill:flag
[10May2026 17:33:36.711] [main/ERROR] [Fabric Resource Conditions/]: Failed to parse resource conditions for file of type rs_pool_additions with id sawmill:villages/warped/houses, skipping: Unknown resource condition key: sawmill:flag
[10May2026 17:33:36.711] [main/ERROR] [Fabric Resource Conditions/]: Failed to parse resource conditions for file of type rs_pool_additions with id sawmill:villages/bamboo/houses, skipping: Unknown resource condition key: sawmill:flag
[10May2026 17:33:36.711] [main/ERROR] [Fabric Resource Conditions/]: Failed to parse resource conditions for file of type rs_pool_additions with id sawmill:villages/mountains/houses, skipping: Unknown resource condition key: sawmill:flag
[10May2026 17:33:36.711] [main/ERROR] [Fabric Resource Conditions/]: Failed to parse resource conditions for file of type rs_pool_additions with id sawmill:villages/crimson/houses, skipping: Unknown resource condition key: sawmill:flag
[10May2026 17:33:36.711] [main/ERROR] [Fabric Resource Conditions/]: Failed to parse resource conditions for file of type rs_pool_additions with id sawmill:villages/mushroom/houses, skipping: Unknown resource condition key: sawmill:flag
[10May2026 17:33:36.711] [main/ERROR] [Fabric Resource Conditions/]: Failed to parse resource conditions for file of type rs_pool_additions with id sawmill:villages/giant_taiga/houses, skipping: Unknown resource condition key: sawmill:flag
[10May2026 17:33:36.721] [main/INFO] [Curios API/]: Loaded 7 curio slots
[10May2026 17:33:36.733] [main/INFO] [Curios API/]: Loaded 1 curio entities
[10May2026 17:33:36.749] [main/INFO] [Supplementaries/]: Loaded 29 flute songs
[10May2026 17:33:36.769] [main/INFO] [com.cupboard.Cupboard/]: Loaded config for: lootintegrations.json
[10May2026 17:33:36.771] [main/INFO] [friendsandfoes/]: Loaded 1 moobloom variants
[10May2026 17:33:36.801] [main/INFO] [friendsandfoes/]: Loaded 32 entity animations
[10May2026 17:33:36.804] [main/WARN] [com.yanny.ali.manager.FakeLootDataManager/]: Failed to parse fake loot table minecraft:entities/zombie_villager: Not a json array: "minecraft:diamond_boots"; Failed to parse either. First: Can't access registry ResourceKey[minecraft:root / minecraft:enchantment]; Second: Not a json array: {"condition":"minecraft:random_chance_with_enchanted_bonus","enchanted_chance":{"type":"minecraft:linear","base":0.095,"per_level_above_first":0.01},"enchantment":"minecraft:looting","unenchanted_chance":0.085}; Not a json array: "minecraft:diamond_leggings"; Failed to parse either. First: Can't access registry ResourceKey[minecraft:root / minecraft:enchantment]; Second: Not a json array: {"condition":"minecraft:random_chance_with_enchanted_bonus","enchanted_chance":{"type":"minecraft:linear","base":0.095,"per_level_above_first":0.01},"enchantment":"minecraft:looting","unenchanted_chance":0.085}; Not a json array: "minecraft:diamond_chestplate"; Failed to parse either. First: Can't access registry ResourceKey[minecraft:root / minecraft:enchantment]; Second: Not a json array: {"condition":"minecraft:random_chance_with_enchanted_bonus","enchanted_chance":{"type":"minecraft:linear","base":0.095,"per_level_above_first":0.01},"enchantment":"minecraft:looting","unenchanted_chance":0.085}; Not a json array: "minecraft:diamond_helmet"; Failed to parse either. First: Can't access registry ResourceKey[minecraft:root / minecraft:enchantment]; Second: Not a json array: {"condition":"minecraft:random_chance_with_enchanted_bonus","enchanted_chance":{"type":"minecraft:linear","base":0.095,"per_level_above_first":0.01},"enchantment":"minecraft:looting","unenchanted_chance":0.085}; Not a json array: "minecraft:iron_boots"; Failed to parse either. First: Can't access registry ResourceKey[minecraft:root / minecraft:enchantment]; Second: Not a json array: {"condition":"minecraft:random_chance_with_enchanted_bonus","enchanted_chance":{"type":"minecraft:linear","base":0.095,"per_level_above_first":0.01},"enchantment":"minecraft:looting","unenchanted_chance":0.085}; Not a json array: "minecraft:iron_leggings"; Failed to parse either. First: Can't access registry ResourceKey[minecraft:root / minecraft:enchantment]; Second: Not a json array: {"condition":"minecraft:random_chance_with_enchanted_bonus","enchanted_chance":{"type":"minecraft:linear","base":0.095,"per_level_above_first":0.01},"enchantment":"minecraft:looting","unenchanted_chance":0.085}; Not a json array: "minecraft:iron_chestplate"; Failed to parse either. First: Can't access registry ResourceKey[minecraft:root / minecraft:enchantment]; Second: Not a json array: {"condition":"minecraft:random_chance_with_enchanted_bonus","enchanted_chance":{"type":"minecraft:linear","base":0.095,"per_level_above_first":0.01},"enchantment":"minecraft:looting","unenchanted_chance":0.085}; Not a json array: "minecraft:iron_helmet"; Failed to parse either. First: Can't access registry ResourceKey[minecraft:root / minecraft:enchantment]; Second: Not a json array: {"condition":"minecraft:random_chance_with_enchanted_bonus","enchanted_chance":{"type":"minecraft:linear","base":0.095,"per_level_above_first":0.01},"enchantment":"minecraft:looting","unenchanted_chance":0.085}; Not a json array: "minecraft:chainmail_boots"; Failed to parse either. First: Can't access registry ResourceKey[minecraft:root / minecraft:enchantment]; Second: Not a json array: {"condition":"minecraft:random_chance_with_enchanted_bonus","enchanted_chance":{"type":"minecraft:linear","base":0.095,"per_level_above_first":0.01},"enchantment":"minecraft:looting","unenchanted_chance":0.085}; Not a json array: "minecraft:chainmail_leggings"; Failed to parse either. First: Can't access registry ResourceKey[minecraft:root / minecraft:enchantment]; Second: Not a json array: {"condition":"minecraft:random_chance_with_enchanted_bonus","enchanted_chance":{"type":"minecraft:linear","base":0.095,"per_level_above_first":0.01},"enchantment":"minecraft:looting","unenchanted_chance":0.085}; Not a json array: "minecraft:chainmail_chestplate"; Failed to parse either. First: Can't access registry ResourceKey[minecraft:root / minecraft:enchantment]; Second: Not a json array: {"condition":"minecraft:random_chance_with_enchanted_bonus","enchanted_chance":{"type":"minecraft:linear","base":0.095,"per_level_above_first":0.01},"enchantment":"minecraft:looting","unenchanted_chance":0.085}; Not a json array: "minecraft:chainmail_helmet"; Failed to parse either. First: Can't access registry ResourceKey[minecraft:root / minecraft:enchantment]; Second: Not a json array: {"condition":"minecraft:random_chance_with_enchanted_bonus","enchanted_chance":{"type":"minecraft:linear","base":0.095,"per_level_above_first":0.01},"enchantment":"minecraft:looting","unenchanted_chance":0.085}; Not a json array: "minecraft:golden_boots"; Failed to parse either. First: Can't access registry ResourceKey[minecraft:root / minecraft:enchantment]; Second: Not a json array: {"condition":"minecraft:random_chance_with_enchanted_bonus","enchanted_chance":{"type":"minecraft:linear","base":0.095,"per_level_above_first":0.01},"enchantment":"minecraft:looting","unenchanted_chance":0.085}; Not a json array: "minecraft:golden_leggings"; Failed to parse either. First: Can't access registry ResourceKey[minecraft:root / minecraft:enchantment]; Second: Not a json array: {"condition":"minecraft:random_chance_with_enchanted_bonus","enchanted_chance":{"type":"minecraft:linear","base":0.095,"per_level_above_first":0.01},"enchantment":"minecraft:looting","unenchanted_chance":0.085}; Not a json array: "minecraft:golden_chestplate"; Failed to parse either. First: Can't access registry ResourceKey[minecraft:root / minecraft:enchantment]; Second: Not a json array: {"condition":"minecraft:random_chance_with_enchanted_bonus","enchanted_chance":{"type":"minecraft:linear","base":0.095,"per_level_above_first":0.01},"enchantment":"minecraft:looting","unenchanted_chance":0.085}; Not a json array: "minecraft:golden_helmet"; Failed to parse either. First: Can't access registry ResourceKey[minecraft:root / minecraft:enchantment]; Second: Not a json array: {"condition":"minecraft:random_chance_with_enchanted_bonus","enchanted_chance":{"type":"minecraft:linear","base":0.095,"per_level_above_first":0.01},"enchantment":"minecraft:looting","unenchanted_chance":0.085}; Not a json array: "minecraft:leather_boots"; Failed to parse either. First: Can't access registry ResourceKey[minecraft:root / minecraft:enchantment]; Second: Not a json array: {"condition":"minecraft:random_chance_with_enchanted_bonus","enchanted_chance":{"type":"minecraft:linear","base":0.095,"per_level_above_first":0.01},"enchantment":"minecraft:looting","unenchanted_chance":0.085}; Not a json array: "minecraft:leather_leggings"; Failed to parse either. First: Can't access registry ResourceKey[minecraft:root / minecraft:enchantment]; Second: Not a json array: {"condition":"minecraft:random_chance_with_enchanted_bonus","enchanted_chance":{"type":"minecraft:linear","base":0.095,"per_level_above_first":0.01},"enchantment":"minecraft:looting","unenchanted_chance":0.085}; Not a json array: "minecraft:leather_chestplate"; Failed to parse either. First: Can't access registry ResourceKey[minecraft:root / minecraft:enchantment]; Second: Not a json array: {"condition":"minecraft:random_chance_with_enchanted_bonus","enchanted_chance":{"type":"minecraft:linear","base":0.095,"per_level_above_first":0.01},"enchantment":"minecraft:looting","unenchanted_chance":0.085}; Not a json array: "minecraft:leather_helmet"; Failed to parse either. First: Can't access registry ResourceKey[minecraft:root / minecraft:enchantment]; Second: Not a json array: {"condition":"minecraft:random_chance_with_enchanted_bonus","enchanted_chance":{"type":"minecraft:linear","base":0.095,"per_level_above_first":0.01},"enchantment":"minecraft:looting","unenchanted_chance":0.085}; Not a json array: "minecraft:iron_sword"; Failed to parse either. First: Can't access registry ResourceKey[minecraft:root / minecraft:enchantment]; Second: Not a json array: {"condition":"minecraft:random_chance_with_enchanted_bonus","enchanted_chance":{"type":"minecraft:linear","base":0.095,"per_level_above_first":0.01},"enchantment":"minecraft:looting","unenchanted_chance":0.085}; Not a json array: "minecraft:iron_shovel"; Failed to parse either. First: Can't access registry ResourceKey[minecraft:root / minecraft:enchantment]; Second: Not a json array: {"condition":"minecraft:random_chance_with_enchanted_bonus","enchanted_chance":{"type":"minecraft:linear","base":0.095,"per_level_above_first":0.01},"enchantment":"minecraft:looting","unenchanted_chance":0.085}
[10May2026 17:33:36.806] [main/WARN] [com.yanny.ali.manager.FakeLootDataManager/]: Failed to parse fake loot table minecraft:entities/pillager: Not a json array: "minecraft:crossbow"; Failed to parse either. First: Can't access registry ResourceKey[minecraft:root / minecraft:enchantment]; Second: Not a json array: {"condition":"minecraft:random_chance_with_enchanted_bonus","enchanted_chance":{"type":"minecraft:linear","base":0.095,"per_level_above_first":0.01},"enchantment":"minecraft:looting","unenchanted_chance":0.085}
[10May2026 17:33:36.807] [main/WARN] [com.yanny.ali.manager.FakeLootDataManager/]: Failed to parse fake loot table minecraft:entities/skeleton: Not a json array: "minecraft:diamond_boots"; Failed to parse either. First: Can't access registry ResourceKey[minecraft:root / minecraft:enchantment]; Second: Not a json array: {"condition":"minecraft:random_chance_with_enchanted_bonus","enchanted_chance":{"type":"minecraft:linear","base":0.095,"per_level_above_first":0.01},"enchantment":"minecraft:looting","unenchanted_chance":0.085}; Not a json array: "minecraft:diamond_leggings"; Failed to parse either. First: Can't access registry ResourceKey[minecraft:root / minecraft:enchantment]; Second: Not a json array: {"condition":"minecraft:random_chance_with_enchanted_bonus","enchanted_chance":{"type":"minecraft:linear","base":0.095,"per_level_above_first":0.01},"enchantment":"minecraft:looting","unenchanted_chance":0.085}; Not a json array: "minecraft:diamond_chestplate"; Failed to parse either. First: Can't access registry ResourceKey[minecraft:root / minecraft:enchantment]; Second: Not a json array: {"condition":"minecraft:random_chance_with_enchanted_bonus","enchanted_chance":{"type":"minecraft:linear","base":0.095,"per_level_above_first":0.01},"enchantment":"minecraft:looting","unenchanted_chance":0.085}; Not a json array: "minecraft:diamond_helmet"; Failed to parse either. First: Can't access registry ResourceKey[minecraft:root / minecraft:enchantment]; Second: Not a json array: {"condition":"minecraft:random_chance_with_enchanted_bonus","enchanted_chance":{"type":"minecraft:linear","base":0.095,"per_level_above_first":0.01},"enchantment":"minecraft:looting","unenchanted_chance":0.085}; Not a json array: "minecraft:iron_boots"; Failed to parse either. First: Can't access registry ResourceKey[minecraft:root / minecraft:enchantment]; Second: Not a json array: {"condition":"minecraft:random_chance_with_enchanted_bonus","enchanted_chance":{"type":"minecraft:linear","base":0.095,"per_level_above_first":0.01},"enchantment":"minecraft:looting","unenchanted_chance":0.085}; Not a json array: "minecraft:iron_leggings"; Failed to parse either. First: Can't access registry ResourceKey[minecraft:root / minecraft:enchantment]; Second: Not a json array: {"condition":"minecraft:random_chance_with_enchanted_bonus","enchanted_chance":{"type":"minecraft:linear","base":0.095,"per_level_above_first":0.01},"enchantment":"minecraft:looting","unenchanted_chance":0.085}; Not a json array: "minecraft:iron_chestplate"; Failed to parse either. First: Can't access registry ResourceKey[minecraft:root / minecraft:enchantment]; Second: Not a json array: {"condition":"minecraft:random_chance_with_enchanted_bonus","enchanted_chance":{"type":"minecraft:linear","base":0.095,"per_level_above_first":0.01},"enchantment":"minecraft:looting","unenchanted_chance":0.085}; Not a json array: "minecraft:iron_helmet"; Failed to parse either. First: Can't access registry ResourceKey[minecraft:root / minecraft:enchantment]; Second: Not a json array: {"condition":"minecraft:random_chance_with_enchanted_bonus","enchanted_chance":{"type":"minecraft:linear","base":0.095,"per_level_above_first":0.01},"enchantment":"minecraft:looting","unenchanted_chance":0.085}; Not a json array: "minecraft:chainmail_boots"; Failed to parse either. First: Can't access registry ResourceKey[minecraft:root / minecraft:enchantment]; Second: Not a json array: {"condition":"minecraft:random_chance_with_enchanted_bonus","enchanted_chance":{"type":"minecraft:linear","base":0.095,"per_level_above_first":0.01},"enchantment":"minecraft:looting","unenchanted_chance":0.085}; Not a json array: "minecraft:chainmail_leggings"; Failed to parse either. First: Can't access registry ResourceKey[minecraft:root / minecraft:enchantment]; Second: Not a json array: {"condition":"minecraft:random_chance_with_enchanted_bonus","enchanted_chance":{"type":"minecraft:linear","base":0.095,"per_level_above_first":0.01},"enchantment":"minecraft:looting","unenchanted_chance":0.085}; Not a json array: "minecraft:chainmail_chestplate"; Failed to parse either. First: Can't access registry ResourceKey[minecraft:root / minecraft:enchantment]; Second: Not a json array: {"condition":"minecraft:random_chance_with_enchanted_bonus","enchanted_chance":{"type":"minecraft:linear","base":0.095,"per_level_above_first":0.01},"enchantment":"minecraft:looting","unenchanted_chance":0.085}; Not a json array: "minecraft:chainmail_helmet"; Failed to parse either. First: Can't access registry ResourceKey[minecraft:root / minecraft:enchantment]; Second: Not a json array: {"condition":"minecraft:random_chance_with_enchanted_bonus","enchanted_chance":{"type":"minecraft:linear","base":0.095,"per_level_above_first":0.01},"enchantment":"minecraft:looting","unenchanted_chance":0.085}; Not a json array: "minecraft:golden_boots"; Failed to parse either. First: Can't access registry ResourceKey[minecraft:root / minecraft:enchantment]; Second: Not a json array: {"condition":"minecraft:random_chance_with_enchanted_bonus","enchanted_chance":{"type":"minecraft:linear","base":0.095,"per_level_above_first":0.01},"enchantment":"minecraft:looting","unenchanted_chance":0.085}; Not a json array: "minecraft:golden_leggings"; Failed to parse either. First: Can't access registry ResourceKey[minecraft:root / minecraft:enchantment]; Second: Not a json array: {"condition":"minecraft:random_chance_with_enchanted_bonus","enchanted_chance":{"type":"minecraft:linear","base":0.095,"per_level_above_first":0.01},"enchantment":"minecraft:looting","unenchanted_chance":0.085}; Not a json array: "minecraft:golden_chestplate"; Failed to parse either. First: Can't access registry ResourceKey[minecraft:root / minecraft:enchantment]; Second: Not a json array: {"condition":"minecraft:random_chance_with_enchanted_bonus","enchanted_chance":{"type":"minecraft:linear","base":0.095,"per_level_above_first":0.01},"enchantment":"minecraft:looting","unenchanted_chance":0.085}; Not a json array: "minecraft:golden_helmet"; Failed to parse either. First: Can't access registry ResourceKey[minecraft:root / minecraft:enchantment]; Second: Not a json array: {"condition":"minecraft:random_chance_with_enchanted_bonus","enchanted_chance":{"type":"minecraft:linear","base":0.095,"per_level_above_first":0.01},"enchantment":"minecraft:looting","unenchanted_chance":0.085}; Not a json array: "minecraft:leather_boots"; Failed to parse either. First: Can't access registry ResourceKey[minecraft:root / minecraft:enchantment]; Second: Not a json array: {"condition":"minecraft:random_chance_with_enchanted_bonus","enchanted_chance":{"type":"minecraft:linear","base":0.095,"per_level_above_first":0.01},"enchantment":"minecraft:looting","unenchanted_chance":0.085}; Not a json array: "minecraft:leather_leggings"; Failed to parse either. First: Can't access registry ResourceKey[minecraft:root / minecraft:enchantment]; Second: Not a json array: {"condition":"minecraft:random_chance_with_enchanted_bonus","enchanted_chance":{"type":"minecraft:linear","base":0.095,"per_level_above_first":0.01},"enchantment":"minecraft:looting","unenchanted_chance":0.085}; Not a json array: "minecraft:leather_chestplate"; Failed to parse either. First: Can't access registry ResourceKey[minecraft:root / minecraft:enchantment]; Second: Not a json array: {"condition":"minecraft:random_chance_with_enchanted_bonus","enchanted_chance":{"type":"minecraft:linear","base":0.095,"per_level_above_first":0.01},"enchantment":"minecraft:looting","unenchanted_chance":0.085}; Not a json array: "minecraft:leather_helmet"; Failed to parse either. First: Can't access registry ResourceKey[minecraft:root / minecraft:enchantment]; Second: Not a json array: {"condition":"minecraft:random_chance_with_enchanted_bonus","enchanted_chance":{"type":"minecraft:linear","base":0.095,"per_level_above_first":0.01},"enchantment":"minecraft:looting","unenchanted_chance":0.085}; Not a json array: "minecraft:bow"; Failed to parse either. First: Can't access registry ResourceKey[minecraft:root / minecraft:enchantment]; Second: Not a json array: {"condition":"minecraft:random_chance_with_enchanted_bonus","enchanted_chance":{"type":"minecraft:linear","base":0.095,"per_level_above_first":0.01},"enchantment":"minecraft:looting","unenchanted_chance":0.085}; Not a json array: "minecraft:creeper"
[10May2026 17:33:36.808] [main/WARN] [com.yanny.ali.manager.FakeLootDataManager/]: Failed to parse fake loot table minecraft:entities/piglin: Not a json array: "minecraft:golden_boots"; Failed to parse either. First: Can't access registry ResourceKey[minecraft:root / minecraft:enchantment]; Second: Not a json array: {"condition":"minecraft:random_chance_with_enchanted_bonus","enchanted_chance":{"type":"minecraft:linear","base":0.095,"per_level_above_first":0.01},"enchantment":"minecraft:looting","unenchanted_chance":0.085}; Not a json array: "minecraft:golden_leggings"; Failed to parse either. First: Can't access registry ResourceKey[minecraft:root / minecraft:enchantment]; Second: Not a json array: {"condition":"minecraft:random_chance_with_enchanted_bonus","enchanted_chance":{"type":"minecraft:linear","base":0.095,"per_level_above_first":0.01},"enchantment":"minecraft:looting","unenchanted_chance":0.085}; Not a json array: "minecraft:golden_chestplate"; Failed to parse either. First: Can't access registry ResourceKey[minecraft:root / minecraft:enchantment]; Second: Not a json array: {"condition":"minecraft:random_chance_with_enchanted_bonus","enchanted_chance":{"type":"minecraft:linear","base":0.095,"per_level_above_first":0.01},"enchantment":"minecraft:looting","unenchanted_chance":0.085}; Not a json array: "minecraft:golden_helmet"; Failed to parse either. First: Can't access registry ResourceKey[minecraft:root / minecraft:enchantment]; Second: Not a json array: {"condition":"minecraft:random_chance_with_enchanted_bonus","enchanted_chance":{"type":"minecraft:linear","base":0.095,"per_level_above_first":0.01},"enchantment":"minecraft:looting","unenchanted_chance":0.085}; Not a json array: "minecraft:crossbow"; Failed to parse either. First: Can't access registry ResourceKey[minecraft:root / minecraft:enchantment]; Second: Not a json array: {"condition":"minecraft:random_chance_with_enchanted_bonus","enchanted_chance":{"type":"minecraft:linear","base":0.095,"per_level_above_first":0.01},"enchantment":"minecraft:looting","unenchanted_chance":0.085}; Not a json array: "minecraft:golden_sword"; Failed to parse either. First: Can't access registry ResourceKey[minecraft:root / minecraft:enchantment]; Second: Not a json array: {"condition":"minecraft:random_chance_with_enchanted_bonus","enchanted_chance":{"type":"minecraft:linear","base":0.095,"per_level_above_first":0.01},"enchantment":"minecraft:looting","unenchanted_chance":0.085}; Not a json array: "minecraft:creeper"
[10May2026 17:33:36.810] [main/WARN] [com.yanny.ali.manager.FakeLootDataManager/]: Failed to parse fake loot table minecraft:entities/stray: Not a json array: "minecraft:diamond_boots"; Failed to parse either. First: Can't access registry ResourceKey[minecraft:root / minecraft:enchantment]; Second: Not a json array: {"condition":"minecraft:random_chance_with_enchanted_bonus","enchanted_chance":{"type":"minecraft:linear","base":0.095,"per_level_above_first":0.01},"enchantment":"minecraft:looting","unenchanted_chance":0.085}; Not a json array: "minecraft:diamond_leggings"; Failed to parse either. First: Can't access registry ResourceKey[minecraft:root / minecraft:enchantment]; Second: Not a json array: {"condition":"minecraft:random_chance_with_enchanted_bonus","enchanted_chance":{"type":"minecraft:linear","base":0.095,"per_level_above_first":0.01},"enchantment":"minecraft:looting","unenchanted_chance":0.085}; Not a json array: "minecraft:diamond_chestplate"; Failed to parse either. First: Can't access registry ResourceKey[minecraft:root / minecraft:enchantment]; Second: Not a json array: {"condition":"minecraft:random_chance_with_enchanted_bonus","enchanted_chance":{"type":"minecraft:linear","base":0.095,"per_level_above_first":0.01},"enchantment":"minecraft:looting","unenchanted_chance":0.085}; Not a json array: "minecraft:diamond_helmet"; Failed to parse either. First: Can't access registry ResourceKey[minecraft:root / minecraft:enchantment]; Second: Not a json array: {"condition":"minecraft:random_chance_with_enchanted_bonus","enchanted_chance":{"type":"minecraft:linear","base":0.095,"per_level_above_first":0.01},"enchantment":"minecraft:looting","unenchanted_chance":0.085}; Not a json array: "minecraft:iron_boots"; Failed to parse either. First: Can't access registry ResourceKey[minecraft:root / minecraft:enchantment]; Second: Not a json array: {"condition":"minecraft:random_chance_with_enchanted_bonus","enchanted_chance":{"type":"minecraft:linear","base":0.095,"per_level_above_first":0.01},"enchantment":"minecraft:looting","unenchanted_chance":0.085}; Not a json array: "minecraft:iron_leggings"; Failed to parse either. First: Can't access registry ResourceKey[minecraft:root / minecraft:enchantment]; Second: Not a json array: {"condition":"minecraft:random_chance_with_enchanted_bonus","enchanted_chance":{"type":"minecraft:linear","base":0.095,"per_level_above_first":0.01},"enchantment":"minecraft:looting","unenchanted_chance":0.085}; Not a json array: "minecraft:iron_chestplate"; Failed to parse either. First: Can't access registry ResourceKey[minecraft:root / minecraft:enchantment]; Second: Not a json array: {"condition":"minecraft:random_chance_with_enchanted_bonus","enchanted_chance":{"type":"minecraft:linear","base":0.095,"per_level_above_first":0.01},"enchantment":"minecraft:looting","unenchanted_chance":0.085}; Not a json array: "minecraft:iron_helmet"; Failed to parse either. First: Can't access registry ResourceKey[minecraft:root / minecraft:enchantment]; Second: Not a json array: {"condition":"minecraft:random_chance_with_enchanted_bonus","enchanted_chance":{"type":"minecraft:linear","base":0.095,"per_level_above_first":0.01},"enchantment":"minecraft:looting","unenchanted_chance":0.085}; Not a json array: "minecraft:chainmail_boots"; Failed to parse either. First: Can't access registry ResourceKey[minecraft:root / minecraft:enchantment]; Second: Not a json array: {"condition":"minecraft:random_chance_with_enchanted_bonus","enchanted_chance":{"type":"minecraft:linear","base":0.095,"per_level_above_first":0.01},"enchantment":"minecraft:looting","unenchanted_chance":0.085}; Not a json array: "minecraft:chainmail_leggings"; Failed to parse either. First: Can't access registry ResourceKey[minecraft:root / minecraft:enchantment]; Second: Not a json array: {"condition":"minecraft:random_chance_with_enchanted_bonus","enchanted_chance":{"type":"minecraft:linear","base":0.095,"per_level_above_first":0.01},"enchantment":"minecraft:looting","unenchanted_chance":0.085}; Not a json array: "minecraft:chainmail_chestplate"; Failed to parse either. First: Can't access registry ResourceKey[minecraft:root / minecraft:enchantment]; Second: Not a json array: {"condition":"minecraft:random_chance_with_enchanted_bonus","enchanted_chance":{"type":"minecraft:linear","base":0.095,"per_level_above_first":0.01},"enchantment":"minecraft:looting","unenchanted_chance":0.085}; Not a json array: "minecraft:chainmail_helmet"; Failed to parse either. First: Can't access registry ResourceKey[minecraft:root / minecraft:enchantment]; Second: Not a json array: {"condition":"minecraft:random_chance_with_enchanted_bonus","enchanted_chance":{"type":"minecraft:linear","base":0.095,"per_level_above_first":0.01},"enchantment":"minecraft:looting","unenchanted_chance":0.085}; Not a json array: "minecraft:golden_boots"; Failed to parse either. First: Can't access registry ResourceKey[minecraft:root / minecraft:enchantment]; Second: Not a json array: {"condition":"minecraft:random_chance_with_enchanted_bonus","enchanted_chance":{"type":"minecraft:linear","base":0.095,"per_level_above_first":0.01},"enchantment":"minecraft:looting","unenchanted_chance":0.085}; Not a json array: "minecraft:golden_leggings"; Failed to parse either. First: Can't access registry ResourceKey[minecraft:root / minecraft:enchantment]; Second: Not a json array: {"condition":"minecraft:random_chance_with_enchanted_bonus","enchanted_chance":{"type":"minecraft:linear","base":0.095,"per_level_above_first":0.01},"enchantment":"minecraft:looting","unenchanted_chance":0.085}; Not a json array: "minecraft:golden_chestplate"; Failed to parse either. First: Can't access registry ResourceKey[minecraft:root / minecraft:enchantment]; Second: Not a json array: {"condition":"minecraft:random_chance_with_enchanted_bonus","enchanted_chance":{"type":"minecraft:linear","base":0.095,"per_level_above_first":0.01},"enchantment":"minecraft:looting","unenchanted_chance":0.085}; Not a json array: "minecraft:golden_helmet"; Failed to parse either. First: Can't access registry ResourceKey[minecraft:root / minecraft:enchantment]; Second: Not a json array: {"condition":"minecraft:random_chance_with_enchanted_bonus","enchanted_chance":{"type":"minecraft:linear","base":0.095,"per_level_above_first":0.01},"enchantment":"minecraft:looting","unenchanted_chance":0.085}; Not a json array: "minecraft:leather_boots"; Failed to parse either. First: Can't access registry ResourceKey[minecraft:root / minecraft:enchantment]; Second: Not a json array: {"condition":"minecraft:random_chance_with_enchanted_bonus","enchanted_chance":{"type":"minecraft:linear","base":0.095,"per_level_above_first":0.01},"enchantment":"minecraft:looting","unenchanted_chance":0.085}; Not a json array: "minecraft:leather_leggings"; Failed to parse either. First: Can't access registry ResourceKey[minecraft:root / minecraft:enchantment]; Second: Not a json array: {"condition":"minecraft:random_chance_with_enchanted_bonus","enchanted_chance":{"type":"minecraft:linear","base":0.095,"per_level_above_first":0.01},"enchantment":"minecraft:looting","unenchanted_chance":0.085}; Not a json array: "minecraft:leather_chestplate"; Failed to parse either. First: Can't access registry ResourceKey[minecraft:root / minecraft:enchantment]; Second: Not a json array: {"condition":"minecraft:random_chance_with_enchanted_bonus","enchanted_chance":{"type":"minecraft:linear","base":0.095,"per_level_above_first":0.01},"enchantment":"minecraft:looting","unenchanted_chance":0.085}; Not a json array: "minecraft:leather_helmet"; Failed to parse either. First: Can't access registry ResourceKey[minecraft:root / minecraft:enchantment]; Second: Not a json array: {"condition":"minecraft:random_chance_with_enchanted_bonus","enchanted_chance":{"type":"minecraft:linear","base":0.095,"per_level_above_first":0.01},"enchantment":"minecraft:looting","unenchanted_chance":0.085}; Not a json array: "minecraft:bow"; Failed to parse either. First: Can't access registry ResourceKey[minecraft:root / minecraft:enchantment]; Second: Not a json array: {"condition":"minecraft:random_chance_with_enchanted_bonus","enchanted_chance":{"type":"minecraft:linear","base":0.095,"per_level_above_first":0.01},"enchantment":"minecraft:looting","unenchanted_chance":0.085}
[10May2026 17:33:36.813] [main/WARN] [com.yanny.ali.manager.FakeLootDataManager/]: Failed to parse fake loot table minecraft:entities/zombie: Not a json array: "minecraft:diamond_boots"; Failed to parse either. First: Can't access registry ResourceKey[minecraft:root / minecraft:enchantment]; Second: Not a json array: {"condition":"minecraft:random_chance_with_enchanted_bonus","enchanted_chance":{"type":"minecraft:linear","base":0.095,"per_level_above_first":0.01},"enchantment":"minecraft:looting","unenchanted_chance":0.085}; Not a json array: "minecraft:diamond_leggings"; Failed to parse either. First: Can't access registry ResourceKey[minecraft:root / minecraft:enchantment]; Second: Not a json array: {"condition":"minecraft:random_chance_with_enchanted_bonus","enchanted_chance":{"type":"minecraft:linear","base":0.095,"per_level_above_first":0.01},"enchantment":"minecraft:looting","unenchanted_chance":0.085}; Not a json array: "minecraft:diamond_chestplate"; Failed to parse either. First: Can't access registry ResourceKey[minecraft:root / minecraft:enchantment]; Second: Not a json array: {"condition":"minecraft:random_chance_with_enchanted_bonus","enchanted_chance":{"type":"minecraft:linear","base":0.095,"per_level_above_first":0.01},"enchantment":"minecraft:looting","unenchanted_chance":0.085}; Not a json array: "minecraft:diamond_helmet"; Failed to parse either. First: Can't access registry ResourceKey[minecraft:root / minecraft:enchantment]; Second: Not a json array: {"condition":"minecraft:random_chance_with_enchanted_bonus","enchanted_chance":{"type":"minecraft:linear","base":0.095,"per_level_above_first":0.01},"enchantment":"minecraft:looting","unenchanted_chance":0.085}; Not a json array: "minecraft:iron_boots"; Failed to parse either. First: Can't access registry ResourceKey[minecraft:root / minecraft:enchantment]; Second: Not a json array: {"condition":"minecraft:random_chance_with_enchanted_bonus","enchanted_chance":{"type":"minecraft:linear","base":0.095,"per_level_above_first":0.01},"enchantment":"minecraft:looting","unenchanted_chance":0.085}; Not a json array: "minecraft:iron_leggings"; Failed to parse either. First: Can't access registry ResourceKey[minecraft:root / minecraft:enchantment]; Second: Not a json array: {"condition":"minecraft:random_chance_with_enchanted_bonus","enchanted_chance":{"type":"minecraft:linear","base":0.095,"per_level_above_first":0.01},"enchantment":"minecraft:looting","unenchanted_chance":0.085}; Not a json array: "minecraft:iron_chestplate"; Failed to parse either. First: Can't access registry ResourceKey[minecraft:root / minecraft:enchantment]; Second: Not a json array: {"condition":"minecraft:random_chance_with_enchanted_bonus","enchanted_chance":{"type":"minecraft:linear","base":0.095,"per_level_above_first":0.01},"enchantment":"minecraft:looting","unenchanted_chance":0.085}; Not a json array: "minecraft:iron_helmet"; Failed to parse either. First: Can't access registry ResourceKey[minecraft:root / minecraft:enchantment]; Second: Not a json array: {"condition":"minecraft:random_chance_with_enchanted_bonus","enchanted_chance":{"type":"minecraft:linear","base":0.095,"per_level_above_first":0.01},"enchantment":"minecraft:looting","unenchanted_chance":0.085}; Not a json array: "minecraft:chainmail_boots"; Failed to parse either. First: Can't access registry ResourceKey[minecraft:root / minecraft:enchantment]; Second: Not a json array: {"condition":"minecraft:random_chance_with_enchanted_bonus","enchanted_chance":{"type":"minecraft:linear","base":0.095,"per_level_above_first":0.01},"enchantment":"minecraft:looting","unenchanted_chance":0.085}; Not a json array: "minecraft:chainmail_leggings"; Failed to parse either. First: Can't access registry ResourceKey[minecraft:root / minecraft:enchantment]; Second: Not a json array: {"condition":"minecraft:random_chance_with_enchanted_bonus","enchanted_chance":{"type":"minecraft:linear","base":0.095,"per_level_above_first":0.01},"enchantment":"minecraft:looting","unenchanted_chance":0.085}; Not a json array: "minecraft:chainmail_chestplate"; Failed to parse either. First: Can't access registry ResourceKey[minecraft:root / minecraft:enchantment]; Second: Not a json array: {"condition":"minecraft:random_chance_with_enchanted_bonus","enchanted_chance":{"type":"minecraft:linear","base":0.095,"per_level_above_first":0.01},"enchantment":"minecraft:looting","unenchanted_chance":0.085}; Not a json array: "minecraft:chainmail_helmet"; Failed to parse either. First: Can't access registry ResourceKey[minecraft:root / minecraft:enchantment]; Second: Not a json array: {"condition":"minecraft:random_chance_with_enchanted_bonus","enchanted_chance":{"type":"minecraft:linear","base":0.095,"per_level_above_first":0.01},"enchantment":"minecraft:looting","unenchanted_chance":0.085}; Not a json array: "minecraft:golden_boots"; Failed to parse either. First: Can't access registry ResourceKey[minecraft:root / minecraft:enchantment]; Second: Not a json array: {"condition":"minecraft:random_chance_with_enchanted_bonus","enchanted_chance":{"type":"minecraft:linear","base":0.095,"per_level_above_first":0.01},"enchantment":"minecraft:looting","unenchanted_chance":0.085}; Not a json array: "minecraft:golden_leggings"; Failed to parse either. First: Can't access registry ResourceKey[minecraft:root / minecraft:enchantment]; Second: Not a json array: {"condition":"minecraft:random_chance_with_enchanted_bonus","enchanted_chance":{"type":"minecraft:linear","base":0.095,"per_level_above_first":0.01},"enchantment":"minecraft:looting","unenchanted_chance":0.085}; Not a json array: "minecraft:golden_chestplate"; Failed to parse either. First: Can't access registry ResourceKey[minecraft:root / minecraft:enchantment]; Second: Not a json array: {"condition":"minecraft:random_chance_with_enchanted_bonus","enchanted_chance":{"type":"minecraft:linear","base":0.095,"per_level_above_first":0.01},"enchantment":"minecraft:looting","unenchanted_chance":0.085}; Not a json array: "minecraft:golden_helmet"; Failed to parse either. First: Can't access registry ResourceKey[minecraft:root / minecraft:enchantment]; Second: Not a json array: {"condition":"minecraft:random_chance_with_enchanted_bonus","enchanted_chance":{"type":"minecraft:linear","base":0.095,"per_level_above_first":0.01},"enchantment":"minecraft:looting","unenchanted_chance":0.085}; Not a json array: "minecraft:leather_boots"; Failed to parse either. First: Can't access registry ResourceKey[minecraft:root / minecraft:enchantment]; Second: Not a json array: {"condition":"minecraft:random_chance_with_enchanted_bonus","enchanted_chance":{"type":"minecraft:linear","base":0.095,"per_level_above_first":0.01},"enchantment":"minecraft:looting","unenchanted_chance":0.085}; Not a json array: "minecraft:leather_leggings"; Failed to parse either. First: Can't access registry ResourceKey[minecraft:root / minecraft:enchantment]; Second: Not a json array: {"condition":"minecraft:random_chance_with_enchanted_bonus","enchanted_chance":{"type":"minecraft:linear","base":0.095,"per_level_above_first":0.01},"enchantment":"minecraft:looting","unenchanted_chance":0.085}; Not a json array: "minecraft:leather_chestplate"; Failed to parse either. First: Can't access registry ResourceKey[minecraft:root / minecraft:enchantment]; Second: Not a json array: {"condition":"minecraft:random_chance_with_enchanted_bonus","enchanted_chance":{"type":"minecraft:linear","base":0.095,"per_level_above_first":0.01},"enchantment":"minecraft:looting","unenchanted_chance":0.085}; Not a json array: "minecraft:leather_helmet"; Failed to parse either. First: Can't access registry ResourceKey[minecraft:root / minecraft:enchantment]; Second: Not a json array: {"condition":"minecraft:random_chance_with_enchanted_bonus","enchanted_chance":{"type":"minecraft:linear","base":0.095,"per_level_above_first":0.01},"enchantment":"minecraft:looting","unenchanted_chance":0.085}; Not a json array: "minecraft:iron_sword"; Failed to parse either. First: Can't access registry ResourceKey[minecraft:root / minecraft:enchantment]; Second: Not a json array: {"condition":"minecraft:random_chance_with_enchanted_bonus","enchanted_chance":{"type":"minecraft:linear","base":0.095,"per_level_above_first":0.01},"enchantment":"minecraft:looting","unenchanted_chance":0.085}; Not a json array: "minecraft:iron_shovel"; Failed to parse either. First: Can't access registry ResourceKey[minecraft:root / minecraft:enchantment]; Second: Not a json array: {"condition":"minecraft:random_chance_with_enchanted_bonus","enchanted_chance":{"type":"minecraft:linear","base":0.095,"per_level_above_first":0.01},"enchantment":"minecraft:looting","unenchanted_chance":0.085}; Not a json array: "minecraft:creeper"
[10May2026 17:33:36.816] [main/WARN] [com.yanny.ali.manager.FakeLootDataManager/]: Failed to parse fake loot table minecraft:entities/bogged: Not a json array: "minecraft:diamond_boots"; Failed to parse either. First: Can't access registry ResourceKey[minecraft:root / minecraft:enchantment]; Second: Not a json array: {"condition":"minecraft:random_chance_with_enchanted_bonus","enchanted_chance":{"type":"minecraft:linear","base":0.095,"per_level_above_first":0.01},"enchantment":"minecraft:looting","unenchanted_chance":0.085}; Not a json array: "minecraft:diamond_leggings"; Failed to parse either. First: Can't access registry ResourceKey[minecraft:root / minecraft:enchantment]; Second: Not a json array: {"condition":"minecraft:random_chance_with_enchanted_bonus","enchanted_chance":{"type":"minecraft:linear","base":0.095,"per_level_above_first":0.01},"enchantment":"minecraft:looting","unenchanted_chance":0.085}; Not a json array: "minecraft:diamond_chestplate"; Failed to parse either. First: Can't access registry ResourceKey[minecraft:root / minecraft:enchantment]; Second: Not a json array: {"condition":"minecraft:random_chance_with_enchanted_bonus","enchanted_chance":{"type":"minecraft:linear","base":0.095,"per_level_above_first":0.01},"enchantment":"minecraft:looting","unenchanted_chance":0.085}; Not a json array: "minecraft:diamond_helmet"; Failed to parse either. First: Can't access registry ResourceKey[minecraft:root / minecraft:enchantment]; Second: Not a json array: {"condition":"minecraft:random_chance_with_enchanted_bonus","enchanted_chance":{"type":"minecraft:linear","base":0.095,"per_level_above_first":0.01},"enchantment":"minecraft:looting","unenchanted_chance":0.085}; Not a json array: "minecraft:iron_boots"; Failed to parse either. First: Can't access registry ResourceKey[minecraft:root / minecraft:enchantment]; Second: Not a json array: {"condition":"minecraft:random_chance_with_enchanted_bonus","enchanted_chance":{"type":"minecraft:linear","base":0.095,"per_level_above_first":0.01},"enchantment":"minecraft:looting","unenchanted_chance":0.085}; Not a json array: "minecraft:iron_leggings"; Failed to parse either. First: Can't access registry ResourceKey[minecraft:root / minecraft:enchantment]; Second: Not a json array: {"condition":"minecraft:random_chance_with_enchanted_bonus","enchanted_chance":{"type":"minecraft:linear","base":0.095,"per_level_above_first":0.01},"enchantment":"minecraft:looting","unenchanted_chance":0.085}; Not a json array: "minecraft:iron_chestplate"; Failed to parse either. First: Can't access registry ResourceKey[minecraft:root / minecraft:enchantment]; Second: Not a json array: {"condition":"minecraft:random_chance_with_enchanted_bonus","enchanted_chance":{"type":"minecraft:linear","base":0.095,"per_level_above_first":0.01},"enchantment":"minecraft:looting","unenchanted_chance":0.085}; Not a json array: "minecraft:iron_helmet"; Failed to parse either. First: Can't access registry ResourceKey[minecraft:root / minecraft:enchantment]; Second: Not a json array: {"condition":"minecraft:random_chance_with_enchanted_bonus","enchanted_chance":{"type":"minecraft:linear","base":0.095,"per_level_above_first":0.01},"enchantment":"minecraft:looting","unenchanted_chance":0.085}; Not a json array: "minecraft:chainmail_boots"; Failed to parse either. First: Can't access registry ResourceKey[minecraft:root / minecraft:enchantment]; Second: Not a json array: {"condition":"minecraft:random_chance_with_enchanted_bonus","enchanted_chance":{"type":"minecraft:linear","base":0.095,"per_level_above_first":0.01},"enchantment":"minecraft:looting","unenchanted_chance":0.085}; Not a json array: "minecraft:chainmail_leggings"; Failed to parse either. First: Can't access registry ResourceKey[minecraft:root / minecraft:enchantment]; Second: Not a json array: {"condition":"minecraft:random_chance_with_enchanted_bonus","enchanted_chance":{"type":"minecraft:linear","base":0.095,"per_level_above_first":0.01},"enchantment":"minecraft:looting","unenchanted_chance":0.085}; Not a json array: "minecraft:chainmail_chestplate"; Failed to parse either. First: Can't access registry ResourceKey[minecraft:root / minecraft:enchantment]; Second: Not a json array: {"condition":"minecraft:random_chance_with_enchanted_bonus","enchanted_chance":{"type":"minecraft:linear","base":0.095,"per_level_above_first":0.01},"enchantment":"minecraft:looting","unenchanted_chance":0.085}; Not a json array: "minecraft:chainmail_helmet"; Failed to parse either. First: Can't access registry ResourceKey[minecraft:root / minecraft:enchantment]; Second: Not a json array: {"condition":"minecraft:random_chance_with_enchanted_bonus","enchanted_chance":{"type":"minecraft:linear","base":0.095,"per_level_above_first":0.01},"enchantment":"minecraft:looting","unenchanted_chance":0.085}; Not a json array: "minecraft:golden_boots"; Failed to parse either. First: Can't access registry ResourceKey[minecraft:root / minecraft:enchantment]; Second: Not a json array: {"condition":"minecraft:random_chance_with_enchanted_bonus","enchanted_chance":{"type":"minecraft:linear","base":0.095,"per_level_above_first":0.01},"enchantment":"minecraft:looting","unenchanted_chance":0.085}; Not a json array: "minecraft:golden_leggings"; Failed to parse either. First: Can't access registry ResourceKey[minecraft:root / minecraft:enchantment]; Second: Not a json array: {"condition":"minecraft:random_chance_with_enchanted_bonus","enchanted_chance":{"type":"minecraft:linear","base":0.095,"per_level_above_first":0.01},"enchantment":"minecraft:looting","unenchanted_chance":0.085}; Not a json array: "minecraft:golden_chestplate"; Failed to parse either. First: Can't access registry ResourceKey[minecraft:root / minecraft:enchantment]; Second: Not a json array: {"condition":"minecraft:random_chance_with_enchanted_bonus","enchanted_chance":{"type":"minecraft:linear","base":0.095,"per_level_above_first":0.01},"enchantment":"minecraft:looting","unenchanted_chance":0.085}; Not a json array: "minecraft:golden_helmet"; Failed to parse either. First: Can't access registry ResourceKey[minecraft:root / minecraft:enchantment]; Second: Not a json array: {"condition":"minecraft:random_chance_with_enchanted_bonus","enchanted_chance":{"type":"minecraft:linear","base":0.095,"per_level_above_first":0.01},"enchantment":"minecraft:looting","unenchanted_chance":0.085}; Not a json array: "minecraft:leather_boots"; Failed to parse either. First: Can't access registry ResourceKey[minecraft:root / minecraft:enchantment]; Second: Not a json array: {"condition":"minecraft:random_chance_with_enchanted_bonus","enchanted_chance":{"type":"minecraft:linear","base":0.095,"per_level_above_first":0.01},"enchantment":"minecraft:looting","unenchanted_chance":0.085}; Not a json array: "minecraft:leather_leggings"; Failed to parse either. First: Can't access registry ResourceKey[minecraft:root / minecraft:enchantment]; Second: Not a json array: {"condition":"minecraft:random_chance_with_enchanted_bonus","enchanted_chance":{"type":"minecraft:linear","base":0.095,"per_level_above_first":0.01},"enchantment":"minecraft:looting","unenchanted_chance":0.085}; Not a json array: "minecraft:leather_chestplate"; Failed to parse either. First: Can't access registry ResourceKey[minecraft:root / minecraft:enchantment]; Second: Not a json array: {"condition":"minecraft:random_chance_with_enchanted_bonus","enchanted_chance":{"type":"minecraft:linear","base":0.095,"per_level_above_first":0.01},"enchantment":"minecraft:looting","unenchanted_chance":0.085}; Not a json array: "minecraft:leather_helmet"; Failed to parse either. First: Can't access registry ResourceKey[minecraft:root / minecraft:enchantment]; Second: Not a json array: {"condition":"minecraft:random_chance_with_enchanted_bonus","enchanted_chance":{"type":"minecraft:linear","base":0.095,"per_level_above_first":0.01},"enchantment":"minecraft:looting","unenchanted_chance":0.085}; Not a json array: "minecraft:bow"; Failed to parse either. First: Can't access registry ResourceKey[minecraft:root / minecraft:enchantment]; Second: Not a json array: {"condition":"minecraft:random_chance_with_enchanted_bonus","enchanted_chance":{"type":"minecraft:linear","base":0.095,"per_level_above_first":0.01},"enchantment":"minecraft:looting","unenchanted_chance":0.085}
[10May2026 17:33:36.817] [main/WARN] [com.yanny.ali.manager.FakeLootDataManager/]: Failed to parse fake loot table minecraft:entities/drowned: Not a json array: "minecraft:nautilus_shell"; Not a json array: "minecraft:fishing_rod"; Failed to parse either. First: Can't access registry ResourceKey[minecraft:root / minecraft:enchantment]; Second: Not a json array: {"condition":"minecraft:random_chance_with_enchanted_bonus","enchanted_chance":{"type":"minecraft:linear","base":0.095,"per_level_above_first":0.01},"enchantment":"minecraft:looting","unenchanted_chance":0.085}; Not a json array: "minecraft:trident"; Failed to parse either. First: Can't access registry ResourceKey[minecraft:root / minecraft:enchantment]; Second: Not a json array: {"condition":"minecraft:random_chance_with_enchanted_bonus","enchanted_chance":{"type":"minecraft:linear","base":0.095,"per_level_above_first":0.01},"enchantment":"minecraft:looting","unenchanted_chance":0.085}
[10May2026 17:33:36.818] [main/WARN] [com.yanny.ali.manager.FakeLootDataManager/]: Failed to parse fake loot table minecraft:entities/fox: Not a json array: "minecraft:feather"; Not a json array: "minecraft:leather"; Not a json array: "minecraft:wheat"; Not a json array: "minecraft:egg"; Not a json array: "minecraft:rabbit_hide"; Not a json array: "minecraft:rabbit_foot"; Not a json array: "minecraft:emerald"
[10May2026 17:33:36.818] [main/WARN] [com.yanny.ali.manager.FakeLootDataManager/]: Failed to parse fake loot table minecraft:entities/vindicator: Not a json array: "minecraft:iron_axe"; Failed to parse either. First: Can't access registry ResourceKey[minecraft:root / minecraft:enchantment]; Second: Not a json array: {"condition":"minecraft:random_chance_with_enchanted_bonus","enchanted_chance":{"type":"minecraft:linear","base":0.095,"per_level_above_first":0.01},"enchantment":"minecraft:looting","unenchanted_chance":0.085}
[10May2026 17:33:36.818] [main/WARN] [com.yanny.ali.manager.FakeLootDataManager/]: Failed to parse fake loot table minecraft:entities/witch: Not a json array: "minecraft:potion"; Failed to parse either. First: Can't access registry ResourceKey[minecraft:root / minecraft:enchantment]; Second: Not a json array: {"condition":"minecraft:random_chance_with_enchanted_bonus","enchanted_chance":{"type":"minecraft:linear","base":0.095,"per_level_above_first":0.01},"enchantment":"minecraft:looting","unenchanted_chance":0.085}; Not a json array: "minecraft:potion"; Failed to parse either. First: Can't access registry ResourceKey[minecraft:root / minecraft:enchantment]; Second: Not a json array: {"condition":"minecraft:random_chance_with_enchanted_bonus","enchanted_chance":{"type":"minecraft:linear","base":0.095,"per_level_above_first":0.01},"enchantment":"minecraft:looting","unenchanted_chance":0.085}; Not a json array: "minecraft:potion"; Failed to parse either. First: Can't access registry ResourceKey[minecraft:root / minecraft:enchantment]; Second: Not a json array: {"condition":"minecraft:random_chance_with_enchanted_bonus","enchanted_chance":{"type":"minecraft:linear","base":0.095,"per_level_above_first":0.01},"enchantment":"minecraft:looting","unenchanted_chance":0.085}; Not a json array: "minecraft:potion"; Failed to parse either. First: Can't access registry ResourceKey[minecraft:root / minecraft:enchantment]; Second: Not a json array: {"condition":"minecraft:random_chance_with_enchanted_bonus","enchanted_chance":{"type":"minecraft:linear","base":0.095,"per_level_above_first":0.01},"enchantment":"minecraft:looting","unenchanted_chance":0.085}
[10May2026 17:33:36.820] [main/WARN] [com.yanny.ali.manager.FakeLootDataManager/]: Failed to parse fake loot table minecraft:entities/husk: Not a json array: "minecraft:diamond_boots"; Failed to parse either. First: Can't access registry ResourceKey[minecraft:root / minecraft:enchantment]; Second: Not a json array: {"condition":"minecraft:random_chance_with_enchanted_bonus","enchanted_chance":{"type":"minecraft:linear","base":0.095,"per_level_above_first":0.01},"enchantment":"minecraft:looting","unenchanted_chance":0.085}; Not a json array: "minecraft:diamond_leggings"; Failed to parse either. First: Can't access registry ResourceKey[minecraft:root / minecraft:enchantment]; Second: Not a json array: {"condition":"minecraft:random_chance_with_enchanted_bonus","enchanted_chance":{"type":"minecraft:linear","base":0.095,"per_level_above_first":0.01},"enchantment":"minecraft:looting","unenchanted_chance":0.085}; Not a json array: "minecraft:diamond_chestplate"; Failed to parse either. First: Can't access registry ResourceKey[minecraft:root / minecraft:enchantment]; Second: Not a json array: {"condition":"minecraft:random_chance_with_enchanted_bonus","enchanted_chance":{"type":"minecraft:linear","base":0.095,"per_level_above_first":0.01},"enchantment":"minecraft:looting","unenchanted_chance":0.085}; Not a json array: "minecraft:diamond_helmet"; Failed to parse either. First: Can't access registry ResourceKey[minecraft:root / minecraft:enchantment]; Second: Not a json array: {"condition":"minecraft:random_chance_with_enchanted_bonus","enchanted_chance":{"type":"minecraft:linear","base":0.095,"per_level_above_first":0.01},"enchantment":"minecraft:looting","unenchanted_chance":0.085}; Not a json array: "minecraft:iron_boots"; Failed to parse either. First: Can't access registry ResourceKey[minecraft:root / minecraft:enchantment]; Second: Not a json array: {"condition":"minecraft:random_chance_with_enchanted_bonus","enchanted_chance":{"type":"minecraft:linear","base":0.095,"per_level_above_first":0.01},"enchantment":"minecraft:looting","unenchanted_chance":0.085}; Not a json array: "minecraft:iron_leggings"; Failed to parse either. First: Can't access registry ResourceKey[minecraft:root / minecraft:enchantment]; Second: Not a json array: {"condition":"minecraft:random_chance_with_enchanted_bonus","enchanted_chance":{"type":"minecraft:linear","base":0.095,"per_level_above_first":0.01},"enchantment":"minecraft:looting","unenchanted_chance":0.085}; Not a json array: "minecraft:iron_chestplate"; Failed to parse either. First: Can't access registry ResourceKey[minecraft:root / minecraft:enchantment]; Second: Not a json array: {"condition":"minecraft:random_chance_with_enchanted_bonus","enchanted_chance":{"type":"minecraft:linear","base":0.095,"per_level_above_first":0.01},"enchantment":"minecraft:looting","unenchanted_chance":0.085}; Not a json array: "minecraft:iron_helmet"; Failed to parse either. First: Can't access registry ResourceKey[minecraft:root / minecraft:enchantment]; Second: Not a json array: {"condition":"minecraft:random_chance_with_enchanted_bonus","enchanted_chance":{"type":"minecraft:linear","base":0.095,"per_level_above_first":0.01},"enchantment":"minecraft:looting","unenchanted_chance":0.085}; Not a json array: "minecraft:chainmail_boots"; Failed to parse either. First: Can't access registry ResourceKey[minecraft:root / minecraft:enchantment]; Second: Not a json array: {"condition":"minecraft:random_chance_with_enchanted_bonus","enchanted_chance":{"type":"minecraft:linear","base":0.095,"per_level_above_first":0.01},"enchantment":"minecraft:looting","unenchanted_chance":0.085}; Not a json array: "minecraft:chainmail_leggings"; Failed to parse either. First: Can't access registry ResourceKey[minecraft:root / minecraft:enchantment]; Second: Not a json array: {"condition":"minecraft:random_chance_with_enchanted_bonus","enchanted_chance":{"type":"minecraft:linear","base":0.095,"per_level_above_first":0.01},"enchantment":"minecraft:looting","unenchanted_chance":0.085}; Not a json array: "minecraft:chainmail_chestplate"; Failed to parse either. First: Can't access registry ResourceKey[minecraft:root / minecraft:enchantment]; Second: Not a json array: {"condition":"minecraft:random_chance_with_enchanted_bonus","enchanted_chance":{"type":"minecraft:linear","base":0.095,"per_level_above_first":0.01},"enchantment":"minecraft:looting","unenchanted_chance":0.085}; Not a json array: "minecraft:chainmail_helmet"; Failed to parse either. First: Can't access registry ResourceKey[minecraft:root / minecraft:enchantment]; Second: Not a json array: {"condition":"minecraft:random_chance_with_enchanted_bonus","enchanted_chance":{"type":"minecraft:linear","base":0.095,"per_level_above_first":0.01},"enchantment":"minecraft:looting","unenchanted_chance":0.085}; Not a json array: "minecraft:golden_boots"; Failed to parse either. First: Can't access registry ResourceKey[minecraft:root / minecraft:enchantment]; Second: Not a json array: {"condition":"minecraft:random_chance_with_enchanted_bonus","enchanted_chance":{"type":"minecraft:linear","base":0.095,"per_level_above_first":0.01},"enchantment":"minecraft:looting","unenchanted_chance":0.085}; Not a json array: "minecraft:golden_leggings"; Failed to parse either. First: Can't access registry ResourceKey[minecraft:root / minecraft:enchantment]; Second: Not a json array: {"condition":"minecraft:random_chance_with_enchanted_bonus","enchanted_chance":{"type":"minecraft:linear","base":0.095,"per_level_above_first":0.01},"enchantment":"minecraft:looting","unenchanted_chance":0.085}; Not a json array: "minecraft:golden_chestplate"; Failed to parse either. First: Can't access registry ResourceKey[minecraft:root / minecraft:enchantment]; Second: Not a json array: {"condition":"minecraft:random_chance_with_enchanted_bonus","enchanted_chance":{"type":"minecraft:linear","base":0.095,"per_level_above_first":0.01},"enchantment":"minecraft:looting","unenchanted_chance":0.085}; Not a json array: "minecraft:golden_helmet"; Failed to parse either. First: Can't access registry ResourceKey[minecraft:root / minecraft:enchantment]; Second: Not a json array: {"condition":"minecraft:random_chance_with_enchanted_bonus","enchanted_chance":{"type":"minecraft:linear","base":0.095,"per_level_above_first":0.01},"enchantment":"minecraft:looting","unenchanted_chance":0.085}; Not a json array: "minecraft:leather_boots"; Failed to parse either. First: Can't access registry ResourceKey[minecraft:root / minecraft:enchantment]; Second: Not a json array: {"condition":"minecraft:random_chance_with_enchanted_bonus","enchanted_chance":{"type":"minecraft:linear","base":0.095,"per_level_above_first":0.01},"enchantment":"minecraft:looting","unenchanted_chance":0.085}; Not a json array: "minecraft:leather_leggings"; Failed to parse either. First: Can't access registry ResourceKey[minecraft:root / minecraft:enchantment]; Second: Not a json array: {"condition":"minecraft:random_chance_with_enchanted_bonus","enchanted_chance":{"type":"minecraft:linear","base":0.095,"per_level_above_first":0.01},"enchantment":"minecraft:looting","unenchanted_chance":0.085}; Not a json array: "minecraft:leather_chestplate"; Failed to parse either. First: Can't access registry ResourceKey[minecraft:root / minecraft:enchantment]; Second: Not a json array: {"condition":"minecraft:random_chance_with_enchanted_bonus","enchanted_chance":{"type":"minecraft:linear","base":0.095,"per_level_above_first":0.01},"enchantment":"minecraft:looting","unenchanted_chance":0.085}; Not a json array: "minecraft:leather_helmet"; Failed to parse either. First: Can't access registry ResourceKey[minecraft:root / minecraft:enchantment]; Second: Not a json array: {"condition":"minecraft:random_chance_with_enchanted_bonus","enchanted_chance":{"type":"minecraft:linear","base":0.095,"per_level_above_first":0.01},"enchantment":"minecraft:looting","unenchanted_chance":0.085}; Not a json array: "minecraft:iron_sword"; Failed to parse either. First: Can't access registry ResourceKey[minecraft:root / minecraft:enchantment]; Second: Not a json array: {"condition":"minecraft:random_chance_with_enchanted_bonus","enchanted_chance":{"type":"minecraft:linear","base":0.095,"per_level_above_first":0.01},"enchantment":"minecraft:looting","unenchanted_chance":0.085}; Not a json array: "minecraft:iron_shovel"; Failed to parse either. First: Can't access registry ResourceKey[minecraft:root / minecraft:enchantment]; Second: Not a json array: {"condition":"minecraft:random_chance_with_enchanted_bonus","enchanted_chance":{"type":"minecraft:linear","base":0.095,"per_level_above_first":0.01},"enchantment":"minecraft:looting","unenchanted_chance":0.085}
[10May2026 17:33:36.822] [main/WARN] [com.yanny.ali.manager.FakeLootDataManager/]: Failed to parse fake loot table minecraft:entities/wandering_trader: Not a json array: "minecraft:potion"; Failed to parse either. First: Can't access registry ResourceKey[minecraft:root / minecraft:enchantment]; Second: Not a json array: {"condition":"minecraft:random_chance_with_enchanted_bonus","enchanted_chance":{"type":"minecraft:linear","base":0.095,"per_level_above_first":0.01},"enchantment":"minecraft:looting","unenchanted_chance":0.085}; Not a json array: "minecraft:milk_bucket"; Failed to parse either. First: Can't access registry ResourceKey[minecraft:root / minecraft:enchantment]; Second: Not a json array: {"condition":"minecraft:random_chance_with_enchanted_bonus","enchanted_chance":{"type":"minecraft:linear","base":0.095,"per_level_above_first":0.01},"enchantment":"minecraft:looting","unenchanted_chance":0.085}
[10May2026 17:33:36.822] [main/WARN] [com.yanny.ali.manager.FakeLootDataManager/]: Failed to parse fake loot table minecraft:entities/zombified_piglin: Not a json array: "minecraft:golden_boots"; Failed to parse either. First: Can't access registry ResourceKey[minecraft:root / minecraft:enchantment]; Second: Not a json array: {"condition":"minecraft:random_chance_with_enchanted_bonus","enchanted_chance":{"type":"minecraft:linear","base":0.095,"per_level_above_first":0.01},"enchantment":"minecraft:looting","unenchanted_chance":0.085}; Not a json array: "minecraft:golden_leggings"; Failed to parse either. First: Can't access registry ResourceKey[minecraft:root / minecraft:enchantment]; Second: Not a json array: {"condition":"minecraft:random_chance_with_enchanted_bonus","enchanted_chance":{"type":"minecraft:linear","base":0.095,"per_level_above_first":0.01},"enchantment":"minecraft:looting","unenchanted_chance":0.085}; Not a json array: "minecraft:golden_chestplate"; Failed to parse either. First: Can't access registry ResourceKey[minecraft:root / minecraft:enchantment]; Second: Not a json array: {"condition":"minecraft:random_chance_with_enchanted_bonus","enchanted_chance":{"type":"minecraft:linear","base":0.095,"per_level_above_first":0.01},"enchantment":"minecraft:looting","unenchanted_chance":0.085}; Not a json array: "minecraft:golden_helmet"; Failed to parse either. First: Can't access registry ResourceKey[minecraft:root / minecraft:enchantment]; Second: Not a json array: {"condition":"minecraft:random_chance_with_enchanted_bonus","enchanted_chance":{"type":"minecraft:linear","base":0.095,"per_level_above_first":0.01},"enchantment":"minecraft:looting","unenchanted_chance":0.085}; Not a json array: "minecraft:warped_fungus_on_a_stick"; Failed to parse either. First: Can't access registry ResourceKey[minecraft:root / minecraft:enchantment]; Second: Not a json array: {"condition":"minecraft:random_chance_with_enchanted_bonus","enchanted_chance":{"type":"minecraft:linear","base":0.095,"per_level_above_first":0.01},"enchantment":"minecraft:looting","unenchanted_chance":0.085}; Not a json array: "minecraft:crossbow"; Failed to parse either. First: Can't access registry ResourceKey[minecraft:root / minecraft:enchantment]; Second: Not a json array: {"condition":"minecraft:random_chance_with_enchanted_bonus","enchanted_chance":{"type":"minecraft:linear","base":0.095,"per_level_above_first":0.01},"enchantment":"minecraft:looting","unenchanted_chance":0.085}; Not a json array: "minecraft:golden_axe"; Failed to parse either. First: Can't access registry ResourceKey[minecraft:root / minecraft:enchantment]; Second: Not a json array: {"condition":"minecraft:random_chance_with_enchanted_bonus","enchanted_chance":{"type":"minecraft:linear","base":0.095,"per_level_above_first":0.01},"enchantment":"minecraft:looting","unenchanted_chance":0.085}; Not a json array: "minecraft:golden_sword"; Failed to parse either. First: Can't access registry ResourceKey[minecraft:root / minecraft:enchantment]; Second: Not a json array: {"condition":"minecraft:random_chance_with_enchanted_bonus","enchanted_chance":{"type":"minecraft:linear","base":0.095,"per_level_above_first":0.01},"enchantment":"minecraft:looting","unenchanted_chance":0.085}
[10May2026 17:33:36.823] [main/WARN] [com.yanny.ali.manager.FakeLootDataManager/]: Failed to parse fake loot table minecraft:entities/creeper: Not a json array: "minecraft:creeper"
[10May2026 17:33:36.823] [main/WARN] [com.yanny.ali.manager.FakeLootDataManager/]: Failed to parse fake loot table minecraft:entities/wither_skeleton: Not a json array: "minecraft:stone_sword"; Failed to parse either. First: Can't access registry ResourceKey[minecraft:root / minecraft:enchantment]; Second: Not a json array: {"condition":"minecraft:random_chance_with_enchanted_bonus","enchanted_chance":{"type":"minecraft:linear","base":0.095,"per_level_above_first":0.01},"enchantment":"minecraft:looting","unenchanted_chance":0.085}
[10May2026 17:33:36.892] [main/INFO] [villagerapi/]: Added 11 custom villager type(s) to Fisherman level 5 trade with PLAINS fallback
[10May2026 17:33:36.912] [main/INFO] [Moonlight/]: Applied 31 data villager trades
[10May2026 17:33:36.917] [main/INFO] [Moonlight/]: Failed to load custom color set definition {"id":"quark:rune","colors":{"default":"quark:blank_rune"},"replace":false}. Ignoring
[10May2026 17:33:36.917] [main/INFO] [Moonlight/]: Failed to load custom color set definition {"id":"quark:shard","colors":{"default":"quark:clear_shard"},"replace":false}. Ignoring
[10May2026 17:33:36.922] [main/INFO] [com.b1n_ry.yigd.Yigd/]: Reloading grave shape (server)
[10May2026 17:33:36.922] [main/INFO] [com.b1n_ry.yigd.Yigd/]: Grave model and shape reload successful (server)
[10May2026 17:33:36.923] [main/INFO] [com.b1n_ry.yigd.Yigd/]: Reloading YIGD graveyard data (server)
[10May2026 17:33:36.928] [main/INFO] [com.b1n_ry.yigd.Yigd/]: Graveyard data successfully reloaded (server)
[10May2026 17:33:36.928] [main/INFO] [com.b1n_ry.yigd.Yigd/]: Reloading YIGD grave area overrides (server)
[10May2026 17:33:36.929] [main/INFO] [com.b1n_ry.yigd.Yigd/]: Grave area overrides successfully reloaded (server)
[10May2026 17:33:36.961] [main/WARN] [net.minecraft.core.MappedRegistry/]: Not all defined tags for registry ResourceKey[minecraft:root / minecraft:block] are present in data pack: cataclysm:needs_black_steel_tool, cataclysm:needs_monstrosity_tool
[10May2026 17:33:36.981] [main/WARN] [net.minecraft.core.MappedRegistry/]: Not all defined tags for registry ResourceKey[minecraft:root / minecraft:item] are present in data pack: wetland_whimsy:flammable
[10May2026 17:33:37.425] [main/INFO] [Supplementaries/]: Registering custom dispenser behaviors
[10May2026 17:33:37.490] [main/WARN] [ModernFix/]: Initial datapack load took 8.984 s
[10May2026 17:33:37.580] [Server thread/INFO] [net.minecraft.server.dedicated.DedicatedServer/]: Starting minecraft server version 1.21.1
[10May2026 17:33:37.580] [Server thread/INFO] [net.minecraft.server.dedicated.DedicatedServer/]: Loading properties
[10May2026 17:33:37.581] [Server thread/INFO] [net.minecraft.server.dedicated.DedicatedServer/]: Default game type: SURVIVAL
[10May2026 17:33:37.581] [Server thread/INFO] [net.minecraft.server.MinecraftServer/]: Generating keypair
[10May2026 17:33:37.753] [Server thread/INFO] [net.minecraft.server.dedicated.DedicatedServer/]: Starting Minecraft server on *:25565
[10May2026 17:33:37.818] [Server thread/INFO] [net.minecraft.server.network.ServerConnectionListener/]: Using epoll channel type
[10May2026 17:33:37.873] [luna_minecraft-init/INFO] [luna_minecraft/]: request to 'us.mc.lunapixel.gg' took 34556290 ns
[10May2026 17:33:37.873] [luna_minecraft-init/INFO] [luna_minecraft/]: choosing 'us.mc.lunapixel.gg' as the best relay candidate
[10May2026 17:33:37.878] [Server thread/INFO] [net.minecraft.server.network.ServerConnectionListener/]: Using epoll channel type
[10May2026 17:33:37.886] [Server thread/WARN] [net.minecraft.server.dedicated.DedicatedServer/]: **** SERVER IS RUNNING IN OFFLINE/INSECURE MODE!
[10May2026 17:33:37.886] [Server thread/WARN] [net.minecraft.server.dedicated.DedicatedServer/]: The server will make no attempt to authenticate usernames. Beware.
[10May2026 17:33:37.887] [Server thread/WARN] [net.minecraft.server.dedicated.DedicatedServer/]: While this makes the game possible to play without internet access, it also opens up the ability for hackers to connect with any username they choose.
[10May2026 17:33:37.887] [Server thread/WARN] [net.minecraft.server.dedicated.DedicatedServer/]: To change this, set "online-mode" to "true" in the server.properties file.
[10May2026 17:33:37.911] [Server thread/INFO] [Puzzles Lib/]: Dispatching loading event for config netherchested-server.toml
[10May2026 17:33:37.913] [Server thread/INFO] [com.tom.storagemod.StorageMod/]: Loaded Tom's Simple Storage config file toms_storage-server.toml
[10May2026 17:33:37.915] [Server thread/INFO] [dmr/]: Loading server config
[10May2026 17:33:37.921] [Server thread/INFO] [Puzzles Lib/]: Dispatching loading event for config illagerinvasion-server.toml
[10May2026 17:33:37.925] [Server thread/INFO] [Puzzles Lib/]: Dispatching loading event for config easymagic-server.toml
[10May2026 17:33:37.927] [Server thread/INFO] [Puzzles Lib/]: Dispatching loading event for config skeletonaifix-server.toml
[10May2026 17:33:37.932] [Server thread/INFO] [Puzzles Lib/]: Dispatching loading event for config easyanvils-server.toml
[10May2026 17:33:37.938] [Server thread/INFO] [Puzzles Lib/]: Dispatching loading event for config leavesbegone-server.toml
[10May2026 17:33:37.944] [Server thread/INFO] [Puzzles Lib/]: Dispatching loading event for config convenienteffects-server.toml
[10May2026 17:33:37.963] [Server thread/INFO] [Puzzles Lib/]: Dispatching loading event for config tradingpost-server.toml
[10May2026 17:33:37.968] [Server thread/INFO] [Puzzles Lib/]: Dispatching loading event for config magnumtorch-server.toml
[10May2026 17:33:37.989] [Server thread/INFO] [Puzzles Lib/]: Dispatching loading event for config barteringstation-server.toml
[10May2026 17:33:38.065] [luna_minecraft-init/INFO] [luna_minecraft/]: request to 'eu.mc.lunapixel.gg' took 191257032 ns
[10May2026 17:33:38.065] [luna_minecraft-init/INFO] [luna_minecraft/]: using relay custom
[10May2026 17:33:38.082] [Server thread/WARN] [net.neoforged.neoforge.server.ServerLifecycleHooks/]: Detected alexsmobs:skreecher that was registered with CREATURE mob category but was added under MONSTER mob category for deeperdarker:blooming_caverns biome! Mobs should be added to biomes under the same mob category that the mob was registered as to prevent mob cap spawning issues.
[10May2026 17:33:38.136] [Server thread/WARN] [net.neoforged.neoforge.server.ServerLifecycleHooks/]: Detected alexsmobs:skreecher that was registered with CREATURE mob category but was added under MONSTER mob category for deeperdarker:deeplands biome! Mobs should be added to biomes under the same mob category that the mob was registered as to prevent mob cap spawning issues.
[10May2026 17:33:38.144] [Server thread/WARN] [net.neoforged.neoforge.server.ServerLifecycleHooks/]: Detected alexsmobs:skreecher that was registered with CREATURE mob category but was added under MONSTER mob category for deeperdarker:echoing_forest biome! Mobs should be added to biomes under the same mob category that the mob was registered as to prevent mob cap spawning issues.
[10May2026 17:33:38.601] [Server thread/INFO] [FTB Teams/]: loaded team data: 6 known players, 6 teams total
[10May2026 17:33:38.609] [Server thread/INFO] [Explorations/]: Config 'explorations.json' was successfully loaded.
[10May2026 17:33:38.610] [Server thread/INFO] [Explorations/]: Added statues to vanilla villages
[10May2026 17:33:38.611] [Server thread/INFO] [Sawmill/]: Injecting Carpenter Village Houses
[10May2026 17:33:38.697] [nioEventLoopGroup-2-1/INFO] [luna_minecraft/]: control channel open: [id: 0x5724e8d6, QuicStreamAddress{streamId=0}]
[10May2026 17:33:38.699] [nioEventLoopGroup-2-1/INFO] [luna_minecraft/]: control channel write complete
[10May2026 17:33:38.715] [nioEventLoopGroup-2-1/WARN] [luna_minecraft/]: Luna running on Dedicated Server; This works, but isn't recommended as Luna is designed for short-lived LAN servers
[10May2026 17:33:38.716] [nioEventLoopGroup-2-1/INFO] [luna_minecraft/]: Domain assigned: enchant-chorb.us.mc.lunapixel.gg
[10May2026 17:33:38.722] [Server thread/INFO] [spark/]: Starting background profiler...
[10May2026 17:33:39.535] [Server thread/INFO] [villagerapi/]: Validating POI types and professions...
[10May2026 17:33:39.536] [Server thread/INFO] [villagerapi/]: POI type validation: 10 valid, 0 invalid
[10May2026 17:33:39.536] [Server thread/INFO] [villagerapi/]: Profession validation: 10 valid, 0 invalid
[10May2026 17:33:39.537] [Server thread/INFO] [villagerapi/]: Cleared biome mappings cache
[10May2026 17:33:39.542] [Server thread/INFO] [villagerapi/]: Registered 3 biome-to-villager-type mappings from villagerpacks
[10May2026 17:33:39.542] [Server thread/INFO] [villagerapi/]: Registering trades for 10 professions from packs
[10May2026 17:33:39.543] [Server thread/INFO] [villagerapi/]: Registered trades from pack: woodworker
[10May2026 17:33:39.543] [Server thread/INFO] [villagerapi/]: Registered trades from pack: oceanographer
[10May2026 17:33:39.544] [Server thread/INFO] [villagerapi/]: Registered trades from pack: netherian
[10May2026 17:33:39.544] [Server thread/INFO] [villagerapi/]: Registered trades from pack: miner
[10May2026 17:33:39.544] [Server thread/INFO] [villagerapi/]: Registered trades from pack: iceman
[10May2026 17:33:39.545] [Server thread/INFO] [villagerapi/]: Registered trades from pack: hunter
[10May2026 17:33:39.545] [Server thread/INFO] [villagerapi/]: Registered trades from pack: florist
[10May2026 17:33:39.549] [Server thread/INFO] [villagerapi/]: Registered trades from pack: explorer
[10May2026 17:33:39.550] [Server thread/INFO] [villagerapi/]: Registered trades from pack: engineer
[10May2026 17:33:39.550] [Server thread/INFO] [villagerapi/]: Registered trades from pack: enderian
[10May2026 17:33:39.550] [Server thread/INFO] [villagerapi/]: Server starting initialization complete
[10May2026 17:33:39.551] [Server thread/INFO] [Framework/]: Loading server configs...
[10May2026 17:33:39.575] [Server thread/INFO] [xaero.pac.OpenPartiesAndClaims/]: Initializing Open Parties and Claims for the server...
[10May2026 17:33:39.589] [Server thread/INFO] [xaero.pac.OpenPartiesAndClaims/]: Loading server info!
[10May2026 17:33:39.661] [Server thread/INFO] [xaero.pac.OpenPartiesAndClaims/]: Loading player configs...
[10May2026 17:33:39.782] [Server thread/INFO] [xaero.pac.OpenPartiesAndClaims/]: Loaded player configs!
[10May2026 17:33:39.782] [Server thread/INFO] [xaero.pac.OpenPartiesAndClaims/]: Loading parties...
[10May2026 17:33:39.783] [Server thread/INFO] [xaero.pac.OpenPartiesAndClaims/]: Loaded parties!
[10May2026 17:33:39.784] [Server thread/INFO] [xaero.pac.OpenPartiesAndClaims/]: Fixing party inconsistencies...
[10May2026 17:33:39.837] [Server thread/INFO] [xaero.pac.OpenPartiesAndClaims/]: Registered party system for OPAC: default
[10May2026 17:33:39.837] [Server thread/INFO] [xaero.pac.OpenPartiesAndClaims/]: Registered party system for OPAC: ftb_teams
[10May2026 17:33:39.838] [Server thread/INFO] [xaero.pac.OpenPartiesAndClaims/]: Registered permission system for OPAC: permission_api
[10May2026 17:33:39.838] [Server thread/INFO] [xaero.pac.OpenPartiesAndClaims/]: Loading claims...
[10May2026 17:33:39.867] [Server thread/INFO] [xaero.pac.OpenPartiesAndClaims/]: Loaded claims in 29ms
[10May2026 17:33:39.867] [Server thread/WARN] [xaero.pac.OpenPartiesAndClaims/]: The configured permission system "prometheus" isn't registered!
[10May2026 17:33:39.867] [Server thread/INFO] [xaero.pac.OpenPartiesAndClaims/]: Configured OPAC to use the following permission system: permission_api
[10May2026 17:33:39.868] [Server thread/WARN] [xaero.pac.OpenPartiesAndClaims/]: The configured primary party system "argonauts_guilds" isn't registered!
[10May2026 17:33:39.868] [Server thread/INFO] [xaero.pac.OpenPartiesAndClaims/]: Configured OPAC to use the following party system as primary: default
[10May2026 17:33:40.491] [Server thread/INFO] [terrablender/]: Initialized TerraBlender biomes for level stem minecraft:overworld
[10May2026 17:33:40.493] [Server thread/INFO] [terrablender/]: Initialized TerraBlender biomes for level stem aether:the_aether
[10May2026 17:33:40.494] [Server thread/INFO] [terrablender/]: Initialized TerraBlender biomes for level stem minecraft:the_nether
[10May2026 17:33:40.495] [Server thread/INFO] [citadel/]: [Citadel] SurfaceRuleInitializer: Starting initialization...
[10May2026 17:33:40.496] [Server thread/INFO] [citadel/]: [Citadel] OVERWORLD rules registered: false
[10May2026 17:33:40.496] [Server thread/INFO] [citadel/]: [Citadel] Processing dimension: deeperdarker:otherside
[10May2026 17:33:40.497] [Server thread/INFO] [citadel/]: [Citadel] Processing dimension: twilightforest:twilight_forest
[10May2026 17:33:40.497] [Server thread/INFO] [citadel/]: [Citadel] Processing dimension: minecraft:the_end
[10May2026 17:33:40.497] [Server thread/INFO] [citadel/]: [Citadel] Processing dimension: minecraft:overworld
[10May2026 17:33:40.497] [Server thread/INFO] [citadel/]: [Citadel] Processing dimension: aether:the_aether
[10May2026 17:33:40.497] [Server thread/INFO] [citadel/]: [Citadel] Processing dimension: minecraft:the_nether
[10May2026 17:33:40.498] [Server thread/INFO] [citadel/]: [Citadel] SurfaceRuleInitializer: Initialization complete.
[10May2026 17:33:40.498] [Server thread/INFO] [net.minecraft.server.dedicated.DedicatedServer/]: Preparing level "world"
[10May2026 17:33:40.529] [Server thread/INFO] [CheckedThreadLocalRandom/]: Enforcing safe world random access
[10May2026 17:33:41.283] [Server thread/INFO] [TheSpeedyObjectFactory/]: Using TheSpeedyObjectFactory with Unsafe
[10May2026 17:33:45.577] [Server thread/INFO] [biolith/]: Ignoring world 'deeperdarker:otherside'; unknown dimension type: deeperdarker:otherside
[10May2026 17:33:45.602] [Server thread/INFO] [biolith/]: Ignoring world 'twilightforest:twilight_forest'; unknown dimension type: twilightforest:twilight_forest_type
[10May2026 17:33:45.650] [Server thread/INFO] [biolith/]: Ignoring world 'aether:the_aether'; unknown dimension type: aether:the_aether
[10May2026 17:33:45.671] [Server thread/WARN] [com.structureessentials.StructureEssentials/]: Non-unique structure_set salt:0 potentially creating overlapping structures detected. Structure sets: [twilightforest:dark_tower, minecraft:mineshafts, twilightforest:final_castle, twilightforest:large_hollow_hill, twilightforest:hedge_maze, minecraft:buried_treasures, twilightforest:giant_house, twilightforest:aurora_palace, twilightforest:naga_courtyard, twilightforest:lich_tower, twilightforest:labyrinth, twilightforest:yeti_cave, twilightforest:quest_grove, twilightforest:small_hollow_hill, minecraft:strongholds, twilightforest:troll_cave, twilightforest:medium_hollow_hill, twilightforest:knight_stronghold, twilightforest:hydra_lair]
[10May2026 17:33:45.671] [Server thread/WARN] [com.structureessentials.StructureEssentials/]: Non-unique structure_set salt:100922847 potentially creating overlapping structures detected. Structure sets: [mns:medium_house, mns:medium_house_2]
[10May2026 17:33:45.671] [Server thread/WARN] [com.structureessentials.StructureEssentials/]: Non-unique structure_set salt:10387313 potentially creating overlapping structures detected. Structure sets: [minecraft:ocean_monuments, minecraft:end_cities]
[10May2026 17:33:45.672] [Server thread/WARN] [com.structureessentials.StructureEssentials/]: Non-unique structure_set salt:298952413 potentially creating overlapping structures detected. Structure sets: [mvs:warped_house, mvs:nether_well]
[10May2026 17:33:45.672] [Server thread/WARN] [com.structureessentials.StructureEssentials/]: Non-unique structure_set salt:474578 potentially creating overlapping structures detected. Structure sets: [mns:bridge_4, mns:bridge_1]
[10May2026 17:33:45.672] [Server thread/WARN] [com.structureessentials.StructureEssentials/]: Non-unique structure_set salt:411702122 potentially creating overlapping structures detected. Structure sets: [repurposed_structures:outposts_overworld, repurposed_structures:outposts_ocean]
[10May2026 17:33:45.672] [Server thread/WARN] [com.structureessentials.StructureEssentials/]: Non-unique structure_set salt:429454167 potentially creating overlapping structures detected. Structure sets: [farmers_structures:honey_cake_farms_with_all, farmers_structures:ratatouilles_with_all, farmers_structures:afterdark_farms_with_all, farmers_structures:flesh_farms_with_all, farmers_structures:squids_with_all]
[10May2026 17:33:45.673] [Server thread/WARN] [com.structureessentials.StructureEssentials/]: Non-unique structure_set salt:784827271 potentially creating overlapping structures detected. Structure sets: [betterfortresses:fortress, betteroceanmonuments:ocean_monument]
[10May2026 17:33:45.674] [Server thread/WARN] [com.structureessentials.StructureEssentials/]: Non-unique structure_set salt:420699602 potentially creating overlapping structures detected. Structure sets: [structory_towers:ultra_rare_towers, structory_towers:towers, structory_towers:end_towers]
[10May2026 17:33:45.675] [Server thread/WARN] [com.structureessentials.StructureEssentials/]: Non-unique structure_set salt:10387319 potentially creating overlapping structures detected. Structure sets: [minecraft:illager_manor, minecraft:woodland_mansions]
[10May2026 17:33:45.881] [Server thread/WARN] [com.structureessentials.StructureEssentials/]: Adding Biomes to structure: adorabuild_structures:acacia_house_medium_1 tag:adorabuild_structures:has_structure/acacia_house mins:0.687 biomes: [minecraft:savanna_plateau:0.716]
[10May2026 17:33:45.883] [Server thread/WARN] [com.structureessentials.StructureEssentials/]: Adding Biomes to structure: adorabuild_structures:acacia_house_medium_2 tag:adorabuild_structures:has_structure/acacia_house mins:0.687 biomes: [minecraft:savanna_plateau:0.716]
[10May2026 17:33:45.885] [Server thread/WARN] [com.structureessentials.StructureEssentials/]: Adding Biomes to structure: adorabuild_structures:acacia_house_medium_3 tag:adorabuild_structures:has_structure/acacia_house mins:0.687 biomes: [minecraft:savanna_plateau:0.716]
[10May2026 17:33:45.888] [Server thread/WARN] [com.structureessentials.StructureEssentials/]: Adding Biomes to structure: adorabuild_structures:acacia_house_small_1 tag:adorabuild_structures:has_structure/acacia_house mins:0.687 biomes: [minecraft:savanna_plateau:0.716]
[10May2026 17:33:45.890] [Server thread/WARN] [com.structureessentials.StructureEssentials/]: Adding Biomes to structure: adorabuild_structures:acacia_house_small_2 tag:adorabuild_structures:has_structure/acacia_house mins:0.687 biomes: [minecraft:savanna_plateau:0.716]
[10May2026 17:33:45.898] [Server thread/WARN] [com.structureessentials.StructureEssentials/]: Adding Biomes to structure: adorabuild_structures:acacia_well_1 tag:adorabuild_structures:has_structure/acacia_house mins:0.687 biomes: [minecraft:savanna_plateau:0.716]
[10May2026 17:33:45.907] [Server thread/WARN] [com.structureessentials.StructureEssentials/]: Adding Biomes to structure: cataclysm:acropolis tag:cataclysm:has_structure/acropolis_biomes mins:1.032 biomes: [minecraft:lukewarm_ocean:1.075]
[10May2026 17:33:46.207] [Server thread/WARN] [com.structureessentials.StructureEssentials/]: Adding Biomes to structure: explorify:badlands_pyramid tag:explorify:has_structure/badlands_pyramid mins:1.307 biomes: [minecraft:eroded_badlands:1.361]
[10May2026 17:33:46.221] [Server thread/WARN] [com.structureessentials.StructureEssentials/]: Adding Biomes to structure: repurposed_structures:bastion_underground tag:repurposed_structures:has_structure/bastions/underground mins:0.531 biomes: [biomeswevegone:maple_taiga:0.553]
[10May2026 17:33:46.223] [Server thread/WARN] [com.structureessentials.StructureEssentials/]: Adding Biomes to structure: dungeons_arise:bathhouse tag:dungeons_arise:has_structure/bathhouse_biomes mins:0.541 biomes: [minecraft:old_growth_birch_forest:0.544]
[10May2026 17:33:46.225] [Server thread/WARN] [com.structureessentials.StructureEssentials/]: Adding Biomes to structure: mvs:bee_dome tag:c:is_birch_forest mins:0.873 biomes: [minecraft:forest:0.909, minecraft:dark_forest:0.888]
[10May2026 17:33:46.235] [Server thread/WARN] [com.structureessentials.StructureEssentials/]: Adding Biomes to structure: mvs:birch_log_pile tag:c:is_birch_forest mins:0.873 biomes: [minecraft:forest:0.909, minecraft:dark_forest:0.888]
[10May2026 17:33:46.236] [Server thread/WARN] [com.structureessentials.StructureEssentials/]: Adding Biomes to structure: mvs:birch_tree tag:c:is_birch_forest mins:0.873 biomes: [minecraft:forest:0.909, minecraft:dark_forest:0.888]
[10May2026 17:33:46.238] [Server thread/WARN] [com.structureessentials.StructureEssentials/]: Adding Biomes to structure: mvs:birch_well tag:c:is_birch_forest mins:0.873 biomes: [minecraft:forest:0.909, minecraft:dark_forest:0.888]
[10May2026 17:33:46.270] [Server thread/WARN] [com.structureessentials.StructureEssentials/]: Adding Biomes to structure: adventuredungeons:bygonedungeon tag:adventuredungeons:bygonedungeon mins:0.757 biomes: [minecraft:dark_forest:0.789]
[10May2026 17:33:46.303] [Server thread/WARN] [com.structureessentials.StructureEssentials/]: Adding Biomes to structure: formationsoverworld:copper_spire tag:formationsoverworld:has_structure/copper_spire mins:0.525 biomes: [minecraft:sunflower_plains:0.532]
[10May2026 17:33:46.316] [Server thread/WARN] [com.structureessentials.StructureEssentials/]: Adding Biomes to structure: adorabuild_structures:dark_oak_ship_1 tag:adorabuild_structures:ocean/any mins:0.67 biomes: [minecraft:deep_frozen_ocean:0.698]
[10May2026 17:33:46.321] [Server thread/WARN] [com.structureessentials.StructureEssentials/]: Adding Biomes to structure: mvs:dead_tree_birch tag:c:is_birch_forest mins:0.873 biomes: [minecraft:forest:0.909, minecraft:dark_forest:0.888]
[10May2026 17:33:46.331] [Server thread/WARN] [com.structureessentials.StructureEssentials/]: Adding Biomes to structure: structory:dense_forest_ruin tag:structory:has_structure/old_manor mins:0.696 biomes: [minecraft:old_growth_birch_forest:0.698]
[10May2026 17:33:46.376] [Server thread/WARN] [com.structureessentials.StructureEssentials/]: Adding Biomes to structure: formationsoverworld:farmland_field tag:formationsoverworld:has_structure/farmland_field mins:0.683 biomes: [minecraft:sunflower_plains:0.712]
[10May2026 17:33:46.377] [Server thread/WARN] [com.structureessentials.StructureEssentials/]: Adding Biomes to structure: explorify:farmstead tag:explorify:has_structure/farmstead mins:0.694 biomes: [minecraft:sunflower_plains:0.723]
[10May2026 17:33:46.382] [Server thread/WARN] [com.structureessentials.StructureEssentials/]: Adding Biomes to structure: structory:firetower tag:structory:has_structure/firetower mins:0.607 biomes: [minecraft:birch_forest:0.632]
[10May2026 17:33:46.391] [Server thread/WARN] [com.structureessentials.StructureEssentials/]: Adding Biomes to structure: structory_towers:foraging_outpost tag:structory_towers:dense_forests mins:0.739 biomes: [minecraft:birch_forest:0.769]
[10May2026 17:33:46.416] [Server thread/WARN] [com.structureessentials.StructureEssentials/]: Adding Biomes to structure: formationsoverworld:hobbit_hole tag:formationsoverworld:has_structure/hobbit_hole mins:0.525 biomes: [minecraft:sunflower_plains:0.532]
[10May2026 17:33:46.425] [Server thread/WARN] [com.structureessentials.StructureEssentials/]: Adding Biomes to structure: formationsoverworld:ice_castle tag:formationsoverworld:has_structure/ice_castle mins:0.772 biomes: [minecraft:deep_cold_ocean:0.804]
[10May2026 17:33:46.441] [Server thread/WARN] [com.structureessentials.StructureEssentials/]: Adding Biomes to structure: illagerinvasion:illusioner_tower tag:illagerinvasion:has_structure/illusioner_tower mins:0.643 biomes: [minecraft:old_growth_birch_forest:0.655]
[10May2026 17:33:46.445] [Server thread/WARN] [com.structureessentials.StructureEssentials/]: Adding Biomes to structure: adorabuild_structures:jungle_house_small_1 tag:adorabuild_structures:has_structure/jungle_house mins:0.712 biomes: [biomeswevegone:tropical_rainforest:0.742]
[10May2026 17:33:46.453] [Server thread/WARN] [com.structureessentials.StructureEssentials/]: Adding Biomes to structure: adorabuild_structures:jungle_tree_house_1 tag:adorabuild_structures:has_structure/jungle_house mins:0.712 biomes: [biomeswevegone:tropical_rainforest:0.742]
[10May2026 17:33:46.490] [Server thread/WARN] [com.structureessentials.StructureEssentials/]: Adding Biomes to structure: adorabuild_structures:mangrove_ship_1 tag:adorabuild_structures:ocean/cold mins:0.77 biomes: [minecraft:deep_frozen_ocean:0.802]
[10May2026 17:33:46.493] [Server thread/WARN] [com.structureessentials.StructureEssentials/]: Adding Biomes to structure: repurposed_structures:mansion_birch tag:repurposed_structures:has_structure/mansions/birch mins:0.873 biomes: [minecraft:forest:0.909, minecraft:dark_forest:0.888]
[10May2026 17:33:46.501] [Server thread/WARN] [com.structureessentials.StructureEssentials/]: Adding Biomes to structure: explorify:mausoleum tag:explorify:has_structure/mausoleum mins:0.589 biomes: [minecraft:old_growth_spruce_taiga:0.593, biomeswevegone:maple_taiga:0.613]
[10May2026 17:33:46.527] [Server thread/WARN] [com.structureessentials.StructureEssentials/]: Adding Biomes to structure: minecraft:mineshaft tag:minecraft:has_structure/mineshaft mins:0.504 biomes: [biomeswevegone:bayou:0.512, biomeswevegone:cypress_swamplands:0.521, biomeswevegone:cypress_wetlands:0.518, biomeswevegone:white_mangrove_marshes:0.514]
[10May2026 17:33:46.531] [Server thread/WARN] [com.structureessentials.StructureEssentials/]: Adding Biomes to structure: repurposed_structures:mineshaft_birch tag:repurposed_structures:has_structure/mineshafts/birch mins:0.873 biomes: [minecraft:forest:0.909, minecraft:dark_forest:0.888]
[10May2026 17:33:46.551] [Server thread/WARN] [com.structureessentials.StructureEssentials/]: Adding Biomes to structure: repurposed_structures:mineshaft_taiga tag:repurposed_structures:has_structure/mineshafts/taiga mins:0.691 biomes: [biomeswevegone:maple_taiga:0.72]
[10May2026 17:33:46.564] [Server thread/WARN] [com.structureessentials.StructureEssentials/]: Adding Biomes to structure: adventuredungeons:murkydungeon tag:adventuredungeons:murkydungeon mins:0.929 biomes: [biomeswevegone:cypress_swamplands:0.968]
[10May2026 17:33:46.611] [Server thread/WARN] [com.structureessentials.StructureEssentials/]: Adding Biomes to structure: structory:old_manor tag:structory:has_structure/old_manor mins:0.696 biomes: [minecraft:old_growth_birch_forest:0.698]
[10May2026 17:33:46.617] [Server thread/WARN] [com.structureessentials.StructureEssentials/]: Adding Biomes to structure: structory:outcast_villager_grassy tag:structory:has_structure/outcast_villager_grassy mins:0.636 biomes: [minecraft:dark_forest:0.662]
[10May2026 17:33:46.621] [Server thread/WARN] [com.structureessentials.StructureEssentials/]: Adding Biomes to structure: repurposed_structures:outpost_birch tag:repurposed_structures:has_structure/outposts/birch mins:0.873 biomes: [minecraft:forest:0.909, minecraft:dark_forest:0.888]
[10May2026 17:33:46.643] [Server thread/WARN] [com.structureessentials.StructureEssentials/]: Adding Biomes to structure: structory_towers:pillager_lookout tag:minecraft:has_structure/pillager_outpost mins:0.538 biomes: [minecraft:old_growth_spruce_taiga:0.538]
[10May2026 17:33:46.645] [Server thread/WARN] [com.structureessentials.StructureEssentials/]: Adding Biomes to structure: minecraft:pillager_outpost tag:minecraft:has_structure/pillager_outpost mins:0.538 biomes: [minecraft:old_growth_spruce_taiga:0.538]
[10May2026 17:33:46.653] [Server thread/WARN] [com.structureessentials.StructureEssentials/]: Adding Biomes to structure: adorabuild_structures:prison_large_1 tag:adorabuild_structures:has_structure/prison mins:0.593 biomes: [biomeswevegone:zelkova_forest:0.604]
[10May2026 17:33:46.654] [Server thread/WARN] [com.structureessentials.StructureEssentials/]: Adding Biomes to structure: adorabuild_structures:prison_small_1 tag:adorabuild_structures:has_structure/prison mins:0.593 biomes: [biomeswevegone:zelkova_forest:0.604]
[10May2026 17:33:46.682] [Server thread/WARN] [com.structureessentials.StructureEssentials/]: Adding Biomes to structure: structory:ruin_grassy tag:structory:has_structure/outcast_villager_grassy mins:0.636 biomes: [minecraft:dark_forest:0.662]
[10May2026 17:33:46.694] [Server thread/WARN] [com.structureessentials.StructureEssentials/]: Adding Biomes to structure: minecraft:ruined_portal_swamp tag:minecraft:has_structure/ruined_portal_swamp mins:0.873 biomes: [biomeswevegone:white_mangrove_marshes:0.909, biomeswevegone:cypress_swamplands:0.893]
[10May2026 17:33:46.696] [Server thread/WARN] [com.structureessentials.StructureEssentials/]: Adding Biomes to structure: repurposed_structures:ruins_land_cold tag:repurposed_structures:has_structure/ruins/land_cold mins:0.722 biomes: [minecraft:old_growth_pine_taiga:0.728]
[10May2026 17:33:46.703] [Server thread/WARN] [com.structureessentials.StructureEssentials/]: Adding Biomes to structure: adventuredungeons:ruins_standard tag:adventuredungeons:ruins_standard mins:0.684 biomes: [minecraft:birch_forest:0.695]
[10May2026 17:33:46.727] [Server thread/WARN] [com.structureessentials.StructureEssentials/]: Adding Biomes to structure: betterdungeons:skeleton_dungeon tag:betterdungeons:has_structure/skeleton_dungeon mins:0.501 biomes: [minecraft:mangrove_swamp:0.51, biomeswevegone:cypress_swamplands:0.506]
[10May2026 17:33:46.732] [Server thread/WARN] [com.structureessentials.StructureEssentials/]: Adding Biomes to structure: mvs:small_birch_lantern tag:c:is_birch_forest mins:0.873 biomes: [minecraft:forest:0.909, minecraft:dark_forest:0.888]
[10May2026 17:33:46.739] [Server thread/WARN] [com.structureessentials.StructureEssentials/]: Adding Biomes to structure: betterdungeons:small_dungeon tag:betterdungeons:has_structure/small_dungeon mins:0.501 biomes: [minecraft:mangrove_swamp:0.51, biomeswevegone:cypress_swamplands:0.506]
[10May2026 17:33:46.741] [Server thread/WARN] [com.structureessentials.StructureEssentials/]: Adding Biomes to structure: structory_towers:small_firetower tag:structory_towers:birch_biomes mins:0.873 biomes: [minecraft:forest:0.909, minecraft:dark_forest:0.888]
[10May2026 17:33:46.744] [Server thread/WARN] [com.structureessentials.StructureEssentials/]: Adding Biomes to structure: formationsoverworld:small_house tag:formationsoverworld:has_structure/small_house mins:0.514 biomes: [minecraft:sunflower_plains:0.535]
[10May2026 17:33:46.759] [Server thread/WARN] [com.structureessentials.StructureEssentials/]: Adding Biomes to structure: formationsoverworld:small_statue tag:formationsoverworld:has_structure/small_statue mins:0.525 biomes: [minecraft:sunflower_plains:0.532]
[10May2026 17:33:46.765] [Server thread/WARN] [com.structureessentials.StructureEssentials/]: Adding Biomes to structure: ivp:small_village_plains tag:minecraft:has_structure/village_plains mins:0.694 biomes: [minecraft:sunflower_plains:0.723]
[10May2026 17:33:46.767] [Server thread/WARN] [com.structureessentials.StructureEssentials/]: Adding Biomes to structure: ivp:small_village_savanna tag:minecraft:has_structure/village_savanna mins:0.687 biomes: [minecraft:savanna_plateau:0.716]
[10May2026 17:33:46.768] [Server thread/WARN] [com.structureessentials.StructureEssentials/]: Adding Biomes to structure: ivp:small_village_taiga tag:minecraft:has_structure/village_taiga mins:0.713 biomes: [minecraft:old_growth_spruce_taiga:0.719]
[10May2026 17:33:46.778] [Server thread/WARN] [com.structureessentials.StructureEssentials/]: Adding Biomes to structure: betterdungeons:spider_dungeon tag:betterdungeons:has_structure/spider_dungeon mins:0.501 biomes: [minecraft:mangrove_swamp:0.51, biomeswevegone:cypress_swamplands:0.506]
[10May2026 17:33:46.784] [Server thread/WARN] [com.structureessentials.StructureEssentials/]: Adding Biomes to structure: adorabuild_structures:spruce_ship_1 tag:adorabuild_structures:ocean/cold mins:0.77 biomes: [minecraft:deep_frozen_ocean:0.802]
[10May2026 17:33:46.788] [Server thread/WARN] [com.structureessentials.StructureEssentials/]: Adding Biomes to structure: farmers_structures:squids tag:farmers_structures:is_squid_spawn mins:0.589 biomes: [minecraft:old_growth_birch_forest:0.606]
[10May2026 17:33:46.794] [Server thread/WARN] [com.structureessentials.StructureEssentials/]: Adding Biomes to structure: formationsoverworld:stone_ore_spikes tag:formationsoverworld:has_structure/stone_ore_spikes mins:0.529 biomes: [minecraft:sunflower_plains:0.541]
[10May2026 17:33:46.802] [Server thread/WARN] [com.structureessentials.StructureEssentials/]: Adding Biomes to structure: betterstrongholds:stronghold tag:betterstrongholds:has_structure/better_stronghold mins:0.501 biomes: [minecraft:mangrove_swamp:0.51, biomeswevegone:cypress_swamplands:0.506]
[10May2026 17:33:46.809] [Server thread/WARN] [com.structureessentials.StructureEssentials/]: Adding Biomes to structure: explorify:supply_cache/birch tag:explorify:has_structure/supply_cache/birch mins:0.873 biomes: [minecraft:forest:0.909, minecraft:dark_forest:0.888]
[10May2026 17:33:46.813] [Server thread/WARN] [com.structureessentials.StructureEssentials/]: Adding Biomes to structure: explorify:supply_cache/jungle tag:explorify:has_structure/supply_cache/jungle mins:0.967 biomes: [minecraft:bamboo_jungle:1.007]
[10May2026 17:33:46.815] [Server thread/WARN] [com.structureessentials.StructureEssentials/]: Adding Biomes to structure: explorify:supply_cache/taiga tag:explorify:has_structure/supply_cache/taiga mins:0.626 biomes: [biomeswevegone:maple_taiga:0.653]
[10May2026 17:33:46.819] [Server thread/WARN] [com.structureessentials.StructureEssentials/]: Adding Biomes to structure: minecraft:swamp_hut tag:minecraft:has_structure/swamp_hut mins:0.853 biomes: [minecraft:mangrove_swamp:0.888]
[10May2026 17:33:46.828] [Server thread/WARN] [com.structureessentials.StructureEssentials/]: Adding Biomes to structure: explorify:tavern tag:explorify:has_structure/tavern mins:0.703 biomes: [minecraft:dark_forest:0.733]
[10May2026 17:33:46.835] [Server thread/WARN] [com.structureessentials.StructureEssentials/]: Adding Biomes to structure: formationsoverworld:tiny_house tag:formationsoverworld:has_structure/tiny_house mins:0.514 biomes: [minecraft:sunflower_plains:0.535]
[10May2026 17:33:46.836] [Server thread/WARN] [com.structureessentials.StructureEssentials/]: Adding Biomes to structure: formationsoverworld:tower_remnant tag:formationsoverworld:has_structure/tower_remnant mins:0.525 biomes: [minecraft:sunflower_plains:0.532]
[10May2026 17:33:46.838] [Server thread/WARN] [com.structureessentials.StructureEssentials/]: Adding Biomes to structure: minecraft:trail_ruins tag:minecraft:has_structure/trail_ruins mins:0.578 biomes: [minecraft:birch_forest:0.602]
[10May2026 17:33:46.851] [Server thread/WARN] [com.structureessentials.StructureEssentials/]: Adding Biomes to structure: adventuredungeons:underground_camp tag:minecraft:has_structure/pillager_outpost mins:0.538 biomes: [minecraft:old_growth_spruce_taiga:0.538]
[10May2026 17:33:46.861] [Server thread/WARN] [com.structureessentials.StructureEssentials/]: Adding Biomes to structure: biomeswevegone:village/red_rock tag:biomeswevegone:has_structure/village_red_rock mins:0.905 biomes: [biomeswevegone:red_rock_peaks:0.943]
[10May2026 17:33:46.862] [Server thread/WARN] [com.structureessentials.StructureEssentials/]: Adding Biomes to structure: biomeswevegone:village/salem tag:biomeswevegone:has_structure/village_salem mins:0.848 biomes: [biomeswevegone:zelkova_forest:0.883]
[10May2026 17:33:46.864] [Server thread/WARN] [com.structureessentials.StructureEssentials/]: Adding Biomes to structure: biomeswevegone:village/skyris tag:biomeswevegone:has_structure/village_skyris mins:0.848 biomes: [biomeswevegone:coniferous_forest:0.875, biomeswevegone:dacite_ridges:0.883, biomeswevegone:weeping_witch_forest:0.883, biomeswevegone:zelkova_forest:0.874]
[10May2026 17:33:46.865] [Server thread/WARN] [com.structureessentials.StructureEssentials/]: Adding Biomes to structure: biomeswevegone:village/swamp tag:biomeswevegone:has_structure/village_swamp mins:1.003 biomes: [biomeswevegone:bayou:1.045, biomeswevegone:white_mangrove_marshes:1.034]
[10May2026 17:33:46.868] [Server thread/WARN] [com.structureessentials.StructureEssentials/]: Adding Biomes to structure: repurposed_structures:village_birch tag:repurposed_structures:has_structure/villages/birch mins:0.873 biomes: [minecraft:forest:0.909, minecraft:dark_forest:0.888]
[10May2026 17:33:46.879] [Server thread/WARN] [com.structureessentials.StructureEssentials/]: Adding Biomes to structure: minecraft:village_plains tag:minecraft:has_structure/village_plains mins:0.694 biomes: [minecraft:sunflower_plains:0.723]
[10May2026 17:33:46.881] [Server thread/WARN] [com.structureessentials.StructureEssentials/]: Adding Biomes to structure: minecraft:village_savanna tag:minecraft:has_structure/village_savanna mins:0.687 biomes: [minecraft:savanna_plateau:0.716]
[10May2026 17:33:46.885] [Server thread/WARN] [com.structureessentials.StructureEssentials/]: Adding Biomes to structure: minecraft:village_taiga tag:minecraft:has_structure/village_taiga mins:0.713 biomes: [minecraft:old_growth_spruce_taiga:0.719]
[10May2026 17:33:46.887] [Server thread/WARN] [com.structureessentials.StructureEssentials/]: Adding Biomes to structure: villagesandpillages:village_witch tag:villagesandpillages:has_structure/village_witch mins:0.929 biomes: [biomeswevegone:cypress_swamplands:0.968]
[10May2026 17:33:46.902] [Server thread/WARN] [com.structureessentials.StructureEssentials/]: Adding Biomes to structure: explorify:watchtower/plains tag:explorify:has_structure/watchtower_plains mins:0.694 biomes: [minecraft:sunflower_plains:0.723]
[10May2026 17:33:46.903] [Server thread/WARN] [com.structureessentials.StructureEssentials/]: Adding Biomes to structure: explorify:watchtower/savanna tag:explorify:has_structure/watchtower_savanna mins:0.687 biomes: [minecraft:savanna_plateau:0.716]
[10May2026 17:33:46.907] [Server thread/WARN] [com.structureessentials.StructureEssentials/]: Adding Biomes to structure: formationsoverworld:well tag:formationsoverworld:has_structure/well mins:0.525 biomes: [minecraft:sunflower_plains:0.532]
[10May2026 17:33:46.918] [Server thread/WARN] [com.structureessentials.StructureEssentials/]: Adding Biomes to structure: betterwitchhuts:witch_hut tag:betterwitchhuts:has_structure/better_witch_hut mins:0.873 biomes: [biomeswevegone:white_mangrove_marshes:0.909, biomeswevegone:cypress_swamplands:0.893]
[10May2026 17:33:46.919] [Server thread/WARN] [com.structureessentials.StructureEssentials/]: Adding Biomes to structure: wetland_whimsy:witch_hut tag:minecraft:has_structure/swamp_hut mins:0.853 biomes: [minecraft:mangrove_swamp:0.888]
[10May2026 17:33:46.920] [Server thread/WARN] [com.structureessentials.StructureEssentials/]: Adding Biomes to structure: repurposed_structures:witch_hut_birch tag:repurposed_structures:has_structure/witch_huts/birch mins:0.873 biomes: [minecraft:forest:0.909, minecraft:dark_forest:0.888]
[10May2026 17:33:46.936] [Server thread/WARN] [com.structureessentials.StructureEssentials/]: Adding Biomes to structure: betterdungeons:zombie_dungeon tag:betterdungeons:has_structure/zombie_dungeon mins:0.501 biomes: [minecraft:mangrove_swamp:0.51, biomeswevegone:cypress_swamplands:0.506]
[10May2026 17:33:46.936] [Server thread/INFO] [net.minecraft.server.MinecraftServer/]: Preparing start region for dimension minecraft:overworld
[10May2026 17:33:47.370] [c2me-worker-2/INFO] [net.minecraft.server.level.progress.LoggerChunkProgressListener/]: Preparing spawn area: 0%
[10May2026 17:33:47.438] [c2me-worker-1/INFO] [net.minecraft.server.level.progress.LoggerChunkProgressListener/]: Preparing spawn area: 0%
[10May2026 17:33:47.938] [c2me-worker-0/INFO] [net.minecraft.server.level.progress.LoggerChunkProgressListener/]: Preparing spawn area: 67%
[10May2026 17:33:49.025] [c2me-worker-0/INFO] [net.minecraft.server.level.progress.LoggerChunkProgressListener/]: Preparing spawn area: 95%
[10May2026 17:33:49.027] [c2me-worker-0/INFO] [net.minecraft.server.level.progress.LoggerChunkProgressListener/]: Preparing spawn area: 95%
[10May2026 17:33:49.382] [Server thread/INFO] [net.minecraft.server.level.progress.LoggerChunkProgressListener/]: Time elapsed: 2445 ms
[10May2026 17:33:49.384] [Server thread/INFO] [net.minecraft.server.dedicated.DedicatedServer/]: Done (11.477s)! For help, type "help"
[10May2026 17:33:50.664] [Server thread/INFO] [net.neoforged.neoforge.server.permission.PermissionAPI/]: Successfully initialized permission handler neoforge:default_handler
[10May2026 17:33:50.691] [Server thread/INFO] [com.misterxycb.horsebreedingfix.HorseBreedingFix/]: Initialized horse-breeding-fix!
[10May2026 17:33:50.692] [Server thread/INFO] [nanny/]: Scouting a NaNny...
[10May2026 17:33:50.692] [Server thread/INFO] [com.yanny.aci.manager.CorePluginManager/]: Registering server plugin data...
[10May2026 17:33:50.702] [Server thread/WARN] [com.yanny.ali.plugin.mods.PluginUtils/]: Failed to register item listing for net.mehvahdjukaar.sawmill.CarpenterTrades$LogStrippingListing with error net.mehvahdjukaar.sawmill.CarpenterTrades$LogStrippingListing
java.lang.ClassNotFoundException: net.mehvahdjukaar.sawmill.CarpenterTrades$LogStrippingListing
	at cpw.mods.securejarhandler/cpw.mods.cl.ModuleClassLoader.loadClass(ModuleClassLoader.java:220) ~[securejarhandler-3.0.8.jar:?]
	at java.base/java.lang.ClassLoader.loadClass(ClassLoader.java:526) ~[?:?]
	at java.base/java.lang.Class.forName0(Native Method) ~[?:?]
	at java.base/java.lang.Class.forName(Class.java:423) ~[?:?]
	at java.base/java.lang.Class.forName(Class.java:414) ~[?:?]
	at TRANSFORMER/ali@1.9.1/com.yanny.ali.plugin.mods.PluginUtils.registerItemListing(PluginUtils.java:247) ~[AdvancedLootInfo-neoforge-1.21.1-1.10.0.jar%23421!/:?]
	at TRANSFORMER/ali@1.9.1/com.yanny.ali.plugin.mods.sawmill.Plugin.registerServer(Plugin.java:19) ~[AdvancedLootInfo-neoforge-1.21.1-1.10.0.jar%23421!/:?]
	at TRANSFORMER/ali@1.9.1/com.yanny.ali.plugin.mods.sawmill.Plugin.registerServer(Plugin.java:9) ~[AdvancedLootInfo-neoforge-1.21.1-1.10.0.jar%23421!/:?]
	at TRANSFORMER/ali@1.9.1/com.yanny.aci.manager.CorePluginManager.registerServerData(CorePluginManager.java:121) ~[AdvancedLootInfo-neoforge-1.21.1-1.10.0.jar%23421!/:?]
	at TRANSFORMER/ali@1.9.1/com.yanny.aci.manager.CorePluginManager.registerServerEvent(CorePluginManager.java:70) ~[AdvancedLootInfo-neoforge-1.21.1-1.10.0.jar%23421!/:?]
	at TRANSFORMER/ali@1.9.1/com.yanny.ali.neoforge.NeoForgeCommonBusSubscriber.onServerStarting(NeoForgeCommonBusSubscriber.java:15) ~[AdvancedLootInfo-neoforge-1.21.1-1.10.0.jar%23421!/:?]
	at MC-BOOTSTRAP/net.neoforged.bus/net.neoforged.bus.EventBus.post(EventBus.java:360) ~[bus-8.0.5.jar%2362!/:?]
	at MC-BOOTSTRAP/net.neoforged.bus/net.neoforged.bus.EventBus.post(EventBus.java:328) ~[bus-8.0.5.jar%2362!/:?]
	at TRANSFORMER/neoforge@21.1.228/net.neoforged.neoforge.server.ServerLifecycleHooks.handleServerStarting(ServerLifecycleHooks.java:109) ~[neoforge-21.1.228-universal.jar%23414!/:?]
	at TRANSFORMER/minecraft@1.21.1/net.minecraft.server.dedicated.DedicatedServer.initServer(DedicatedServer.java:230) ~[server-1.21.1-20240808.144430-srg.jar%23413!/:?]
	at TRANSFORMER/minecraft@1.21.1/net.minecraft.server.MinecraftServer.runServer(MinecraftServer.java:670) ~[server-1.21.1-20240808.144430-srg.jar%23413!/:?]
	at TRANSFORMER/minecraft@1.21.1/net.minecraft.server.MinecraftServer.lambda$spin$2(MinecraftServer.java:267) ~[server-1.21.1-20240808.144430-srg.jar%23413!/:?]
	at java.base/java.lang.Thread.run(Thread.java:1583) [?:?]
[10May2026 17:33:50.704] [Server thread/WARN] [com.yanny.ali.plugin.mods.PluginUtils/]: Failed to register item listing for net.mehvahdjukaar.sawmill.CarpenterTrades$WoodToItemListing with error net.mehvahdjukaar.sawmill.CarpenterTrades$WoodToItemListing
java.lang.ClassNotFoundException: net.mehvahdjukaar.sawmill.CarpenterTrades$WoodToItemListing
	at cpw.mods.securejarhandler/cpw.mods.cl.ModuleClassLoader.loadClass(ModuleClassLoader.java:220) ~[securejarhandler-3.0.8.jar:?]
	at java.base/java.lang.ClassLoader.loadClass(ClassLoader.java:526) ~[?:?]
	at java.base/java.lang.Class.forName0(Native Method) ~[?:?]
	at java.base/java.lang.Class.forName(Class.java:423) ~[?:?]
	at java.base/java.lang.Class.forName(Class.java:414) ~[?:?]
	at TRANSFORMER/ali@1.9.1/com.yanny.ali.plugin.mods.PluginUtils.registerItemListing(PluginUtils.java:247) ~[AdvancedLootInfo-neoforge-1.21.1-1.10.0.jar%23421!/:?]
	at TRANSFORMER/ali@1.9.1/com.yanny.ali.plugin.mods.sawmill.Plugin.registerServer(Plugin.java:20) ~[AdvancedLootInfo-neoforge-1.21.1-1.10.0.jar%23421!/:?]
	at TRANSFORMER/ali@1.9.1/com.yanny.ali.plugin.mods.sawmill.Plugin.registerServer(Plugin.java:9) ~[AdvancedLootInfo-neoforge-1.21.1-1.10.0.jar%23421!/:?]
	at TRANSFORMER/ali@1.9.1/com.yanny.aci.manager.CorePluginManager.registerServerData(CorePluginManager.java:121) ~[AdvancedLootInfo-neoforge-1.21.1-1.10.0.jar%23421!/:?]
	at TRANSFORMER/ali@1.9.1/com.yanny.aci.manager.CorePluginManager.registerServerEvent(CorePluginManager.java:70) ~[AdvancedLootInfo-neoforge-1.21.1-1.10.0.jar%23421!/:?]
	at TRANSFORMER/ali@1.9.1/com.yanny.ali.neoforge.NeoForgeCommonBusSubscriber.onServerStarting(NeoForgeCommonBusSubscriber.java:15) ~[AdvancedLootInfo-neoforge-1.21.1-1.10.0.jar%23421!/:?]
	at MC-BOOTSTRAP/net.neoforged.bus/net.neoforged.bus.EventBus.post(EventBus.java:360) ~[bus-8.0.5.jar%2362!/:?]
	at MC-BOOTSTRAP/net.neoforged.bus/net.neoforged.bus.EventBus.post(EventBus.java:328) ~[bus-8.0.5.jar%2362!/:?]
	at TRANSFORMER/neoforge@21.1.228/net.neoforged.neoforge.server.ServerLifecycleHooks.handleServerStarting(ServerLifecycleHooks.java:109) ~[neoforge-21.1.228-universal.jar%23414!/:?]
	at TRANSFORMER/minecraft@1.21.1/net.minecraft.server.dedicated.DedicatedServer.initServer(DedicatedServer.java:230) ~[server-1.21.1-20240808.144430-srg.jar%23413!/:?]
	at TRANSFORMER/minecraft@1.21.1/net.minecraft.server.MinecraftServer.runServer(MinecraftServer.java:670) ~[server-1.21.1-20240808.144430-srg.jar%23413!/:?]
	at TRANSFORMER/minecraft@1.21.1/net.minecraft.server.MinecraftServer.lambda$spin$2(MinecraftServer.java:267) ~[server-1.21.1-20240808.144430-srg.jar%23413!/:?]
	at java.base/java.lang.Thread.run(Thread.java:1583) [?:?]
[10May2026 17:33:50.705] [Server thread/WARN] [com.yanny.ali.plugin.mods.PluginUtils/]: Failed to register item listing collector for net.mehvahdjukaar.sawmill.CarpenterTrades$LogStrippingListing with error net.mehvahdjukaar.sawmill.CarpenterTrades$LogStrippingListing
java.lang.ClassNotFoundException: net.mehvahdjukaar.sawmill.CarpenterTrades$LogStrippingListing
	at cpw.mods.securejarhandler/cpw.mods.cl.ModuleClassLoader.loadClass(ModuleClassLoader.java:220) ~[securejarhandler-3.0.8.jar:?]
	at java.base/java.lang.ClassLoader.loadClass(ClassLoader.java:526) ~[?:?]
	at java.base/java.lang.Class.forName0(Native Method) ~[?:?]
	at java.base/java.lang.Class.forName(Class.java:423) ~[?:?]
	at java.base/java.lang.Class.forName(Class.java:414) ~[?:?]
	at TRANSFORMER/ali@1.9.1/com.yanny.ali.plugin.mods.PluginUtils.registerItemListingCollector(PluginUtils.java:263) ~[AdvancedLootInfo-neoforge-1.21.1-1.10.0.jar%23421!/:?]
	at TRANSFORMER/ali@1.9.1/com.yanny.ali.plugin.mods.sawmill.Plugin.registerServer(Plugin.java:22) ~[AdvancedLootInfo-neoforge-1.21.1-1.10.0.jar%23421!/:?]
	at TRANSFORMER/ali@1.9.1/com.yanny.ali.plugin.mods.sawmill.Plugin.registerServer(Plugin.java:9) ~[AdvancedLootInfo-neoforge-1.21.1-1.10.0.jar%23421!/:?]
	at TRANSFORMER/ali@1.9.1/com.yanny.aci.manager.CorePluginManager.registerServerData(CorePluginManager.java:121) ~[AdvancedLootInfo-neoforge-1.21.1-1.10.0.jar%23421!/:?]
	at TRANSFORMER/ali@1.9.1/com.yanny.aci.manager.CorePluginManager.registerServerEvent(CorePluginManager.java:70) ~[AdvancedLootInfo-neoforge-1.21.1-1.10.0.jar%23421!/:?]
	at TRANSFORMER/ali@1.9.1/com.yanny.ali.neoforge.NeoForgeCommonBusSubscriber.onServerStarting(NeoForgeCommonBusSubscriber.java:15) ~[AdvancedLootInfo-neoforge-1.21.1-1.10.0.jar%23421!/:?]
	at MC-BOOTSTRAP/net.neoforged.bus/net.neoforged.bus.EventBus.post(EventBus.java:360) ~[bus-8.0.5.jar%2362!/:?]
	at MC-BOOTSTRAP/net.neoforged.bus/net.neoforged.bus.EventBus.post(EventBus.java:328) ~[bus-8.0.5.jar%2362!/:?]
	at TRANSFORMER/neoforge@21.1.228/net.neoforged.neoforge.server.ServerLifecycleHooks.handleServerStarting(ServerLifecycleHooks.java:109) ~[neoforge-21.1.228-universal.jar%23414!/:?]
	at TRANSFORMER/minecraft@1.21.1/net.minecraft.server.dedicated.DedicatedServer.initServer(DedicatedServer.java:230) ~[server-1.21.1-20240808.144430-srg.jar%23413!/:?]
	at TRANSFORMER/minecraft@1.21.1/net.minecraft.server.MinecraftServer.runServer(MinecraftServer.java:670) ~[server-1.21.1-20240808.144430-srg.jar%23413!/:?]
	at TRANSFORMER/minecraft@1.21.1/net.minecraft.server.MinecraftServer.lambda$spin$2(MinecraftServer.java:267) ~[server-1.21.1-20240808.144430-srg.jar%23413!/:?]
	at java.base/java.lang.Thread.run(Thread.java:1583) [?:?]
[10May2026 17:33:50.706] [Server thread/WARN] [com.yanny.ali.plugin.mods.PluginUtils/]: Failed to register item listing collector for net.mehvahdjukaar.sawmill.CarpenterTrades$WoodToItemListing with error net.mehvahdjukaar.sawmill.CarpenterTrades$WoodToItemListing
java.lang.ClassNotFoundException: net.mehvahdjukaar.sawmill.CarpenterTrades$WoodToItemListing
	at cpw.mods.securejarhandler/cpw.mods.cl.ModuleClassLoader.loadClass(ModuleClassLoader.java:220) ~[securejarhandler-3.0.8.jar:?]
	at java.base/java.lang.ClassLoader.loadClass(ClassLoader.java:526) ~[?:?]
	at java.base/java.lang.Class.forName0(Native Method) ~[?:?]
	at java.base/java.lang.Class.forName(Class.java:423) ~[?:?]
	at java.base/java.lang.Class.forName(Class.java:414) ~[?:?]
	at TRANSFORMER/ali@1.9.1/com.yanny.ali.plugin.mods.PluginUtils.registerItemListingCollector(PluginUtils.java:263) ~[AdvancedLootInfo-neoforge-1.21.1-1.10.0.jar%23421!/:?]
	at TRANSFORMER/ali@1.9.1/com.yanny.ali.plugin.mods.sawmill.Plugin.registerServer(Plugin.java:23) ~[AdvancedLootInfo-neoforge-1.21.1-1.10.0.jar%23421!/:?]
	at TRANSFORMER/ali@1.9.1/com.yanny.ali.plugin.mods.sawmill.Plugin.registerServer(Plugin.java:9) ~[AdvancedLootInfo-neoforge-1.21.1-1.10.0.jar%23421!/:?]
	at TRANSFORMER/ali@1.9.1/com.yanny.aci.manager.CorePluginManager.registerServerData(CorePluginManager.java:121) ~[AdvancedLootInfo-neoforge-1.21.1-1.10.0.jar%23421!/:?]
	at TRANSFORMER/ali@1.9.1/com.yanny.aci.manager.CorePluginManager.registerServerEvent(CorePluginManager.java:70) ~[AdvancedLootInfo-neoforge-1.21.1-1.10.0.jar%23421!/:?]
	at TRANSFORMER/ali@1.9.1/com.yanny.ali.neoforge.NeoForgeCommonBusSubscriber.onServerStarting(NeoForgeCommonBusSubscriber.java:15) ~[AdvancedLootInfo-neoforge-1.21.1-1.10.0.jar%23421!/:?]
	at MC-BOOTSTRAP/net.neoforged.bus/net.neoforged.bus.EventBus.post(EventBus.java:360) ~[bus-8.0.5.jar%2362!/:?]
	at MC-BOOTSTRAP/net.neoforged.bus/net.neoforged.bus.EventBus.post(EventBus.java:328) ~[bus-8.0.5.jar%2362!/:?]
	at TRANSFORMER/neoforge@21.1.228/net.neoforged.neoforge.server.ServerLifecycleHooks.handleServerStarting(ServerLifecycleHooks.java:109) ~[neoforge-21.1.228-universal.jar%23414!/:?]
	at TRANSFORMER/minecraft@1.21.1/net.minecraft.server.dedicated.DedicatedServer.initServer(DedicatedServer.java:230) ~[server-1.21.1-20240808.144430-srg.jar%23413!/:?]
	at TRANSFORMER/minecraft@1.21.1/net.minecraft.server.MinecraftServer.runServer(MinecraftServer.java:670) ~[server-1.21.1-20240808.144430-srg.jar%23413!/:?]
	at TRANSFORMER/minecraft@1.21.1/net.minecraft.server.MinecraftServer.lambda$spin$2(MinecraftServer.java:267) ~[server-1.21.1-20240808.144430-srg.jar%23413!/:?]
	at java.base/java.lang.Thread.run(Thread.java:1583) [?:?]
[10May2026 17:33:50.709] [Server thread/WARN] [com.yanny.ali.plugin.mods.PluginUtils/]: Failed to register entry for net.mehvahdjukaar.moonlight.core.loot.OptionalItemPool with error net.mehvahdjukaar.moonlight.core.loot.OptionalItemPool
java.lang.ClassNotFoundException: net.mehvahdjukaar.moonlight.core.loot.OptionalItemPool
	at cpw.mods.securejarhandler/cpw.mods.cl.ModuleClassLoader.loadClass(ModuleClassLoader.java:220) ~[securejarhandler-3.0.8.jar:?]
	at java.base/java.lang.ClassLoader.loadClass(ClassLoader.java:526) ~[?:?]
	at java.base/java.lang.Class.forName0(Native Method) ~[?:?]
	at java.base/java.lang.Class.forName(Class.java:423) ~[?:?]
	at java.base/java.lang.Class.forName(Class.java:414) ~[?:?]
	at TRANSFORMER/ali@1.9.1/com.yanny.ali.plugin.mods.PluginUtils.registerEntry(PluginUtils.java:74) ~[AdvancedLootInfo-neoforge-1.21.1-1.10.0.jar%23421!/:?]
	at TRANSFORMER/ali@1.9.1/com.yanny.ali.plugin.mods.moonlight.Plugin.registerServer(Plugin.java:20) ~[AdvancedLootInfo-neoforge-1.21.1-1.10.0.jar%23421!/:?]
	at TRANSFORMER/ali@1.9.1/com.yanny.ali.plugin.mods.moonlight.Plugin.registerServer(Plugin.java:9) ~[AdvancedLootInfo-neoforge-1.21.1-1.10.0.jar%23421!/:?]
	at TRANSFORMER/ali@1.9.1/com.yanny.aci.manager.CorePluginManager.registerServerData(CorePluginManager.java:121) ~[AdvancedLootInfo-neoforge-1.21.1-1.10.0.jar%23421!/:?]
	at TRANSFORMER/ali@1.9.1/com.yanny.aci.manager.CorePluginManager.registerServerEvent(CorePluginManager.java:70) ~[AdvancedLootInfo-neoforge-1.21.1-1.10.0.jar%23421!/:?]
	at TRANSFORMER/ali@1.9.1/com.yanny.ali.neoforge.NeoForgeCommonBusSubscriber.onServerStarting(NeoForgeCommonBusSubscriber.java:15) ~[AdvancedLootInfo-neoforge-1.21.1-1.10.0.jar%23421!/:?]
	at MC-BOOTSTRAP/net.neoforged.bus/net.neoforged.bus.EventBus.post(EventBus.java:360) ~[bus-8.0.5.jar%2362!/:?]
	at MC-BOOTSTRAP/net.neoforged.bus/net.neoforged.bus.EventBus.post(EventBus.java:328) ~[bus-8.0.5.jar%2362!/:?]
	at TRANSFORMER/neoforge@21.1.228/net.neoforged.neoforge.server.ServerLifecycleHooks.handleServerStarting(ServerLifecycleHooks.java:109) ~[neoforge-21.1.228-universal.jar%23414!/:?]
	at TRANSFORMER/minecraft@1.21.1/net.minecraft.server.dedicated.DedicatedServer.initServer(DedicatedServer.java:230) ~[server-1.21.1-20240808.144430-srg.jar%23413!/:?]
	at TRANSFORMER/minecraft@1.21.1/net.minecraft.server.MinecraftServer.runServer(MinecraftServer.java:670) ~[server-1.21.1-20240808.144430-srg.jar%23413!/:?]
	at TRANSFORMER/minecraft@1.21.1/net.minecraft.server.MinecraftServer.lambda$spin$2(MinecraftServer.java:267) ~[server-1.21.1-20240808.144430-srg.jar%23413!/:?]
	at java.base/java.lang.Thread.run(Thread.java:1583) [?:?]
[10May2026 17:33:50.711] [Server thread/WARN] [com.yanny.ali.plugin.mods.PluginUtils/]: Failed to register function tooltip for com.kyanite.deeperdarker.util.SetPaintingVariantFunction with error com.kyanite.deeperdarker.util.SetPaintingVariantFunction
java.lang.ClassNotFoundException: com.kyanite.deeperdarker.util.SetPaintingVariantFunction
	at cpw.mods.securejarhandler/cpw.mods.cl.ModuleClassLoader.loadClass(ModuleClassLoader.java:220) ~[securejarhandler-3.0.8.jar:?]
	at java.base/java.lang.ClassLoader.loadClass(ClassLoader.java:526) ~[?:?]
	at java.base/java.lang.Class.forName0(Native Method) ~[?:?]
	at java.base/java.lang.Class.forName(Class.java:423) ~[?:?]
	at java.base/java.lang.Class.forName(Class.java:414) ~[?:?]
	at TRANSFORMER/ali@1.9.1/com.yanny.ali.plugin.mods.PluginUtils.registerFunctionTooltip(PluginUtils.java:90) ~[AdvancedLootInfo-neoforge-1.21.1-1.10.0.jar%23421!/:?]
	at TRANSFORMER/ali@1.9.1/com.yanny.ali.plugin.mods.deeper_and_darker.Plugin.registerServer(Plugin.java:19) ~[AdvancedLootInfo-neoforge-1.21.1-1.10.0.jar%23421!/:?]
	at TRANSFORMER/ali@1.9.1/com.yanny.ali.plugin.mods.deeper_and_darker.Plugin.registerServer(Plugin.java:9) ~[AdvancedLootInfo-neoforge-1.21.1-1.10.0.jar%23421!/:?]
	at TRANSFORMER/ali@1.9.1/com.yanny.aci.manager.CorePluginManager.registerServerData(CorePluginManager.java:121) ~[AdvancedLootInfo-neoforge-1.21.1-1.10.0.jar%23421!/:?]
	at TRANSFORMER/ali@1.9.1/com.yanny.aci.manager.CorePluginManager.registerServerEvent(CorePluginManager.java:70) ~[AdvancedLootInfo-neoforge-1.21.1-1.10.0.jar%23421!/:?]
	at TRANSFORMER/ali@1.9.1/com.yanny.ali.neoforge.NeoForgeCommonBusSubscriber.onServerStarting(NeoForgeCommonBusSubscriber.java:15) ~[AdvancedLootInfo-neoforge-1.21.1-1.10.0.jar%23421!/:?]
	at MC-BOOTSTRAP/net.neoforged.bus/net.neoforged.bus.EventBus.post(EventBus.java:360) ~[bus-8.0.5.jar%2362!/:?]
	at MC-BOOTSTRAP/net.neoforged.bus/net.neoforged.bus.EventBus.post(EventBus.java:328) ~[bus-8.0.5.jar%2362!/:?]
	at TRANSFORMER/neoforge@21.1.228/net.neoforged.neoforge.server.ServerLifecycleHooks.handleServerStarting(ServerLifecycleHooks.java:109) ~[neoforge-21.1.228-universal.jar%23414!/:?]
	at TRANSFORMER/minecraft@1.21.1/net.minecraft.server.dedicated.DedicatedServer.initServer(DedicatedServer.java:230) ~[server-1.21.1-20240808.144430-srg.jar%23413!/:?]
	at TRANSFORMER/minecraft@1.21.1/net.minecraft.server.MinecraftServer.runServer(MinecraftServer.java:670) ~[server-1.21.1-20240808.144430-srg.jar%23413!/:?]
	at TRANSFORMER/minecraft@1.21.1/net.minecraft.server.MinecraftServer.lambda$spin$2(MinecraftServer.java:267) ~[server-1.21.1-20240808.144430-srg.jar%23413!/:?]
	at java.base/java.lang.Thread.run(Thread.java:1583) [?:?]
[10May2026 17:33:50.757] [Server thread/INFO] [com.yanny.aci.manager.ManagedRegistry/]: Registered 9/14 entry factories
[10May2026 17:33:50.757] [Server thread/INFO] [com.yanny.aci.manager.ManagedRegistry/]: Registered 6/8 number converters
[10May2026 17:33:50.758] [Server thread/INFO] [com.yanny.aci.manager.ManagedRegistry/]: Registered 13 trade item listings
[10May2026 17:33:50.758] [Server thread/INFO] [com.yanny.aci.manager.ManagedRegistry/]: Registered 9 entry item collectors
[10May2026 17:33:50.758] [Server thread/INFO] [com.yanny.aci.manager.ManagedRegistry/]: Registered 2 function item collectors
[10May2026 17:33:50.758] [Server thread/INFO] [com.yanny.aci.manager.ManagedRegistry/]: Registered 13 trade item collectors
[10May2026 17:33:50.758] [Server thread/INFO] [com.yanny.aci.manager.ManagedRegistry/]: Registered 49/53 function tooltips
[10May2026 17:33:50.758] [Server thread/INFO] [com.yanny.aci.manager.ManagedRegistry/]: Registered 23/37 condition tooltips
[10May2026 17:33:50.758] [Server thread/INFO] [com.yanny.aci.manager.ManagedRegistry/]: Registered 1 ingredient tooltips
[10May2026 17:33:50.759] [Server thread/INFO] [com.yanny.aci.manager.ManagedRegistry/]: Registered 108 value tooltips
[10May2026 17:33:50.759] [Server thread/INFO] [com.yanny.aci.manager.ManagedRegistry/]: Registered 14/18 item sub predicate tooltips
[10May2026 17:33:50.759] [Server thread/INFO] [com.yanny.aci.manager.ManagedRegistry/]: Registered 19/23 entity sub predicate tooltips
[10May2026 17:33:50.759] [Server thread/INFO] [com.yanny.aci.manager.ManagedRegistry/]: Registered 57/261 data component type tooltips
[10May2026 17:33:50.759] [Server thread/INFO] [com.yanny.aci.manager.ManagedRegistry/]: Registered 3 chance modifiers
[10May2026 17:33:50.759] [Server thread/INFO] [com.yanny.aci.manager.ManagedRegistry/]: Registered 4 count modifiers
[10May2026 17:33:50.759] [Server thread/INFO] [com.yanny.aci.manager.ManagedRegistry/]: Registered 15 item stack modifiers
[10May2026 17:33:50.767] [Server thread/WARN] [com.yanny.ali.neoforge.plugin.NeoForgePlugin/]: Unable to locate destination for auto GLM hybrid-aquatic:ha_loot_modifier
[10May2026 17:33:50.768] [Server thread/WARN] [com.yanny.ali.neoforge.plugin.NeoForgePlugin/]: Unable to locate destination for auto GLM aether:pig_drops
[10May2026 17:33:50.768] [Server thread/WARN] [com.yanny.ali.neoforge.plugin.NeoForgePlugin/]: Unable to locate destination for auto GLM repurposed_structures:import_modded_loot
[10May2026 17:33:50.769] [Server thread/WARN] [com.yanny.ali.neoforge.plugin.NeoForgePlugin/]: Unable to locate destination for auto GLM advancednetherite:crop_drops_loot_modifier
[10May2026 17:33:50.769] [Server thread/WARN] [com.yanny.ali.neoforge.plugin.NeoForgePlugin/]: Unable to locate destination for auto GLM hybrid-aquatic:ha_loot_modifier
[10May2026 17:33:50.769] [Server thread/WARN] [com.yanny.ali.neoforge.plugin.NeoForgePlugin/]: Unable to locate destination for auto GLM null
[10May2026 17:33:50.769] [Server thread/WARN] [com.yanny.ali.neoforge.plugin.NeoForgePlugin/]: Unable to locate destination for auto GLM mynethersdelight:remplace_item
[10May2026 17:33:50.769] [Server thread/WARN] [com.yanny.ali.neoforge.plugin.NeoForgePlugin/]: Unable to locate destination for auto GLM aether:gloves_loot
[10May2026 17:33:50.770] [Server thread/WARN] [com.yanny.ali.neoforge.plugin.NeoForgePlugin/]: Unable to locate destination for auto GLM aether:gloves_loot
[10May2026 17:33:50.770] [Server thread/WARN] [com.yanny.ali.neoforge.plugin.NeoForgePlugin/]: Unable to locate destination for auto GLM aether:gloves_loot
[10May2026 17:33:50.770] [Server thread/WARN] [com.yanny.ali.neoforge.plugin.NeoForgePlugin/]: Unable to locate destination for auto GLM twilightforest:fiery_pick_smelting
[10May2026 17:33:50.770] [Server thread/WARN] [com.yanny.ali.neoforge.plugin.NeoForgePlugin/]: Unable to locate destination for auto GLM twilightforest:giant_block_grouping
[10May2026 17:33:50.771] [Server thread/WARN] [com.yanny.ali.neoforge.plugin.NeoForgePlugin/]: Unable to locate destination for auto GLM null
[10May2026 17:33:50.771] [Server thread/WARN] [com.yanny.ali.neoforge.plugin.NeoForgePlugin/]: Unable to locate destination for auto GLM mynethersdelight:remplace_item
[10May2026 17:33:50.771] [Server thread/WARN] [com.yanny.ali.neoforge.plugin.NeoForgePlugin/]: Unable to locate destination for auto GLM supplementaries:replace_rope
[10May2026 17:33:50.771] [Server thread/WARN] [com.yanny.ali.neoforge.plugin.NeoForgePlugin/]: Unable to locate destination for auto GLM deep_aether:halloween_loot
[10May2026 17:33:50.772] [Server thread/WARN] [com.yanny.ali.neoforge.plugin.NeoForgePlugin/]: Unable to locate destination for auto GLM null
[10May2026 17:33:50.772] [Server thread/WARN] [com.yanny.ali.neoforge.plugin.NeoForgePlugin/]: Unable to locate destination for auto GLM advancednetherite:mob_drops_loot_modifier
[10May2026 17:33:50.772] [Server thread/WARN] [com.yanny.ali.neoforge.plugin.NeoForgePlugin/]: Unable to locate destination for auto GLM aether:gloves_loot
[10May2026 17:33:50.773] [Server thread/WARN] [com.yanny.ali.neoforge.plugin.NeoForgePlugin/]: Unable to locate destination for auto GLM advancednetherite:ore_drops_loot_modifier
[10May2026 17:33:50.773] [Server thread/WARN] [com.yanny.ali.neoforge.plugin.NeoForgePlugin/]: Unable to locate destination for auto GLM moonlight:add_item
[10May2026 17:33:50.773] [Server thread/WARN] [com.yanny.ali.neoforge.plugin.NeoForgePlugin/]: Unable to locate destination for auto GLM aether:gloves_loot
[10May2026 17:33:50.774] [Server thread/WARN] [com.yanny.ali.neoforge.plugin.NeoForgePlugin/]: Unable to locate destination for auto GLM null
[10May2026 17:33:50.774] [Server thread/WARN] [com.yanny.ali.neoforge.plugin.NeoForgePlugin/]: Unable to locate destination for auto GLM aether:gloves_loot
[10May2026 17:33:50.774] [Server thread/WARN] [com.yanny.ali.neoforge.plugin.NeoForgePlugin/]: Unable to locate destination for auto GLM aether:double_drops
[10May2026 17:33:50.775] [Server thread/WARN] [com.yanny.ali.neoforge.plugin.NeoForgePlugin/]: Missing GLM for com.autovw.advancednetherite.common.loot.CropDropsLootModifier
[10May2026 17:33:50.775] [Server thread/WARN] [com.yanny.ali.neoforge.plugin.NeoForgePlugin/]: Missing GLM for twilightforest.loot.modifiers.FieryToolSmeltingModifier
[10May2026 17:33:50.775] [Server thread/WARN] [com.yanny.ali.neoforge.plugin.NeoForgePlugin/]: Missing GLM for io.github.razordevs.deep_aether.datagen.loot.modifiers.DAAddDungeonLootModifier
[10May2026 17:33:50.775] [Server thread/WARN] [com.yanny.ali.neoforge.plugin.NeoForgePlugin/]: Missing GLM for com.autovw.advancednetherite.common.loot.MobDropsLootModifier
[10May2026 17:33:50.775] [Server thread/WARN] [com.yanny.ali.neoforge.plugin.NeoForgePlugin/]: Missing GLM for twilightforest.loot.modifiers.GiantToolGroupingModifier
[10May2026 17:33:50.775] [Server thread/WARN] [com.yanny.ali.neoforge.plugin.NeoForgePlugin/]: Missing GLM for com.aetherteam.aether.loot.modifiers.DoubleDropsModifier
[10May2026 17:33:50.775] [Server thread/WARN] [com.yanny.ali.neoforge.plugin.NeoForgePlugin/]: Missing GLM for com.kyanite.deeperdarker.content.misc.AddItemModifier
[10May2026 17:33:50.776] [Server thread/WARN] [com.yanny.ali.neoforge.plugin.NeoForgePlugin/]: Missing GLM for tallestred.piglinproliferation.common.loot.BastionLootModifier
[10May2026 17:33:50.776] [Server thread/WARN] [com.yanny.ali.neoforge.plugin.NeoForgePlugin/]: Missing GLM for com.github.alexthe666.alexsmobs.misc.BlossomLootModifier
[10May2026 17:33:50.776] [Server thread/WARN] [com.yanny.ali.neoforge.plugin.NeoForgePlugin/]: Missing GLM for com.github.alexthe666.alexsmobs.misc.PigshoesLootModifier
[10May2026 17:33:50.776] [Server thread/WARN] [com.yanny.ali.neoforge.plugin.NeoForgePlugin/]: Missing GLM for com.aetherteam.aether.loot.modifiers.GlovesLootModifier
[10May2026 17:33:50.776] [Server thread/WARN] [com.yanny.ali.neoforge.plugin.NeoForgePlugin/]: Missing GLM for com.aetherteam.nitrogen.loot.modifiers.AddDungeonLootModifier
[10May2026 17:33:50.776] [Server thread/WARN] [com.yanny.ali.neoforge.plugin.NeoForgePlugin/]: Missing GLM for com.aetherteam.aether.loot.modifiers.RemoveSeedsModifier
[10May2026 17:33:50.776] [Server thread/WARN] [com.yanny.ali.neoforge.plugin.NeoForgePlugin/]: Missing GLM for com.telepathicgrunt.repurposedstructures.misc.neoforge.lootmanager.StructureModdedLootImporterApplier
[10May2026 17:33:50.776] [Server thread/WARN] [com.yanny.ali.neoforge.plugin.NeoForgePlugin/]: Missing GLM for net.mehvahdjukaar.moonlight.core.misc.neoforge.ModLootModifiers$AddItemModifier
[10May2026 17:33:50.777] [Server thread/WARN] [com.yanny.ali.neoforge.plugin.NeoForgePlugin/]: Missing GLM for dev.hybridlabs.aquatic.loot.HAGlobalLootModifier
[10May2026 17:33:50.777] [Server thread/WARN] [com.yanny.ali.neoforge.plugin.NeoForgePlugin/]: Missing GLM for io.github.razordevs.deep_aether.datagen.loot.modifiers.DAFishingLootModifier
[10May2026 17:33:50.777] [Server thread/WARN] [com.yanny.ali.neoforge.plugin.NeoForgePlugin/]: Missing GLM for com.aetherteam.aether.loot.modifiers.EnchantedGrassModifier
[10May2026 17:33:50.777] [Server thread/WARN] [com.yanny.ali.neoforge.plugin.NeoForgePlugin/]: Missing GLM for com.soytutta.mynethersdelight.common.loot.MNDEspecialLootModifier
[10May2026 17:33:50.777] [Server thread/WARN] [com.yanny.ali.neoforge.plugin.NeoForgePlugin/]: Missing GLM for com.autovw.advancednetherite.common.loot.OreDropsLootModifier
[10May2026 17:33:50.777] [Server thread/WARN] [com.yanny.ali.neoforge.plugin.NeoForgePlugin/]: Missing GLM for net.mehvahdjukaar.supplementaries.neoforge.ReplaceRopeByConfigModifier
[10May2026 17:33:50.777] [Server thread/WARN] [com.yanny.ali.neoforge.plugin.NeoForgePlugin/]: Missing GLM for io.github.razordevs.deep_aether.datagen.loot.modifiers.DAHalloweenLootModifier
[10May2026 17:33:50.778] [Server thread/WARN] [com.yanny.ali.neoforge.plugin.NeoForgePlugin/]: Missing GLM for net.potionstudios.biomeswevegone.neoforge.loot.AddItemModifier
[10May2026 17:33:50.778] [Server thread/WARN] [com.yanny.ali.neoforge.plugin.NeoForgePlugin/]: Missing GLM for com.github.alexthe666.alexsmobs.misc.BananaLootModifier
[10May2026 17:33:50.778] [Server thread/WARN] [com.yanny.ali.neoforge.plugin.NeoForgePlugin/]: Missing GLM for com.soytutta.mynethersdelight.common.loot.RemplaceLootModifier
[10May2026 17:33:50.778] [Server thread/WARN] [com.yanny.ali.neoforge.plugin.NeoForgePlugin/]: Missing GLM for com.github.alexthe666.alexsmobs.misc.AncientDartLootModifier
[10May2026 17:33:50.778] [Server thread/WARN] [com.yanny.ali.neoforge.plugin.NeoForgePlugin/]: Missing GLM for com.aetherteam.aether.loot.modifiers.PigDropsModifier
[10May2026 17:33:50.778] [Server thread/INFO] [com.yanny.ali.manager.AliServerRegistry/]: Registered 95 loot modifiers
[10May2026 17:33:50.778] [Server thread/INFO] [com.yanny.aci.manager.CorePluginManager/]: Registering server plugin data finished
[10May2026 17:33:50.779] [Server thread/INFO] [com.yanny.ali.network.AbstractServer/]: Started reading loot info
[10May2026 17:33:52.137] [Server thread/WARN] [mixinsquared-canceller/]: Cancelled mixin top.theillusivec4.curios.mixin.core.MixinPiglinAi. Check debug logs for more information.
[10May2026 17:33:52.308] [Server thread/WARN] [com.yanny.ali.manager.AliCommonRegistry/]: Failed to create entity dragonloot:dragon_trident: Cannot invoke "net.minecraft.world.item.ItemStack.copy()" because "this.tridentStack" is null
[10May2026 17:33:53.252] [Server thread/WARN] [com.yanny.ali.network.AbstractServer/]: Failed to parse loot table aether:selectors/evil_whirlwind_junk with error java.lang.IllegalArgumentException: Can not set net.minecraft.world.entity.EntityType field com.yanny.ali.plugin.mods.aether.functions.WhirlwindSpawnEntity.entityType to net.minecraft.advancements.critereon.EntityTypePredicate
java.lang.IllegalStateException: java.lang.IllegalArgumentException: Can not set net.minecraft.world.entity.EntityType field com.yanny.ali.plugin.mods.aether.functions.WhirlwindSpawnEntity.entityType to net.minecraft.advancements.critereon.EntityTypePredicate
	at TRANSFORMER/ali@1.9.1/com.yanny.ali.plugin.mods.ReflectionUtils.copyClassData(ReflectionUtils.java:59) ~[AdvancedLootInfo-neoforge-1.21.1-1.10.0.jar%23421!/:?]
	at TRANSFORMER/ali@1.9.1/com.yanny.ali.plugin.mods.PluginUtils.lambda$registerFunctionTooltip$3(PluginUtils.java:91) ~[AdvancedLootInfo-neoforge-1.21.1-1.10.0.jar%23421!/:?]
	at TRANSFORMER/ali@1.9.1/com.yanny.ali.manager.AliServerRegistry.lambda$registerFunctionTooltip$2(AliServerRegistry.java:138) ~[AdvancedLootInfo-neoforge-1.21.1-1.10.0.jar%23421!/:?]
	at TRANSFORMER/ali@1.9.1/com.yanny.ali.manager.AliServerRegistry.lambda$getFunctionTooltip$19(AliServerRegistry.java:236) ~[AdvancedLootInfo-neoforge-1.21.1-1.10.0.jar%23421!/:?]
	at java.base/java.util.Optional.map(Optional.java:260) ~[?:?]
	at TRANSFORMER/ali@1.9.1/com.yanny.ali.manager.AliServerRegistry.getFunctionTooltip(AliServerRegistry.java:236) ~[AdvancedLootInfo-neoforge-1.21.1-1.10.0.jar%23421!/:?]
	at TRANSFORMER/ali@1.9.1/com.yanny.ali.plugin.server.GenericTooltipUtils.getFunctionListTooltip(GenericTooltipUtils.java:233) ~[AdvancedLootInfo-neoforge-1.21.1-1.10.0.jar%23421!/:?]
	at TRANSFORMER/ali@1.9.1/com.yanny.ali.plugin.server.GenericTooltipUtils.getFunctionsTooltip(GenericTooltipUtils.java:244) ~[AdvancedLootInfo-neoforge-1.21.1-1.10.0.jar%23421!/:?]
	at TRANSFORMER/ali@1.9.1/com.yanny.ali.plugin.server.EntryTooltipUtils.getTooltip(EntryTooltipUtils.java:93) ~[AdvancedLootInfo-neoforge-1.21.1-1.10.0.jar%23421!/:?]
	at TRANSFORMER/ali@1.9.1/com.yanny.ali.plugin.common.NodeUtils.getItemNode(NodeUtils.java:51) ~[AdvancedLootInfo-neoforge-1.21.1-1.10.0.jar%23421!/:?]
	at TRANSFORMER/ali@1.9.1/com.yanny.ali.plugin.common.NodeUtils.getItemNode(NodeUtils.java:35) ~[AdvancedLootInfo-neoforge-1.21.1-1.10.0.jar%23421!/:?]
	at TRANSFORMER/ali@1.9.1/com.yanny.ali.plugin.common.NodeUtils.lambda$getChildren$3(NodeUtils.java:198) ~[AdvancedLootInfo-neoforge-1.21.1-1.10.0.jar%23421!/:?]
	at java.base/java.util.stream.ReferencePipeline$3$1.accept(ReferencePipeline.java:197) ~[?:?]
	at java.base/java.util.AbstractList$RandomAccessSpliterator.forEachRemaining(AbstractList.java:722) ~[?:?]
	at java.base/java.util.stream.AbstractPipeline.copyInto(AbstractPipeline.java:509) ~[?:?]
	at java.base/java.util.stream.AbstractPipeline.wrapAndCopyInto(AbstractPipeline.java:499) ~[?:?]
	at java.base/java.util.stream.AbstractPipeline.evaluate(AbstractPipeline.java:575) ~[?:?]
	at java.base/java.util.stream.AbstractPipeline.evaluateToArrayNode(AbstractPipeline.java:260) ~[?:?]
	at java.base/java.util.stream.ReferencePipeline.toArray(ReferencePipeline.java:616) ~[?:?]
	at java.base/java.util.stream.ReferencePipeline.toArray(ReferencePipeline.java:622) ~[?:?]
	at java.base/java.util.stream.ReferencePipeline.toList(ReferencePipeline.java:627) ~[?:?]
	at TRANSFORMER/ali@1.9.1/com.yanny.ali.plugin.common.NodeUtils.getChildren(NodeUtils.java:198) ~[AdvancedLootInfo-neoforge-1.21.1-1.10.0.jar%23421!/:?]
	at TRANSFORMER/ali@1.9.1/com.yanny.ali.plugin.common.NodeUtils.getLootPoolNode(NodeUtils.java:147) ~[AdvancedLootInfo-neoforge-1.21.1-1.10.0.jar%23421!/:?]
	at TRANSFORMER/ali@1.9.1/com.yanny.ali.plugin.common.NodeUtils.lambda$getLootTableNode$2(NodeUtils.java:169) ~[AdvancedLootInfo-neoforge-1.21.1-1.10.0.jar%23421!/:?]
	at java.base/java.util.stream.ReferencePipeline$3$1.accept(ReferencePipeline.java:197) ~[?:?]
	at java.base/java.util.ArrayList$ArrayListSpliterator.forEachRemaining(ArrayList.java:1708) ~[?:?]
	at java.base/java.util.stream.AbstractPipeline.copyInto(AbstractPipeline.java:509) ~[?:?]
	at java.base/java.util.stream.AbstractPipeline.wrapAndCopyInto(AbstractPipeline.java:499) ~[?:?]
	at java.base/java.util.stream.AbstractPipeline.evaluate(AbstractPipeline.java:575) ~[?:?]
	at java.base/java.util.stream.AbstractPipeline.evaluateToArrayNode(AbstractPipeline.java:260) ~[?:?]
	at java.base/java.util.stream.ReferencePipeline.toArray(ReferencePipeline.java:616) ~[?:?]
	at java.base/java.util.stream.ReferencePipeline.toArray(ReferencePipeline.java:622) ~[?:?]
	at java.base/java.util.stream.ReferencePipeline.toList(ReferencePipeline.java:627) ~[?:?]
	at TRANSFORMER/ali@1.9.1/com.yanny.ali.plugin.common.NodeUtils.getLootTableNode(NodeUtils.java:169) ~[AdvancedLootInfo-neoforge-1.21.1-1.10.0.jar%23421!/:?]
	at TRANSFORMER/ali@1.9.1/com.yanny.ali.manager.AliServerRegistry.parseTable(AliServerRegistry.java:397) ~[AdvancedLootInfo-neoforge-1.21.1-1.10.0.jar%23421!/:?]
	at TRANSFORMER/ali@1.9.1/com.yanny.ali.network.AbstractServer.processLootTables(AbstractServer.java:346) ~[AdvancedLootInfo-neoforge-1.21.1-1.10.0.jar%23421!/:?]
	at TRANSFORMER/ali@1.9.1/com.yanny.ali.network.AbstractServer.readLootTables(AbstractServer.java:100) ~[AdvancedLootInfo-neoforge-1.21.1-1.10.0.jar%23421!/:?]
	at TRANSFORMER/ali@1.9.1/com.yanny.ali.neoforge.NeoForgeCommonBusSubscriber.onServerStarting(NeoForgeCommonBusSubscriber.java:16) ~[AdvancedLootInfo-neoforge-1.21.1-1.10.0.jar%23421!/:?]
	at MC-BOOTSTRAP/net.neoforged.bus/net.neoforged.bus.EventBus.post(EventBus.java:360) ~[bus-8.0.5.jar%2362!/:?]
	at MC-BOOTSTRAP/net.neoforged.bus/net.neoforged.bus.EventBus.post(EventBus.java:328) ~[bus-8.0.5.jar%2362!/:?]
	at TRANSFORMER/neoforge@21.1.228/net.neoforged.neoforge.server.ServerLifecycleHooks.handleServerStarting(ServerLifecycleHooks.java:109) ~[neoforge-21.1.228-universal.jar%23414!/:?]
	at TRANSFORMER/minecraft@1.21.1/net.minecraft.server.dedicated.DedicatedServer.initServer(DedicatedServer.java:230) ~[server-1.21.1-20240808.144430-srg.jar%23413!/:?]
	at TRANSFORMER/minecraft@1.21.1/net.minecraft.server.MinecraftServer.runServer(MinecraftServer.java:670) ~[server-1.21.1-20240808.144430-srg.jar%23413!/:?]
	at TRANSFORMER/minecraft@1.21.1/net.minecraft.server.MinecraftServer.lambda$spin$2(MinecraftServer.java:267) ~[server-1.21.1-20240808.144430-srg.jar%23413!/:?]
	at java.base/java.lang.Thread.run(Thread.java:1583) [?:?]
Caused by: java.lang.IllegalArgumentException: Can not set net.minecraft.world.entity.EntityType field com.yanny.ali.plugin.mods.aether.functions.WhirlwindSpawnEntity.entityType to net.minecraft.advancements.critereon.EntityTypePredicate
	at java.base/jdk.internal.reflect.FieldAccessorImpl.throwSetIllegalArgumentException(FieldAccessorImpl.java:228) ~[?:?]
	at java.base/jdk.internal.reflect.FieldAccessorImpl.throwSetIllegalArgumentException(FieldAccessorImpl.java:232) ~[?:?]
	at java.base/jdk.internal.reflect.MethodHandleObjectFieldAccessorImpl.set(MethodHandleObjectFieldAccessorImpl.java:115) ~[?:?]
	at java.base/java.lang.reflect.Field.set(Field.java:836) ~[?:?]
	at TRANSFORMER/ali@1.9.1/com.yanny.ali.plugin.mods.ReflectionUtils.copyClassData(ReflectionUtils.java:43) ~[AdvancedLootInfo-neoforge-1.21.1-1.10.0.jar%23421!/:?]
	... 44 more
[10May2026 17:33:53.933] [Server thread/INFO] [com.yanny.ali.network.AbstractServer/]: Skipped 190 empty or hidden loot tables and 59 injected loot tables
[10May2026 17:33:53.935] [Server thread/WARN] [com.yanny.ali.network.AbstractServer/]: No trades defined for minecraft:nitwit
[10May2026 17:33:53.945] [Server thread/WARN] [com.yanny.ali.network.AbstractServer/]: No trades defined for minecraft:none
[10May2026 17:33:53.946] [Server thread/WARN] [com.yanny.ali.network.AbstractServer/]: Failed to parse trade for villager minecraft:fisherman with error class net.minecraft.resources.ResourceKey cannot be cast to class net.minecraft.world.entity.npc.VillagerType (net.minecraft.resources.ResourceKey and net.minecraft.world.entity.npc.VillagerType are in module minecraft@1.21.1 of loader 'TRANSFORMER' @59bbf82e)
java.lang.ClassCastException: class net.minecraft.resources.ResourceKey cannot be cast to class net.minecraft.world.entity.npc.VillagerType (net.minecraft.resources.ResourceKey and net.minecraft.world.entity.npc.VillagerType are in module minecraft@1.21.1 of loader 'TRANSFORMER' @59bbf82e)
	at TRANSFORMER/ali@1.9.1/com.yanny.ali.plugin.common.trades.EmeraldsForVillagerTypeItemNode.getSubTrades(EmeraldsForVillagerTypeItemNode.java:28) ~[AdvancedLootInfo-neoforge-1.21.1-1.10.0.jar%23421!/:?]
	at TRANSFORMER/ali@1.9.1/com.yanny.ali.plugin.common.trades.EmeraldsForVillagerTypeItemNode.getSubTrades(EmeraldsForVillagerTypeItemNode.java:18) ~[AdvancedLootInfo-neoforge-1.21.1-1.10.0.jar%23421!/:?]
	at TRANSFORMER/ali@1.9.1/com.yanny.ali.plugin.common.trades.SubTradesNode.<init>(SubTradesNode.java:19) ~[AdvancedLootInfo-neoforge-1.21.1-1.10.0.jar%23421!/:?]
	at TRANSFORMER/ali@1.9.1/com.yanny.ali.plugin.common.trades.EmeraldsForVillagerTypeItemNode.<init>(EmeraldsForVillagerTypeItemNode.java:20) ~[AdvancedLootInfo-neoforge-1.21.1-1.10.0.jar%23421!/:?]
	at TRANSFORMER/ali@1.9.1/com.yanny.ali.manager.AliServerRegistry.lambda$registerItemListing$13(AliServerRegistry.java:200) ~[AdvancedLootInfo-neoforge-1.21.1-1.10.0.jar%23421!/:?]
	at TRANSFORMER/ali@1.9.1/com.yanny.ali.manager.AliServerRegistry.lambda$getItemListing$36(AliServerRegistry.java:320) ~[AdvancedLootInfo-neoforge-1.21.1-1.10.0.jar%23421!/:?]
	at java.base/java.util.Optional.map(Optional.java:260) ~[?:?]
	at TRANSFORMER/ali@1.9.1/com.yanny.ali.manager.AliServerRegistry.getItemListing(AliServerRegistry.java:320) ~[AdvancedLootInfo-neoforge-1.21.1-1.10.0.jar%23421!/:?]
	at TRANSFORMER/ali@1.9.1/com.yanny.ali.plugin.common.trades.TradeLevelNode.<init>(TradeLevelNode.java:25) ~[AdvancedLootInfo-neoforge-1.21.1-1.10.0.jar%23421!/:?]
	at TRANSFORMER/ali@1.9.1/com.yanny.ali.plugin.common.trades.TradeNode.<init>(TradeNode.java:29) ~[AdvancedLootInfo-neoforge-1.21.1-1.10.0.jar%23421!/:?]
	at TRANSFORMER/ali@1.9.1/com.yanny.ali.manager.AliServerRegistry.parseTrade(AliServerRegistry.java:405) ~[AdvancedLootInfo-neoforge-1.21.1-1.10.0.jar%23421!/:?]
	at TRANSFORMER/ali@1.9.1/com.yanny.ali.network.AbstractServer.processTrades(AbstractServer.java:390) ~[AdvancedLootInfo-neoforge-1.21.1-1.10.0.jar%23421!/:?]
	at TRANSFORMER/ali@1.9.1/com.yanny.ali.network.AbstractServer.readLootTables(AbstractServer.java:104) ~[AdvancedLootInfo-neoforge-1.21.1-1.10.0.jar%23421!/:?]
	at TRANSFORMER/ali@1.9.1/com.yanny.ali.neoforge.NeoForgeCommonBusSubscriber.onServerStarting(NeoForgeCommonBusSubscriber.java:16) ~[AdvancedLootInfo-neoforge-1.21.1-1.10.0.jar%23421!/:?]
	at MC-BOOTSTRAP/net.neoforged.bus/net.neoforged.bus.EventBus.post(EventBus.java:360) ~[bus-8.0.5.jar%2362!/:?]
	at MC-BOOTSTRAP/net.neoforged.bus/net.neoforged.bus.EventBus.post(EventBus.java:328) ~[bus-8.0.5.jar%2362!/:?]
	at TRANSFORMER/neoforge@21.1.228/net.neoforged.neoforge.server.ServerLifecycleHooks.handleServerStarting(ServerLifecycleHooks.java:109) ~[neoforge-21.1.228-universal.jar%23414!/:?]
	at TRANSFORMER/minecraft@1.21.1/net.minecraft.server.dedicated.DedicatedServer.initServer(DedicatedServer.java:230) ~[server-1.21.1-20240808.144430-srg.jar%23413!/:?]
	at TRANSFORMER/minecraft@1.21.1/net.minecraft.server.MinecraftServer.runServer(MinecraftServer.java:670) ~[server-1.21.1-20240808.144430-srg.jar%23413!/:?]
	at TRANSFORMER/minecraft@1.21.1/net.minecraft.server.MinecraftServer.lambda$spin$2(MinecraftServer.java:267) ~[server-1.21.1-20240808.144430-srg.jar%23413!/:?]
	at java.base/java.lang.Thread.run(Thread.java:1583) [?:?]
[10May2026 17:33:53.953] [Server thread/INFO] [com.yanny.ali.network.AbstractServer/]: Processing 7024 loot tables, 17 fake loot tables and 26 trades took 3174ms
[10May2026 17:33:54.625] [Server thread/INFO] [com.yanny.ali.network.AbstractServer/]: Compressed loot data (22.00 MB -> 1.26 MB) and stored in 41 chunk(s)
[10May2026 17:33:54.626] [Server thread/WARN] [com.yanny.aci.manager.ManagedRegistry/]: Missing entry factories for net.mehvahdjukaar.moonlight.core.loot.OptionalItemPoolEntry
[10May2026 17:33:54.626] [Server thread/WARN] [com.yanny.aci.manager.ManagedRegistry/]: Missing number converters for twilightforest.loot.MultiplayerBasedNumberProvider
[10May2026 17:33:54.626] [Server thread/WARN] [com.yanny.aci.manager.ManagedRegistry/]: Missing trade item listings for net.mehvahdjukaar.sawmill.trades.LogStrippingListing
[10May2026 17:33:54.626] [Server thread/WARN] [com.yanny.aci.manager.ManagedRegistry/]: Missing trade item listings for com.faboslav.friendsandfoes.common.util.BasicItemTrade
[10May2026 17:33:54.627] [Server thread/WARN] [com.yanny.aci.manager.ManagedRegistry/]: Missing trade item listings for com.github.alexthe666.alexsmobs.misc.EmeraldsForItemsTrade
[10May2026 17:33:54.627] [Server thread/WARN] [com.yanny.aci.manager.ManagedRegistry/]: Missing trade item listings for baguchan.revampedwolf.event.WolfTradeEvent$WolfArmorItemsForEmeralds
[10May2026 17:33:54.627] [Server thread/WARN] [com.yanny.aci.manager.ManagedRegistry/]: Missing trade item listings for net.neoforged.neoforge.common.BasicItemListing
[10May2026 17:33:54.627] [Server thread/WARN] [com.yanny.aci.manager.ManagedRegistry/]: Missing trade item listings for net.mehvahdjukaar.moonlight.api.trades.SimpleItemListing
[10May2026 17:33:54.627] [Server thread/WARN] [com.yanny.aci.manager.ManagedRegistry/]: Missing trade item listings for com.github.alexthe666.alexsmobs.misc.ItemsForEmeraldsTrade
[10May2026 17:33:54.627] [Server thread/WARN] [com.yanny.aci.manager.ManagedRegistry/]: Missing trade item listings for com.frikinjay.villagerapi.villagerpack.VillagerPackCodecs$1
[10May2026 17:33:54.627] [Server thread/WARN] [com.yanny.aci.manager.ManagedRegistry/]: Missing trade item listings for net.mehvahdjukaar.sawmill.trades.RandomWoodToItemListing
[10May2026 17:33:54.628] [Server thread/WARN] [com.yanny.aci.manager.ManagedRegistry/]: Missing trade item listings for net.mehvahdjukaar.sawmill.trades.BiomeWoodToItemListing
[10May2026 17:33:54.628] [Server thread/WARN] [com.yanny.aci.manager.ManagedRegistry/]: Missing function tooltips for com.bobmowzie.mowziesmobs.server.loot.LootFunctionGrottolDeathType
[10May2026 17:33:54.628] [Server thread/WARN] [com.yanny.aci.manager.ManagedRegistry/]: Missing function tooltips for tallestred.piglinproliferation.common.loot.AddLocationToCompassFunction
[10May2026 17:33:54.628] [Server thread/WARN] [com.yanny.aci.manager.ManagedRegistry/]: Missing function tooltips for twilightforest.loot.MultiplayerBasedAdditionLootFunction
[10May2026 17:33:54.628] [Server thread/WARN] [com.yanny.aci.manager.ManagedRegistry/]: Missing condition tooltips for net.mehvahdjukaar.moonlight.core.loot.ResourceLootItemCondition
[10May2026 17:33:54.628] [Server thread/WARN] [com.yanny.aci.manager.ManagedRegistry/]: Missing condition tooltips for twilightforest.loot.conditions.UncraftingTableEnabledCondition
[10May2026 17:33:54.629] [Server thread/WARN] [com.yanny.aci.manager.ManagedRegistry/]: Missing condition tooltips for tallestred.piglinproliferation.common.loot.CompassCanFindLocationCondition
[10May2026 17:33:54.629] [Server thread/WARN] [com.yanny.aci.manager.ManagedRegistry/]: Missing condition tooltips for com.bobmowzie.mowziesmobs.server.loot.LootConditionFrostmawHasCrystal
[10May2026 17:33:54.629] [Server thread/WARN] [com.yanny.aci.manager.ManagedRegistry/]: Missing condition tooltips for gardensofthedead.loot.MatchShears
[10May2026 17:33:54.629] [Server thread/WARN] [com.yanny.aci.manager.ManagedRegistry/]: Missing condition tooltips for com.bobmowzie.mowziesmobs.server.loot.LootConditionMoonPhase
[10May2026 17:33:54.629] [Server thread/WARN] [com.yanny.aci.manager.ManagedRegistry/]: Missing condition tooltips for com.bobmowzie.mowziesmobs.server.loot.LootConditionElokosaNightForm
[10May2026 17:33:54.629] [Server thread/WARN] [com.yanny.aci.manager.ManagedRegistry/]: Missing condition tooltips for twilightforest.loot.conditions.IsMinionCondition
[10May2026 17:33:54.629] [Server thread/WARN] [com.yanny.aci.manager.ManagedRegistry/]: Missing value tooltips for net.minecraft.world.item.trading.ItemCost
[10May2026 17:33:54.630] [Server thread/WARN] [com.yanny.aci.manager.ManagedRegistry/]: Missing value tooltips for com.mojang.datafixers.util.Either$Left
[10May2026 17:33:54.630] [Server thread/WARN] [com.yanny.aci.manager.ManagedRegistry/]: Missing value tooltips for net.mehvahdjukaar.sawmill.trades.BiomeToWoodList
[10May2026 17:33:54.630] [Server thread/WARN] [com.yanny.aci.manager.ManagedRegistry/]: Missing data component type tooltips for deep_aether:moa_fodder
[10May2026 17:33:54.631] [Server thread/INFO] [xaero.hud.minimap.MinimapLogs/]: Registered synced player tracker system: ftb_teams
[10May2026 17:33:54.633] [Server thread/INFO] [xaero.map.WorldMap/]: Registered synced player tracker system: ftb_teams
[10May2026 17:33:54.635] [Server thread/INFO] [com.axedgaming.endersdelight.EndersDelight/]: HELLO from server starting
[10May2026 17:33:54.646] [Server thread/INFO] [FTB Quests/]: Loading quests from /workspaces/regret/servidor_minecraft/config/ftbquests/quests
[10May2026 17:33:54.661] [Server thread/INFO] [FTB Quests/]: loaded translation tables for 2 language(s)
[10May2026 17:33:54.771] [Server thread/INFO] [FTB Quests/]: Loaded 3 chapter groups, 12 chapters, 132 quests, 3 reward tables
[10May2026 17:33:55.313] [Server thread/WARN] [biolith/]: More than one Overworld dimension world created; cowardly ignoring 'minecraft:server_faucet_test_level' in favor of 'minecraft:overworld'
[10May2026 17:33:55.449] [Server thread/INFO] [com.cupboard.Cupboard/]: Loaded config for: chunksending.json
[10May2026 17:33:55.499] [C2ME Storage #21/INFO] [C2ME Storage/]: Storage thread Thread[#137,C2ME Storage #21,5,SERVER] stopped
[10May2026 17:33:55.500] [C2ME Storage #19/INFO] [C2ME Storage/]: Storage thread Thread[#135,C2ME Storage #19,5,SERVER] stopped
[10May2026 17:33:55.499] [C2ME Storage #20/INFO] [C2ME Storage/]: Storage thread Thread[#136,C2ME Storage #20,5,SERVER] stopped
[10May2026 17:33:57.364] [Netty Epoll Server IO #4/WARN] [mixin/]: @ModifyConstant conflict. Skipping packetfixer.v1_20_5.neoforge.mixins.json:v1_20_5_neoforge.ServerLoginPacketListenerImplMixin from mod packetfixer->@ModifyConstant::packetfixer$tick(I)I with priority 1000, already redirected by connectivity.mixins.json:ServerLoginNetHandlerMixin from mod connectivity->@ModifyConstant::loginTimeout(I)I with priority 1001
[10May2026 17:33:58.966] [Server thread/WARN] [biolith/]: More than one Overworld dimension world created; cowardly ignoring 'minecraft:server_projectile_test_level' in favor of 'minecraft:overworld'
[10May2026 17:33:58.987] [Server thread/INFO] [villagerapi/]: Applied 10 gifts from packs
[10May2026 17:33:58.987] [Server thread/INFO] [villagerapi/]: VillagerAPI initialization complete!
[10May2026 17:33:58.989] [Server thread/INFO] [com.cupboard.Cupboard/]: Loaded config for: biomemusic.json
[10May2026 17:33:58.990] [Server thread/INFO] [com.cupboard.Cupboard/]: Loaded config for: smoothchunk.json
[10May2026 17:33:58.993] [Server thread/INFO] [nanny/]: NaNny hired!
[10May2026 17:33:58.995] [Server thread/INFO] [underlay/]: Loading overlays for world: minecraft:overworld
[10May2026 17:33:59.001] [Server thread/INFO] [underlay/]: No existing overlay save file found
[10May2026 17:33:59.004] [Server thread/INFO] [underlay/]: Loaded 0 overlays for dimension minecraft:overworld
[10May2026 17:33:59.010] [Server thread/INFO] [underlay/]: Loading overlays for world: deeperdarker:otherside
[10May2026 17:33:59.011] [Server thread/INFO] [underlay/]: No existing overlay save file found
[10May2026 17:33:59.011] [Server thread/INFO] [underlay/]: Loaded 0 overlays for dimension deeperdarker:otherside
[10May2026 17:33:59.011] [Server thread/INFO] [underlay/]: Loading overlays for world: twilightforest:twilight_forest
[10May2026 17:33:59.011] [Server thread/INFO] [underlay/]: No existing overlay save file found
[10May2026 17:33:59.011] [Server thread/INFO] [underlay/]: Loaded 0 overlays for dimension twilightforest:twilight_forest
[10May2026 17:33:59.012] [Server thread/INFO] [underlay/]: Loading overlays for world: minecraft:the_end
[10May2026 17:33:59.012] [Server thread/INFO] [underlay/]: No existing overlay save file found
[10May2026 17:33:59.012] [Server thread/INFO] [underlay/]: Loaded 0 overlays for dimension minecraft:the_end
[10May2026 17:33:59.012] [Server thread/INFO] [underlay/]: Loading overlays for world: aether:the_aether
[10May2026 17:33:59.012] [Server thread/INFO] [underlay/]: No existing overlay save file found
[10May2026 17:33:59.012] [Server thread/INFO] [underlay/]: Loaded 0 overlays for dimension aether:the_aether
[10May2026 17:33:59.013] [Server thread/INFO] [underlay/]: Loading overlays for world: minecraft:the_nether
[10May2026 17:33:59.013] [Server thread/INFO] [underlay/]: No existing overlay save file found
[10May2026 17:33:59.016] [Server thread/INFO] [underlay/]: Loaded 0 overlays for dimension minecraft:the_nether
[10May2026 17:33:59.275] [Server thread/ERROR] [net.minecraft.world.item.ItemStack/]: Tried to load invalid item: 'No key id in MapLike[{Slot:0,dropRule:"PUT_IN_GRAVE",visible:0b}]'
[10May2026 17:33:59.276] [Server thread/ERROR] [net.minecraft.world.item.ItemStack/]: Tried to load invalid item: 'No key id in MapLike[{Slot:0,dropRule:"PUT_IN_GRAVE",visible:0b}]'
[10May2026 17:33:59.278] [Server thread/ERROR] [net.minecraft.world.item.ItemStack/]: Tried to load invalid item: 'No key id in MapLike[{Slot:0,dropRule:"PUT_IN_GRAVE",visible:0b}]'
[10May2026 17:33:59.278] [Server thread/ERROR] [net.minecraft.world.item.ItemStack/]: Tried to load invalid item: 'No key id in MapLike[{Slot:0,dropRule:"PUT_IN_GRAVE",visible:0b}]'
[10May2026 17:33:59.279] [Server thread/ERROR] [net.minecraft.world.item.ItemStack/]: Tried to load invalid item: 'No key id in MapLike[{Slot:0,dropRule:"PUT_IN_GRAVE",visible:0b}]'
[10May2026 17:33:59.279] [Server thread/ERROR] [net.minecraft.world.item.ItemStack/]: Tried to load invalid item: 'No key id in MapLike[{Slot:0,dropRule:"PUT_IN_GRAVE",visible:0b}]'
[10May2026 17:33:59.280] [Server thread/ERROR] [net.minecraft.world.item.ItemStack/]: Tried to load invalid item: 'No key id in MapLike[{Slot:0,dropRule:"PUT_IN_GRAVE",visible:0b}]'
[10May2026 17:33:59.281] [Server thread/ERROR] [net.minecraft.world.item.ItemStack/]: Tried to load invalid item: 'No key id in MapLike[{Slot:0,dropRule:"PUT_IN_GRAVE",visible:0b}]'
[10May2026 17:33:59.282] [Server thread/ERROR] [net.minecraft.world.item.ItemStack/]: Tried to load invalid item: 'No key id in MapLike[{Slot:0,dropRule:"PUT_IN_GRAVE",visible:0b}]'
[10May2026 17:33:59.282] [Server thread/ERROR] [net.minecraft.world.item.ItemStack/]: Tried to load invalid item: 'No key id in MapLike[{Slot:0,dropRule:"PUT_IN_GRAVE",visible:0b}]'
[10May2026 17:33:59.283] [Server thread/ERROR] [net.minecraft.world.item.ItemStack/]: Tried to load invalid item: 'No key id in MapLike[{Slot:0,dropRule:"PUT_IN_GRAVE",visible:0b}]'
[10May2026 17:33:59.284] [Server thread/ERROR] [net.minecraft.world.item.ItemStack/]: Tried to load invalid item: 'No key id in MapLike[{Slot:0,dropRule:"PUT_IN_GRAVE",visible:0b}]'
[10May2026 17:33:59.284] [Server thread/ERROR] [net.minecraft.world.item.ItemStack/]: Tried to load invalid item: 'No key id in MapLike[{Slot:0,dropRule:"PUT_IN_GRAVE",visible:0b}]'
[10May2026 17:33:59.285] [Server thread/ERROR] [net.minecraft.world.item.ItemStack/]: Tried to load invalid item: 'No key id in MapLike[{Slot:0,dropRule:"PUT_IN_GRAVE",visible:0b}]'
[10May2026 17:33:59.287] [Server thread/ERROR] [net.minecraft.world.item.ItemStack/]: Tried to load invalid item: 'No key id in MapLike[{Slot:0,dropRule:"PUT_IN_GRAVE",visible:0b}]'
[10May2026 17:33:59.287] [Server thread/ERROR] [net.minecraft.world.item.ItemStack/]: Tried to load invalid item: 'No key id in MapLike[{Slot:0,dropRule:"PUT_IN_GRAVE",visible:0b}]'
[10May2026 17:33:59.288] [Server thread/ERROR] [net.minecraft.world.item.ItemStack/]: Tried to load invalid item: 'No key id in MapLike[{Slot:0,dropRule:"PUT_IN_GRAVE",visible:0b}]'
[10May2026 17:33:59.289] [Server thread/ERROR] [net.minecraft.world.item.ItemStack/]: Tried to load invalid item: 'No key id in MapLike[{Slot:0,dropRule:"PUT_IN_GRAVE",visible:0b}]'
[10May2026 17:33:59.290] [Server thread/ERROR] [net.minecraft.world.item.ItemStack/]: Tried to load invalid item: 'No key id in MapLike[{Slot:0,dropRule:"PUT_IN_GRAVE",visible:0b}]'
[10May2026 17:33:59.292] [Server thread/ERROR] [net.minecraft.world.item.ItemStack/]: Tried to load invalid item: 'No key id in MapLike[{Slot:0,dropRule:"PUT_IN_GRAVE",visible:0b}]'
[10May2026 17:33:59.293] [Server thread/ERROR] [net.minecraft.world.item.ItemStack/]: Tried to load invalid item: 'No key id in MapLike[{Slot:0,dropRule:"PUT_IN_GRAVE",visible:0b}]'
[10May2026 17:33:59.294] [Server thread/ERROR] [net.minecraft.world.item.ItemStack/]: Tried to load invalid item: 'No key id in MapLike[{Slot:0,dropRule:"PUT_IN_GRAVE",visible:0b}]'
[10May2026 17:33:59.295] [Server thread/ERROR] [net.minecraft.world.item.ItemStack/]: Tried to load invalid item: 'No key id in MapLike[{Slot:0,dropRule:"PUT_IN_GRAVE",visible:0b}]'
[10May2026 17:33:59.295] [Server thread/ERROR] [net.minecraft.world.item.ItemStack/]: Tried to load invalid item: 'No key id in MapLike[{Slot:0,dropRule:"PUT_IN_GRAVE",visible:0b}]'
[10May2026 17:33:59.299] [Server thread/ERROR] [net.minecraft.world.item.ItemStack/]: Tried to load invalid item: 'No key id in MapLike[{Slot:0,dropRule:"PUT_IN_GRAVE",visible:0b}]'
[10May2026 17:33:59.300] [Server thread/ERROR] [net.minecraft.world.item.ItemStack/]: Tried to load invalid item: 'No key id in MapLike[{Slot:0,dropRule:"PUT_IN_GRAVE",visible:0b}]'
[10May2026 17:33:59.300] [Server thread/ERROR] [net.minecraft.world.item.ItemStack/]: Tried to load invalid item: 'No key id in MapLike[{Slot:0,dropRule:"PUT_IN_GRAVE",visible:0b}]'
[10May2026 17:33:59.301] [Server thread/ERROR] [net.minecraft.world.item.ItemStack/]: Tried to load invalid item: 'No key id in MapLike[{Slot:0,dropRule:"PUT_IN_GRAVE",visible:0b}]'
[10May2026 17:33:59.303] [Server thread/ERROR] [net.minecraft.world.item.ItemStack/]: Tried to load invalid item: 'No key id in MapLike[{Slot:0,dropRule:"PUT_IN_GRAVE",visible:0b}]'
[10May2026 17:33:59.304] [Server thread/ERROR] [net.minecraft.world.item.ItemStack/]: Tried to load invalid item: 'No key id in MapLike[{Slot:0,dropRule:"PUT_IN_GRAVE",visible:0b}]'
[10May2026 17:33:59.307] [Server thread/ERROR] [net.minecraft.world.item.ItemStack/]: Tried to load invalid item: 'No key id in MapLike[{Slot:0,dropRule:"PUT_IN_GRAVE",visible:0b}]'
[10May2026 17:33:59.308] [Server thread/ERROR] [net.minecraft.world.item.ItemStack/]: Tried to load invalid item: 'No key id in MapLike[{Slot:0,dropRule:"PUT_IN_GRAVE",visible:0b}]'
[10May2026 17:33:59.309] [Server thread/ERROR] [net.minecraft.world.item.ItemStack/]: Tried to load invalid item: 'No key id in MapLike[{Slot:0,dropRule:"PUT_IN_GRAVE",visible:0b}]'
[10May2026 17:33:59.312] [Server thread/ERROR] [net.minecraft.world.item.ItemStack/]: Tried to load invalid item: 'No key id in MapLike[{Slot:0,dropRule:"PUT_IN_GRAVE",visible:0b}]'
[10May2026 17:33:59.363] [Server thread/INFO] [patchouli/]: Sending reload packet to clients
[10May2026 17:33:59.363] [Server thread/WARN] [ModernFix/]: Dedicated server took 114.538 seconds to load
[10May2026 17:33:59.992] [Server thread/INFO] [neruina/]: Auto report config loaded for mod: "copycats"
[10May2026 17:33:59.995] [Server thread/INFO] [neruina/]: No blacklist files found, skipping blacklist loading
[10May2026 17:34:05.199] [Server thread/INFO] [net.minecraft.server.players.PlayerList/]: RAKNAROZ[/127.7.19.31:48429] logged in with entity id 904 at (652.5152563303091, 89.0, -1363.0853583338132)
[10May2026 17:34:09.571] [Server thread/INFO] [net.minecraft.advancements.AdvancementTree/]: Loaded 7664 advancements
[10May2026 17:34:09.572] [Server thread/INFO] [net.minecraft.advancements.AdvancementTree/]: Loaded 7665 advancements
[10May2026 17:34:09.572] [Server thread/INFO] [net.minecraft.advancements.AdvancementTree/]: Loaded 7666 advancements
[10May2026 17:34:09.572] [Server thread/INFO] [net.minecraft.advancements.AdvancementTree/]: Loaded 7667 advancements
[10May2026 17:34:09.572] [Server thread/INFO] [net.minecraft.advancements.AdvancementTree/]: Loaded 7668 advancements
[10May2026 17:34:09.573] [Server thread/INFO] [net.minecraft.advancements.AdvancementTree/]: Loaded 7669 advancements
[10May2026 17:34:09.573] [Server thread/INFO] [net.minecraft.advancements.AdvancementTree/]: Loaded 7670 advancements
[10May2026 17:34:09.573] [Server thread/INFO] [net.minecraft.advancements.AdvancementTree/]: Loaded 7671 advancements
[10May2026 17:34:09.573] [Server thread/INFO] [net.minecraft.advancements.AdvancementTree/]: Loaded 7672 advancements
[10May2026 17:34:09.573] [Server thread/INFO] [net.minecraft.advancements.AdvancementTree/]: Loaded 7673 advancements
[10May2026 17:34:09.574] [Server thread/INFO] [net.minecraft.advancements.AdvancementTree/]: Loaded 7674 advancements
[10May2026 17:34:09.574] [Server thread/INFO] [net.minecraft.advancements.AdvancementTree/]: Loaded 7675 advancements
[10May2026 17:34:09.574] [Server thread/INFO] [net.minecraft.advancements.AdvancementTree/]: Loaded 7676 advancements
[10May2026 17:34:09.574] [Server thread/INFO] [net.minecraft.advancements.AdvancementTree/]: Loaded 7677 advancements
[10May2026 17:34:09.574] [Server thread/INFO] [net.minecraft.advancements.AdvancementTree/]: Loaded 7678 advancements
[10May2026 17:34:09.575] [Server thread/INFO] [net.minecraft.advancements.AdvancementTree/]: Loaded 7679 advancements
[10May2026 17:34:09.575] [Server thread/INFO] [net.minecraft.advancements.AdvancementTree/]: Loaded 7680 advancements
[10May2026 17:34:09.575] [Server thread/INFO] [net.minecraft.advancements.AdvancementTree/]: Loaded 7681 advancements
[10May2026 17:34:09.575] [Server thread/INFO] [net.minecraft.advancements.AdvancementTree/]: Loaded 7682 advancements
[10May2026 17:34:09.575] [Server thread/INFO] [net.minecraft.advancements.AdvancementTree/]: Loaded 7683 advancements
[10May2026 17:34:09.576] [Server thread/INFO] [net.minecraft.advancements.AdvancementTree/]: Loaded 7684 advancements
[10May2026 17:34:09.576] [Server thread/INFO] [net.minecraft.advancements.AdvancementTree/]: Loaded 7685 advancements
[10May2026 17:34:09.665] [Server thread/ERROR] [io.wispforest.lmft.LMFTCommon/]: [Load My F***ing Tags]: It seems that some tags are a bit cooked. Look at the Logs for more details on broken functions. 
[10May2026 17:34:09.690] [Server thread/INFO] [net.minecraft.server.MinecraftServer/]: RAKNAROZ joined the game
[10May2026 17:34:09.881] [Server thread/INFO] [com.loadingprotection.LoadingProtectionMod/]: [LoadingProtection] onPlayerLogin event fired!
[10May2026 17:34:09.882] [Server thread/INFO] [com.loadingprotection.LoadingProtectionMod/]: [LoadingProtection] Player RAKNAROZ logged in, protection active for 30 seconds
[10May2026 17:34:09.906] [Server thread/INFO] [xaero.pac.OpenPartiesAndClaims/]: Updating all forceload tickets for ae1068d8-f8f5-35cb-8dbe-4cb6ca8ed1e9
[10May2026 17:34:09.937] [Server thread/INFO] [dmr/]: Player logged in, syncing server configs
[10May2026 17:34:09.954] [Server thread/INFO] [com.yanny.ali.network.AbstractServer/]: Started syncing loot info to RAKNAROZ
[10May2026 17:34:09.955] [Server thread/INFO] [com.yanny.ali.network.AbstractServer/]: Finished syncing loot info to RAKNAROZ
[10May2026 17:34:09.996] [Server thread/WARN] [net.minecraft.server.MinecraftServer/]: Can't keep up! Is the server overloaded? Running 4978ms or 99 ticks behind
[10May2026 17:34:10.026] [Server thread/INFO] [Chunk Activity Tracker/]: Loading data for 8764 chunks for filePath './world/chunk_activity_info/overworld.dat' took 25 milliseconds
[10May2026 17:34:10.054] [Server thread/INFO] [Chunk Activity Tracker/]: Saving data for 8764 chunks for dimension 'overworld' took 27 milliseconds
[10May2026 17:34:10.419] [Server thread/INFO] [com.cupboard.Cupboard/]: Loaded config for: smoothmovement.json
[10May2026 17:34:10.440] [Server thread/INFO] [pingwheel/]: Channel update: RAKNAROZ -> default
[10May2026 17:34:10.440] [Server thread/INFO] [com.b1n_ry.yigd.Yigd/]: Priority overwritten for player RAKNAROZ. Claiming: GRAVE / Robbing: INVENTORY
[10May2026 17:34:10.797] [Server thread/WARN] [mixin/]: @ModifyConstant conflict. Skipping packetfixer.v1_20_5.neoforge.mixins.json:v1_20_5_neoforge.ClientboundLevelChunkPacketDataMixin from mod packetfixer->@ModifyConstant::packetfixer$newSize(I)I with priority 1000, already redirected by connectivity.mixins.json:ClientBoundLevelChunkPacketDataLimitMixin from mod connectivity->@ModifyConstant::modifyLimit(I)I with priority 1000
[10May2026 17:34:23.421] [Server thread/INFO] [com.loadingprotection.LoadingProtectionMod/]: Loading protection disabled because you moved. (player RAKNAROZ)
[10May2026 17:39:04.441] [Server thread/INFO] [Chunk Activity Tracker/]: Saving data for 8764 chunks for dimension 'overworld' took 34 milliseconds
[10May2026 17:44:04.391] [Server thread/INFO] [Chunk Activity Tracker/]: Saving data for 8764 chunks for dimension 'overworld' took 34 milliseconds
[10May2026 17:44:04.423] [Server thread/INFO] [AllTheLeaks/]: Listing events...
[10May2026 17:44:04.424] [Server thread/INFO] [AllTheLeaks/]: Listing memory leaks so far...
[10May2026 17:44:04.425] [Server thread/INFO] [AllTheLeaks/]: Waiting to stabilize [2/10]
[10May2026 17:44:04.425] [Server thread/INFO] [AllTheLeaks/]: No memory leak detected!
[10May2026 17:49:04.350] [Server thread/INFO] [Chunk Activity Tracker/]: Saving data for 8764 chunks for dimension 'overworld' took 19 milliseconds
[10May2026 17:54:04.328] [Server thread/INFO] [Chunk Activity Tracker/]: Saving data for 8764 chunks for dimension 'overworld' took 20 milliseconds
[10May2026 17:54:04.375] [Server thread/INFO] [AllTheLeaks/]: Listing events...
[10May2026 17:54:04.375] [Server thread/INFO] [AllTheLeaks/]: Listing memory leaks so far...
[10May2026 17:54:04.379] [Server thread/INFO] [AllTheLeaks/]: B: 1339MB / C: 1341MB / Diff: +2MB
[10May2026 17:54:04.379] [Server thread/INFO] [AllTheLeaks/]: No memory leak detected!
